modId:ID,name,version,author,pzVersion,description,:LABEL
ssr-core,SSR: Core,2025_12_15,Oneline,42.13,This mod ensures compatibility between other modules of SSR modpack,Mod
AxesRecrafting,Axe's Recrafting [Build 42],,Shokin_Dev,,Recrafting broken axes,Mod
2256623447/firearmmodbeta,Firearms B42 Beta,42-5.5.0,Hyzo,42.14.0,"3D Models for attachments such as slings, recoil pads and bipods. <LINE>",Mod
firearmmodbeta,Firearms B42 Beta,42-5.6.0,Hyzo,42.16.0,"3D Models for attachments such as slings, recoil pads and bipods. <LINE>",Mod
2256623447/firearmmod,Firearms B42,42-5.5.0,Hyzo,42.14.0,"3D Models for attachments such as slings, recoil pads and bipods. <LINE>",Mod
firearmmod,Firearms B42,42-5.6.0,Hyzo,42.16.0,"3D Models for attachments such as slings, recoil pads and bipods. <LINE>",Mod
2256623447/firearmmodvanilla,Firearms B42 - Vanilla,42-1.0.1,Hyzo,42.14.0,<TEXT>Use this if you're ok with the guns that exist in regular Zomboid and how they handle. Because this only changes how they look. Now stop asking what this does.,Mod
firearmmodvanilla,Firearms B42 - Models Only,42-1.0.1,Hyzo,42.16.0,<TEXT>Use this if you're ok with the guns that exist in regular Zomboid and how they handle. Because this only changes how they look. Now stop asking what this does.,Mod
Tactical Weapons,Tactical Weapons,,,42.13.0,Add Tactical Weapons 42.13 compatible,Mod
SwapIt,SwapIt,,Chuckleberry Finn & Nurver,,Individual hotslots can be toggled via options menu.,Mod
91range,'91 RANGE ROVER Classic,,KI5,42.13.0,"This mod adds RANGE ROVER Classic, SUV from 1991",Mod
DynamicTraits,Dynamic Traits and Expanded Moodles,,PepperCat,42.0.0,- Some new funtionalities such as overdose. <LINE>,Mod
SpnHair,Spongie's Hair,29,Spongie,,Adds 80 new hairstyles. REQUIRES FLUFFY HAIR,Mod
42Grapeseed,Grapeseed [Redesigned for Build 42],,,42.0.0,"Grapeseed, nestled northwest of Rosewood, has evolved from humble beginnings into a vibrant, gentrified town centered around Highway 60, opening it up to all of Knox Country. It offers a blend of modern luxury and historical charm.",Mod
67commando,'67 M706 Cadillac Gage Commando V100,,KI5,42.13.0,This mod adds M706 Cadillac Gage Commando V100 APC,Mod
SkillRecoveryJournal,Skill Recovery Journal,,Chuckleberry Finn,42.16,WARNING: If you're attempting to add this to an on-going save make sure to enable it under 'Load' > 'More...' >,Mod
NoVanillaStoriesKI5+Filibuster,No Vanilla Vehicles - Stories (KI5+Filibuster),1.1,,42.0.0,"Replaces vanilla vehicle stories with modded vehicles. (KI5, Filibuster, + Others)",Mod
NoVanillaStoriesKI5,No Vanilla Vehicles - Stories (KI5),1.1,,42.0.0,Replaces vanilla vehicle stories with ONLY KI5 Vehicles.,Mod
P4HasBeenRead,Has Been Read,3.3.0,PePePePePeil,42.15.0,Easy help for searching unread books.,Mod
KillCount,Kill Count,1.35,Tchernobill,42.0.0,Adds the fire kills to Character Sheet weapon kill counter and a Kills tab to detail weapon kills.,Mod
CompatibleWeaponAccessories,Compatible Weapon Accessories,2.0,,42.0.0,兼容的武器配件,Mod
86oshkoshP19A,'86 Oshkosh P19A + Military Trailers,,KI5,42.13.0,This mod adds Oshkosh P19A Trucks and Military trailers,Mod
P4AddictedToWeight,Addicted To Weight,1.21.0,PePePePePeil,42.15.0,Display weight information on digital watch panel.,Mod
82oshkoshM911,'82 Oshkosh M911,,KI5,42.13.0,This mod adds Oshkosh M911 Semi-Trailer Truck and 5 Semi-Trailers,Mod
MattSimpleAddonsFriuts,Wild Fruits,1.0.1,Matusz27,42.13,Adds additional wild fruits that can be found in Kentucky,Mod
isoContainers,Containers!,,KI5,42.13.0,"This mod adds ISO Containers, that's it!",Mod
bikinitools,bikinitools v53.1 [B42],,bikinihorst,,"This is a collection of things I find useful and / or lacking while playing or to help with some annoying things, mostly while in Debug mode. It will be expanded with new things as I see fit and I wanted to share it with the community.",Mod
92amgeneralM998,'92 AM General M998 + M101A3 Trailer,,KI5,42.13.0,"This mod adds AM General M998, HMMWV from 1992 with M101A3 Cargo Trailer",Mod
92amgeneralM998extra,'92 AM General M998 + M101A3 Trailer Extra Textures,,KI5,42.0.0,This mod adds extra textures to AM General M998 and M101A3 Cargo Trailer,Mod
Improved_Blood_Ffects,Improved Blood Effects,,,,Makes blood realistic,Mod
SpnCloth,Spongie's Clothing,21,Spongie,,cool clothes,Mod
MoreDescriptionForTraits42,More Description for Traits [42.0],,,,"Adds more details to the description of most traits, explaining their effects intead of leaving the player guessing. Also displays the descriptions on the character's info screen, in game.",Mod
vacsdrinks,Vac's Drinks,,,,Adds a couple drinks to zomboid.,Mod
Military_Tool_Kit,Military Tool Kit,,Papa_Chad,,"This mod adds support for adding vehicles with tracks, armor, mounted machine guns, cannons and much more",Mod
U.S.M113_APC_by_Papa_Chad,U.S. M113 APC by Papa_Chad,,Papa_Chad,,"This mod adds M113 APC with animated tracks. To work, you need the mod ""Military Tool Kit""",Mod
CosplayShop,Cosplay商店(B42),,烟雨陌兮,,Cosplay服装可在合成表里购买（Cosplay clothing can be purchased in the making list）,Mod
NoLighterNeeded,I Don't Need A Lighter,42-1.0.0,Fingbel,42.0.0,So you're telling me I can't light up a cigarette on a wood stove ?,Mod
P4VideoMeister,Video Meister,1.8.1,PePePePePeil,42.15.0,Ask me about all of VHS!,Mod
VehicleSalvageOverhaulB42,Vehicle Salvage Overhaul [build 42],,"hehehemann, SP4RTAN",42.12.0,Vehicle Salvage Overhaul for Project Zomboid Build 42,Mod
VehicleRepairOverhaul,Vehicle Repair Overhaul [build 42],,"hehehemann, SP4RTAN",42.14,Vehicle Repair Overhaul for Project Zomboid Build 42,Mod
P4TidyUpMeister,Tidy Up Meister,1.37.0,PePePePePeil,42.15.0,Automatically returns to the original equipment when the operation is completed.,Mod
ECTO1,'59 Cadillac Miller-Meteor ECTO-1,,KI5,42.0.0,This mod enables spawns for '59 Cadillac Miller-Meteor ECTO-1 variant from Ghost Busters,Mod
59meteor,'59 Cadillac Miller-Meteor,,KI5,42.13.0,This mod adds Cadillac Miller-Meteor from 1959,Mod
YakiHRB42,Yaki's Hair Retexture - B42,,,,,Mod
ssr-quests-e2,SSR: Quest System (NPCs Extension 2),2025_12_15,Oneline,42.13,"Command pack for SSR: Quest System, that allows to create static (mannequin) NPCs and interact with them.",Mod
ssr-quests,SSR: Quest System,2025_12_15,Oneline,42.13,"SSR: Quest System is a framework that allows creating complex quests with nonlinear dialogues and multiple endings. Limited only by person's creativity and game capabilities, it provides a set of APIs and flexible custom scripting language that can be easily expanded with new commands, quest tasks, etc. Works both in singleplayer and multiplayer. Mod is still in development. This WIP build is only for testers, selected by me. Join my discord server to follow the updates: https://discord.gg/UKcbcwXjyX",Mod
ssr-quests-e3,SSR: Quest System (Trade Plugin),2025_12_15,Oneline,42.13,"Plugin for SSR: Quest System, that implements barter with NPCs.",Mod
ssr-quests-e1,SSR: Quest System (NPCs Extension 1),2025_12_15,Oneline,42.13,"Command pack for SSR: Quest System, that allows to create static (sprite) NPCs and interact with them.",Mod
78amgeneralM35A2extra,'78 AM General M35 Series Trucks Extra Textures,,KI5,42.0.0,This mod adds extra textures to AM General M35 Series Trucks,Mod
78amgeneralM49A2C,'78 AM General M49A2C,,KI5,42.0.0,"This mod enables spawns for AM General M49A2C, Gas Tanker from 1978. It does not have fuel storage capability yet.",Mod
78amgeneralM62,'78 AM General M62 Wrecker,,KI5,42.0.0,"This mod adds AM General M62, Wrecker from 1978. It will work on its own but for better towing experience and a bunch of really nice features I recommend using Tow Truck mod with it.",Mod
78amgeneralM35A2,'78 AM General M35 Series Trucks,,KI5,42.13.0,"This mod adds AM General M35 Series, Deuce and a Half Trucks from 1978",Mod
78amgeneralM50A3,'78 AM General M50A3 Water Tanker,,KI5,42.0.0,"This mod enables spawns for AM General M50A3, Water Tanker from 1978. It does not have water storage capability yet.",Mod
DRAW_ON_MAP,Draw On The Map,,,42.13,Adds the ability to freely draw on the map!,Mod
84merc,'84 Mercedes Benz W460,,KI5,42.13.0,"This mod adds Mercedes Benz W460, SUV from 1984",Mod
83amgeneralM923,'83 AM General M923 Hillbilly,,KI5,42.0.0,"This mod adds AM General M923 Hillbilly, from 1983",Mod
83amgeneralM923extra,'83 AM General M923 Hillbilly Extra Textures,,KI5,42.0.0,This mod adds extra textures to AM General M923 Hillbilly,Mod
SpnOpenCloth,Spongie's Open Jackets,14,Spongie,,New ways to wear clothes,Mod
ChunkList,Chunk list tool v11 [B42],,bikinihorst,,Allows creation of chunk lists from within the game. The lists are saved in Zomboid/Lua,Mod
PertsPartyTiles,Perts Party Tiles,,,42.0.0,,Mod
SimpleOverhaulTraitsAndOccupations,Simple Overhaul: Traits and Occupations (SOTO),1,,,"This global mod changes traits and occupations from vanilla game, also adds new ones.",Mod
Chestown,Chestown,,poopmans,42.0.0,Enable this to add Chestown to your game.,Mod
CytU1550L,'90 Mercedes-Benz Unimog U1550L,,,,Mercedes-Benz Unimog U1550L,Mod
mld_mhish,MLD My home is your home!,,,42.18,<LINE><TEXT> Модификация позволяет игроку вступить в более чем один Safehouse.,Mod
92nissanGTR,'92 NISSAN Skyline GT-R (R32),,KI5,42.13.0,This mod adds NISSAN Skyline GT-R (R32) from 1992,Mod
ProximityInventory,Proximity Inventory B42,,,,This is the description of Proximity Inventory.,Mod
BB_Utils,Braven's Utilities,1.6.0,,,This mod adds a bunch of helpful coding functions for Modders!,Mod
SM4BootsExpandedB42,Boots Expanded B42 0.5 By SgtMarkIV,42-0.5.0,SergeantMarkIV,42.14.0,"Makes all vanilla shoes have 3D models and more unique stats, more descriptive details, also adds some new rare shoes.",Mod
SM4BootsExpandedVanillaONLY,Boots Expanded II B42 0.1 By SgtMarkIV (Vanilla Version),42-1.0.0,SergeantMarkIV,41.0.0,"Makes all vanilla shoes have 3D models and more unique stats, also adds a large variety of new shoes, matching 90s typical fashion style and metal, punk, and goth subcultures.",Mod
SM4BootsExpandedB42VanillaONLY,Boots Expanded B42 0.4 By SgtMarkIV (Vanilla Version),42-1.0.0,SergeantMarkIV,42.0.0,"Makes all vanilla shoes have 3D models. This is the Vanilla version, which adds no new shoes and no stats changes.",Mod
MoodleFrameworkOBSOLETE,MoodleFrameworkOBSOLETE,,,,This mod is only for B41. Use instead MoodleFramework with id=3396446795 on steam workshop for B42+.,Mod
MiniHealthPanel,Mini Health Panel,1.6.1.42,Speedy Von Gofast,42.13,A minimalistic wounds display without the need to open the health panel. Disappear when no wound need to be treated.,Mod
simpleStatus,Simple Status,2.260303.1,,,Display the player's status in the form of bar chart values; Make everything simple.,Mod
86fordE150pd,'86 Ford Econoline E150 Payday Escape Van,,KI5,42.0.0,This mod enables spawns for Payday Escape van variant,Mod
86fordE150dnd,'86 Ford Econoline E150 Mutt Cutts van,,KI5,42.0.0,This mod enables spawns for Ford Econoline E-150 Mutt Cutts van variant from Dumb and Dumber,Mod
86fordE150expanded,'86 Ford Econoline E150 Expanded,,KI5,42.0.0,This submod adds 50+ new variants for Ford Econoline E-150,Mod
86fordE150,'86 Ford Econoline E150,,KI5,42.13.0,"This mod adds Ford Econoline E-150, a van from 1986",Mod
86fordE150mm,'86 Ford Econoline E150 Mystery Machine,,KI5,42.0.0,This mod enables spawns for The Mystery Machine van variant from Scooby Doo,Mod
70dodge,'70 Dodge Challenger,,KI5,42.13.0,"This mod adds Dodge Challenger, a muscle car from 1970",Mod
Lingering Voices,Lingering Voices,,,42.0.0,Description Of Mod Here,Mod
BB_CommonSense,Common Sense,3.3.5,BitBraven,,This mod adds a variety of Quality of Life improvements to the game!,Mod
melos_tiles_for_miles_pack,Melos Tiles For Miles,1.0,MelosTiles,42.0.0,Melo's tiles to run Melo's maps or to use in servers.,Mod
POM,PlayersOnMap,,,,Will show players on a map and minimap,Mod
hideVanillaReadIcon,Known And Collected - Hide vanilla read icon,42.1,,42.0.0,Hides vanilla read icon so there will be no marks on read items only on unread,Mod
KnownAndCollected,Known And Collected,42.9,,42.0.0,"Mark known and collected books, VHS or CDs.",Mod
OLTranslation,源点·模组中文汉化包,,源点,42.10.0,<H4><RED>若想使用本模组翻译文本，请先加载其他汉化合集，最后再加载本汉化合集。,Mod
82jeepJ10,'82 Jeep J10,,KI5,42.13.0,"This mod adds Jeep J10, pickup truck from 1982",Mod
82jeepJ10t,'82 Jeep J10 Mellow Yellow,,KI5,42.0.0,This mod enables spawns for Jeep J10 Mellow Yellow pickup variant from Twister,Mod
88chevyS10,'88 Chevrolet S10,,KI5,42.13.0,"This mod adds Chevrolet S10, pickup truck from 1988",Mod
89fordBronco,'89 Ford Bronco,,KI5,42.13.0,"This mod adds Ford Bronco, pickup truck from 1989",Mod
P4PumpPury,Pump Pury,2.6.1,PePePePePeil,42.15.0,Pump Pump Pump!,Mod
SimpleShowXP,Simple Show XP,,,42.17,"This is a simple mod that show's XP Gain and Loss, based on the Show Skill XP Gain.",Mod
errorMagnifier,errorMagnifier,,Chuckleberry Finn,42.15,"Strictly for debugging purposes, creates in-game popups to make error reporting clear and easy.",Mod
97bushmaster,'97 ADI Bushmaster,,KI5,42.13.0,"This mod adds ADI Bushmaster, PMV",Mod
49powerWagon,'49 Dodge Power Wagon Crew Cab,,KI5,42.13.0,"This mod adds Dodge Power Wagon Crew Cab, pickup truck from 1949",Mod
REORDER_CONTAINERS,Reorder Containers,,,,Allows you to click and drag on containers to reorder them in the inventory.,Mod
REORDER_THE_HOTBAR,Reorder The Hotbar,,,,Allows you to click and drag on the hotbar to rearrange it.,Mod
BetterCarPhysics,Better Car Physics,1.2,Neidmare,41.0,"Overhauls Car Physics to be more realistic. Requires additional installation steps, see workshop page.",Mod
70barracuda,'70 Plymouth Barracuda,,KI5,42.13.0,"This mod adds Plymouth Barracuda, a muscle car from 1970",Mod
EvolvingTraitsWorld,Evolving Traits World (ETW),12.0.2,MusicManiac,42.18,"Makes majority of vanilla traits dynamic (meaning you can earn them as you play). Additionally, adds a few traits, making all of them (optionally) dynamic.",Mod
CedarHill,Cedar Hill,0.1,TryHonesty,42.0,"Cedar Hill is a quiet town with polite streets and old stones. But the ground remembers, and some doors were sealed for a reason. <LINE> <LINE> Who knows what the outskirts still whisper to the living.",Mod
ReloadAllMagazines,Reload All Magazines,,,,Adds an option to the right click context menu to load all magazines of the selected type.,Mod
93townCar,'93 Lincoln Town Car,,KI5,42.0.0,This mod adds Lincoln Town Car and the Limo variant from 1993,Mod
89trooper,'89 Isuzu Trooper,,KI5,42.13.0,"This mod adds Isuzu Trooper, SUV from 1989",Mod
69mini_MrBean,'69 Mini Mk2 Mr Bean,,KI5,42.0.0,This mod adds spawns for Mr Bean's Mini,Mod
69mini,'69 Mini Mk2,,KI5,42.13.0,This mod adds Mini Mk2 from 1969,Mod
69mini_ItalianJob,'69 Mini Mk2 Italian Job,,KI5,42.0.0,This mod adds spawns for Italian Job Minis,Mod
69mini_PitbullSpecial,'69 Mini Mk2 Pitbull Special,,KI5,42.0.0,This mod adds spawns for Pitbull Special Mini,Mod
FWOBenchPress&Treadmill,FWO Working Bench Press & Treadmill,,Codename280,,Adds 2 new workout options: a working treadmill and functioning benchpress (bring your own barbell).,Mod
FWOFitnessWorkoutOverhaul,FWO Fitness Workout Overhaul,,Codename280,,"Get a bonuses for regularity,average regularity, perk level,not sufforing from muscle soreness, spacing out your workouts (promotes regular spaced out sessions)",Mod
90pierceArrow,'90 Pierce Arrow Pumper,,KI5,42.13.0,This mod adds Pierce Arrow Pumper from 1990,Mod
ReplaceBandage,Replace Bandage,1.0.7,Sioyth,42.13.0,"Are you tired of the tedious process of removing old dirty bandages and then applying new ones in Project Zomboid? Do you wish there was an easier way to manage your injuries and stay healthy in the game? Look no further than the ""Replace Bandage"" mod!",Mod
RiskyInspectWeapon,Inspect Weapon,,,,"A better HUD for inspecting your weapon, instead of scrolling to your equipped section and look at the tooltip",Mod
EQUIPMENT_UI,Equipment UI,,,,A Tarkov/STALKER style equipment interface for Zomboid.,Mod
90fordF350ambulance,'90 Ford F350 Ambulance Type 1,,KI5,42.13.0,"This mod adds Ford F350, Type 1 Ambulance from 1990",Mod
RainCleansBlood,Rain Cleans Blood,2,Akamir,42.0.0,Tired of zombies splattering their brains all over your pretty lawn? Well no more! Just wait for some rain or snow and watch it all fade away.,Mod
AnotherVehicleClaimSystemCraft,Another Vehicle Claim System Craft,,Lu5ck,42.15,Add crafting for Mysterious Vehicle Claim Orb,Mod
AnotherVehicleClaimSystemAddonContainersAccess,Another Vehicle Claim System Addon - Containers Access,,Lu5ck,42.15,"Another Vehicle Claim System Addon, check for containers access, this will increase client overhead aka consume additional CPU resources",Mod
AnotherVehicleClaimSystem,Another Vehicle Claim System,,Lu5ck,42.15.2,"Another Vehicle Claim System, it can conflict with other Vehicle Claim mods",Mod
AnimSync,Syncing vehicle animations B42,,,42.13.0,Syncing vehicle animations.,Mod
92fordCVPI,'92 Ford Crown Victoria Police Interceptor,,KI5,42.13.0,This mod adds Ford Crown Victoria Police Interceptor from 1992,Mod
Louisville_River_Marina,Louisville River Marina,2.0.3,Erika,42.0.0,"A large marina in the northwest part of Louisville. The marina has a convenience store, gas pumps, gated docks, boat slips and floating cabins.",Mod
FastForward,Fast Forward,,,,This mod adds option to fast forward time in multiplayer.,Mod
93fordElgin,'93 Ford CF8000 Elgin Street Sweeper,,KI5,42.13.0,"This mod adds Ford CF8000 Elgin, Street Sweeper from 1993",Mod
TargetSquareOnLoad,Target Square: On Load Commands,,,,"Simple way to trigger functions when the square is loaded, without every mod performing same checks multiple times.",Mod
ISA,Immersive Solar Arrays [BETA],24.0.2,"RadX5, Poltergeist",42.0,Immersive Solar Arrays (ISA) adds new items and lets you harvest solar power for the needs of your base!,Mod
99fordCVPI,'99 Ford Crown Victoria Police Interceptor,,KI5,42.13.0,This mod adds Ford Crown Victoria Police Interceptor from 1999,Mod
69camaro,'69 Chevrolet Camaro,,KI5,42.13.0,"This mod adds Chevrolet Camaro, a muscle car from 1969",Mod
simpleLockpicking,Simple Lockpicking,,,42.13,"Adds the ability to pick locked doors with a paperclip and a screwdriver. Right click a door and select ""Pick Lock"" to do so. Also works on vehicles, pick a door in the vehicle radial menu.",Mod
69Riviera,'69 Buick Riviera,1.9b,Salaymar/denoises,42.0.0,This mod add Buick Riviera 1969 / Мод добавит в игру Buick Riviera 1969,Mod
LazoloDynamicBackpackUpgrades,Dynamic Backpack Upgrades (B42.15+),1.0.1,Dr. Lalaoz/Harrod200/Lenniitsch,42.15,Backpack Upgrades,Mod
ComfySleeping,ComfySleeping,3.1.3,Fluffy89,42.16,"Adds a comfort mechanic to sleeping, so the sleepwear you have on while sleeping helps or hinders sleep quality!",Mod
93mustangSSP,'93 Ford Mustang,,KI5,42.13.0,This mod adds Ford Mustang from 1993,Mod
ZombiesHearYourMicrophone,Zombies Hear Your Microphone,,Chuckleberry Finn,42.0,Zombies can hear your microphone/proximity chat.,Mod
63beetle,'63 Volkswagen 1300 Beetle,,KI5,42.13.0,"This mod adds Volkswagen 1300 Beetle, from 1963",Mod
91geoMetro,'91 Geo Metro,,KI5,42.13.0,This mod adds Geo Metro from 1991,Mod
AMMS_Standalone,Add More Map Symbols (AMMS),42-1.0.5,Golem,42.0.0,Мод додає нові іконки. Має власні вкладки додані в гру в 42 білді. Функціонально відрізняеться від моду для 41 білда.,Mod
KuromiBackpack,Hello Kitty Backpacks,,,,"Adds the Hello Kitty and Kuromi backpacks to Zomboid. Can be found in clothing stores, womens wardrobes and most commonly school lockers.",Mod
67gt500,'67 Shelby GT500 + Eleanor,,KI5,42.13.0,"This mod adds Shelby GT500, a muscle car from 1967",Mod
89dodgeCaravan,'89 Dodge Caravan,,KI5,42.13.0,"This mod adds Dodge Caravan, a minivan from 1989",Mod
tikitown,Tikitown (B41/B42),,,42.0.0,The modded map Tikitown,Mod
TikitownPower,Tikitown Power Plant,,,42.0.0,"Bring Knox County back online with a fully functional coal power plant featuring deep repair mechanics, rare technical manuals, and a player-controlled power grid.",Mod
63Type2Van,'63 Volkswagen Type 2 Van,,KI5,42.13.0,"This mod adds Volkswagen Type 2, van from 1963",Mod
FunctionalAppliances2,Functional Appliances 2,,Norby007,42.15,"Making useless items usable, popcorn machines and more version B42!",Mod
FixBlowTorchPropaneTank,Fix BlowTorch & PropaneTank,,,,프로판 통 1씩 소모가 되니 주의! <LINE>,Mod
tikitown_tiles,Drazion's Tilepack,,Drazion,42.0.0,Tileset used in Tikitown Map,Mod
BB_Achievements,Braven's Achievements,1.3.0,BitBraven,,This mod adds various Achievements to the game! Can you get them all?,Mod
87toyotaMR2,'87 Toyota MR2,,KI5,42.13.0,This mod adds Toyota MR2 from 1987,Mod
93fordF350,'93 Ford F-Series,,KI5,42.13.0,This mod adds Ford F-Series trucks from 1993,Mod
ChuckleberryFinnAlertSystem,Mod Update and Alert System,,Chuckleberry Finn,42.15,Utility mod used for news and updates.,Mod
93fordTaurus,'93 Ford Taurus,,KI5,42.13.0,This mod adds Ford Taurus from 1993,Mod
87fordB700,'87 Ford B700/F700 Trucks,,KI5,42.13.0,This mod adds Ford B700 Bus and F700 Trucks from 1987,Mod
90bmwE30,'90 BMW 3 Series (E30),,KI5,42.13.0,This mod adds BMW 3 Series (E30) from 1990,Mod
Optimal,Every Texture Optimized – Optimal mode,4.2.0,maceleet,42.11.0,"<RGB:0.71,0.11,0.13> 7500 LIKES – ABSOLUTELY LOSSLESS OPTIMIZATION! <LINE> <RGB:1.0,0.99,0.93> Near-lossless version, the “sweet spot” for those who want the maximum in texture quality and performance. <LINE> The mod supports multiplayer, but you need to install it MANUALLY (before overwriting game files, BE SURE TO MAKE A BACKUP) <LINE> If you encounter a problem please write in: <RGB:0.25,0.83,0.24> [B42] Feedback <LINE>  <LINE> <RGB:0.75,0.64,0.37> P.S: STEAM POINTS and LIKES still the best way to thank me <3",Mod
Performance,Every Texture Optimized – Performance mode,4.2.0,maceleet,42.11.0,"<RGB:0.71,0.11,0.13> 7500 LIKES – ABSOLUTELY LOSSLESS OPTIMIZATION! <LINE> <RGB:1.0,0.99,0.93> Lossy version, for Laptops and Weak PCs where important to squeeze out maximum performance, but at the same time play on decent texture quality. <LINE> The mod supports multiplayer, but you need to install it MANUALLY (before overwriting game files, BE SURE TO MAKE A BACKUP) <LINE> If you encounter a problem please write in: <RGB:0.25,0.83,0.24> [B42] Feedback <LINE>  <LINE> <RGB:0.75,0.64,0.37> P.S: STEAM POINTS and LIKES still the best way to thank me <3",Mod
Taylorsville,Taylorsville,2.0.4,Erika,42.0.0,"Taylorsville is a town located south on the Ohio River, west of West Point. The town is based on the real-life town of Taylorsville, KY.",Mod
clairemodpack,Claire's modpack,,,,"Modpack for server, works with 42.16.3+ version",Mod
93chevySuburban,'93 Chevrolet Suburban / Silverado,,KI5,42.13.0,This mod adds Chevrolet Suburban and Silverado trucks from 1993,Mod
93chevySuburbanExpanded,'93 Chevrolet Suburban / Silverado Expanded,,KI5,42.0.0,This submod adds 20+ new variants for Chevrolet Suburban / Silverado,Mod
76chevyKseries,'76 Chevrolet K series,,KI5,42.13.0,This mod adds Chevrolet K Series trucks from 1976,Mod
damnlib,that DAMN Library,0.9862b,KI5/bikinihorst,42.17.0,Asset library required by all KI5 mods,Mod
P4MedicalMeister,Medical Meister,1.9.0,PePePePePeil,42.0.0,"By clicking the Moodle icon, the appropriate action will be immediately executed.",Mod
87chevySuburban,'87 Chevrolet Suburban,,KI5,42.13.0,"This mod adds Chevrolet Suburban, Truck from 1987",Mod
P4Decoholic,Decoholic,1.17.0,PePePePePeil,42.15.0,You will be able to select the overlay graphic of the furniture.,Mod
75grandPrix,'75 Pontiac Grand Prix,,KI5,42.13.0,This mod adds Pontiac Grand Prix from 1975,Mod
PZKCarzoneWorkshop,PZK Carzone DIY Workshop [B42],1.20,Peter Hammerman,,"PZK VLC Carzone workshop [B42]<LINE><RGB:1,0.6,0.2>Made for Build 42.0  <RGB:0.3,1,0.6><LINE><LINE>Mod adds frameworks and mechanic functionalities<LINE>and car maintenance.<LINE><LINE>Current functionalities:<LINE><LINE>- remove rust vehicle with ripped sheet and solvent<LINE><LINE><LINE>",Mod
PZKExtendedVehicleZones,PZK Extended vehicle zones [B42],1.20,Peter Hammerman,,"PZK VLC Extended vehicle zones [B42]<LINE><RGB:1,0.6,0.2>Made for Build 42.0  <RGB:0.3,1,0.6><LINE><LINE>Mod adds new vehicle zones to map like farming equipment, music festivals, gang spawns, hearses, bank trucks etc. This mod includes Tread's Military Vehicle Zone Defs made by Trealak, remade to work with 42.0 <LINE>",Mod
PzkVanillaPlusCarPack,PZK Vanilla Plus Car Pack,42.14,Peter Hammerman,,PZK Vanilla Plus Car Pack,Mod
87buickRegal,'87 Buick Regal,,KI5,42.13.0,This mod adds Buick Regal from 1987,Mod
80manKat1,'80 MAN KAT1,,KI5,42.0.0,This mod adds MAN KAT1 Truck from 1980,Mod
mapcursorcord,Map Coordinates Location Cursor Tooltip [B41/B42],,Vorshim92,42.15,This mod add a tooltip on cursor when you open the map. showing the coordinates! and enable cell grid also for the user!,Mod
81deloreanDMC12,'81 DeLorean DMC-12,,KI5,42.13.0,This mod adds DeLorean DMC-12 from 1981,Mod
81deloreanDMC12BTTF,'81 DeLorean DMC-12 Time Machine,,KI5,42.0.0,This mod enables spawns for Time Machine DeLorean DMC-12 from BTTF,Mod
68firebird,'68 Pontiac Firebird,,KI5,42.13.0,This mod adds Pontiac Firebird from 1968,Mod
Bandits2,Bandits,,Slayer,,"<RED>V2 incompatibile with previous versions, best to start new world",Mod
RemoveHairChangeRestrictions,Remove Hair Change Restrictions,,,,,Mod
ClothingLine,Functioning Clothing line,1.1.1,gunslinger,42.13,makes it so you can dry clothes on a clothing line,Mod
92jeepYJJP18,'92 Jeep Wrangler YJ JP18,,KI5,42.0.0,This mod enables spawns for Jeep Wrangler YJ JP18 from Jurassic Park,Mod
92jeepYJ,'92 Jeep Wrangler YJ,,KI5,42.13.0,This mod adds Jeep Wrangler YJ from 1992,Mod
89volvo200,'89 Volvo 200 Series,,KI5,42.13.0,This mod adds Volvo 200 Series from 1989,Mod
animeshader,Anime Shader,1.0.0,LazyCat,42.0.0,Reduced Lighting Effects,Mod
StandardizedVehicleUpgrades3V,Standardized Vehicle Upgrades 3 - Vanilla,,,,Just a set of basic upgrades for cars.,Mod
GanydeBielovzki's Frockin Splendor!,Frockin Splendor!,,GanydeBielovzki,,An entire clothing store worth of dresses and designer dresses.,Mod
SimpleSilencers,Simple Silencers,2.0,Wyr3d,42.15.0,"Adds a suppressor for automatic handguns and rifles, and a makeshift suppressor for automatic handguns only.",Mod
KeepPerkLevel,Keep Perk Level,,,,죽어도 스킬 레벨과 경험치를 그대로 유지합니다 <LINE> <LINE>,Mod
98stagea,'98 Nissan Stagea 260RS Autech,,KI5,42.13.0,This mod adds Nissan Stagea from 1998,Mod
82firebirdKITT,'82 Pontiac Firebird Trans Am KITT,,KI5,42.0.0,This mod enables spawns for KITT and KARR variants,Mod
82firebird,'82 Pontiac Firebird,,KI5,42.13.0,This mod adds Pontiac Firebird from 1982,Mod
KI5trailers,Trailers!,,KI5,42.13.0,This mod adds a collection of lore friendly trailers,Mod
UseBeltAsWeapon,Use Belt as Weapon,1.1,,42.13.0,Use the belt as a weapon.,Mod
SPNRetextureZombieUnderwear,Spongie's Character Retexture - Zombie Underwear,,Spongie,,Zombie Retexture,Mod
SPNRetexture,Spongie's Character Retexture - Nude,,Spongie,,Human Retexture,Mod
SPNRetextureZombie,Spongie's Character Retexture - Zombie Nude,,Spongie,,Zombie Retexture,Mod
SPNRetextureUnderwear,Spongie's Character Retexture - Underwear,,Spongie,,Human Retexture,Mod
SPNRetextureCustom,Spongie's Character Retexture - Character Customisation Addon,,Spongie,42.13.1,Adds support for Spongie's Character Customisation and adds new face options,Mod
Erikas_Tiles,Erika's Tiles,2.0.3,Erika,42.0.0,Erika's custom tilepack.,Mod
77firebird,'77 Pontiac Firebird,,KI5,42.13.0,This mod adds Pontiac Firebird from 1977,Mod
mapmodmanager,Map Mod Manager,,,42.15,"Map Mod Manager is a tool for managing and organising your map mods. With a cell grid display, you can visually identify conflicts between maps, regardless of if you're subscribed to them or picked from the huge database of over 800 maps. Whether you're curating a fine collection of maps, checking your current subscriptions for conflicts or expanding your map collection, Map Mod Manager is the tool to help you do it.  <LINE> <LINE>  Interactive Cell Display: view maps on a detailed grid, highlighting selected mods to identify conflicts between themselves or vanilla areas.  <LINE> <LINE>  Toggle Mods: quickly activate or deactivate mods and their dependencies you're already subscribed to, so you don't have to go back into mods to manage them.  <LINE> <LINE>  Steam Links: subscribing to a mod is as easy as clicking on that link and subscribing - if it works with your current collection, you can update it in seconds (with a refresh of the game, of course).  <LINE> <LINE>  Dependency Check: know what mods are required with your maps, ensuring you don't miss anything essential to prevent in-game issues like missing tiles or unexpected behaviour.  <LINE> <LINE>  Export Data: the export function generates a list of selected maps, including their URL's, dependencies and multiplayer data, enabling you to quickly set up a server or share it with a mate.",Mod
B42_Gas_mask_breathing_sound,[B42]Gas mask breathing sound,,,,42Build Operation Patch,Mod
91fordLTD,'91 Ford LTD Crown Victoria,,KI5,42.13.0,This mod adds Ford LTD Crown Victoria and Country Squire from 1991,Mod
StarlitLibrary,Starlit Library,2.1.1,albion,42.15.0,Library for other mods to use. Makes no gameplay changes on its own.,Mod
82porsche911,'82 Porsche 911,,KI5,42.13.0,"This mod adds Porsche 911, from 1982",Mod
B42CNTranslate,B42汉化补全计划,,Dr.寻一,,B42汉化补全计划，半精翻后续会对汉化内容优化,Mod
HighriseClimber,HighriseClimber,,,,Climb to the top in B42,Mod
TheyKnewB42,They Knew [B42],1.1.0,Afterworlds,42.0.0,"The Knox County incident was never just an accident. THEY knew all along. THEY developed it. They just couldn't contain it. Find the ones that didn't escape, they may have medications that can help you survive!",Mod
AutoMechanics,Auto Mechanics,1.25,Tchernobill,42.0.0,Optimises the player time spent on mechanics training on one car while keeping the genuine simulation time spent.,Mod
RMFY,人民翻译,,,,祝你游戏愉快！,Mod
DetailedDescriptionsForOccupationsAndTraits,Detailed Descriptions for Occupations and Traits,1.0,Jetmax937,42.0.0,This mod provides more detailed descriptions for Occupations and Traits with values obtained directly from the game files and wiki.,Mod
BecomeBraveB42,Become Brave [B42],1.0.0,Monkey,42.0.0,"Become Brave with Sandbox Options instead of Mod Options, configurable in the sandbox settings.",Mod
AutoTailoring,Auto Tailoring,2.11,Tchernobill,42.0.0,Optimises the player time spent on tailoring training while keeping the genuine simulation time spent. <LINE> Repair and Patch from Protection Tab.,Mod
MoreKatanaB42,More Katana,0.0.1,,,"More blades, more fun!",Mod
RaccoonCityB42,RaccoonCityB42,,,,"Located to the west of muldraugh, with a map size of 2x2, in cells 33,33",Mod
B42CNExtraPatch,B42汉化补充包,,yawntee,,仅针对B42中硬编码部分文本进行汉化,Mod
AutoTurret,AutoTurret,,,,AutoTurret,Mod
AutoCook,AutoCook,1.5,Tchernobill,42.0.0,Optimises the player time spent on cooking keeping the genuine simulation time spent.,Mod
L4D2 Zombie Siege background Main Menu [21:9],L4D2 Zombie Siege background Main Menu [21:9],,,42.0.0,L4D2 Zombie Siege background Main Menu,Mod
L4D2 Zombie Siege background Main Menu [16:9],L4D2 Zombie Siege background Main Menu [16:9],,,42.0.0,L4D2 Zombie Siege background Main Menu,Mod
NoWelcomeWindow,No Welcome Window [B42.13+],,Ben.en09,42.13,No annoying welcome window,Mod
TchernoLib,TchernoLib,1.11,Tchernobill,42.0.0,Features and tools with small weight and multiple uses.,Mod
TheyKnewB42CN,They Knew [B42]汉化,1.1.0,TID,,一个汉化,Mod
Daisy County B42 version,Daisy County B42 version,,,42.0,"Daisy County is a well-known commercial town in Knox County, Kentucky, but after the disaster, when the once bustling commercial district has now turned into a hell on earth, you need to be even more careful in it! This version was made for build42 version.",Mod
Daisy County B42 version(items part),Daisy County B42 version(items part),,,42.0,"Daisy County is a well-known commercial town in Knox County, Kentucky, but after the disaster, when the once bustling commercial district has now turned into a hell on earth, you need to be even more careful in it! This mod is made for special items spawned in Daisy County.",Mod
Nettle Township B42 version,Nettle Township B42 version,,,42.0,"Nettle Township is a peaceful southern town in the United States, at least before the disaster. This version was made for build42 version！",Mod
Nettle Township B42 version(items part),Nettle Township B42 version(items part),,,42.0,"This part is made for special items,you can cancel it if you don't want to break the balance of game.",Mod
modtag,ModTag,,yawntee,,Custom mod's display name by yourself. Double click mod name to rename it.,Mod
TLK_ArizonaTea_B42,Arizona Iced Tea [B42],2.0,TaterTLK,,Adds arizona tea to chug in Build 42. yumb. yumb,Mod
DBFaster70,[B42] Drag Bodies Faster 70%,,Neighz,,Dragging Speed +70% (SELECT ONLY ONE),Mod
DBFaster50,[B42] Drag Bodies Faster 50%,,Neighz,,Dragging Speed +50% (SELECT ONLY ONE),Mod
DBFaster60,[B42] Drag Bodies Faster 60%,,Neighz,,Dragging Speed +60% (SELECT ONLY ONE),Mod
DBFaster80,[B42] Drag Bodies Faster 80%,,Neighz,,Dragging Speed +80% (SELECT ONLY ONE),Mod
Cute girl voice_solo,Cute girl voice_solo,,,42.0,"Added a new voice type, select it in the character creation interface",Mod
Cute girl voice_all vanilla,Cute girl voice_all vanilla,,,42.0,Replace all female voices in vanilla,Mod
BackpackPlusSatchels,[B42] Backpack + Satchels,1.0.1,KaliLynx,42.0.0,Wear all different satchels with all different backpacks or any wearables.,Mod
moodlesinlua,Moodles in lua,15,molecule31; Dreamweave,42.0.0,"This mod completely replaces the moodles rendering system, thus allowing hot-swappable textures and fixing several bugs of the original system. <LINE> <LINE> Without texture packs, mod will use the default textures from the original game and you can download more texures but they have to support this mod, check the steam page of this mod for more info. <LINE> <LINE> If new texture packs do not appear in the list, check the mod load order, all texture mods should be placed under Moodles In Lua to work correctly example picture can be found on the steam page of this mod.",Mod
B42ModCNTranslate,B42模组汉化补全计划,,Dr.XunYi,,B42模组汉化补全计划,Mod
ChuanDanHanHua,B42传单汉化,,,,汉化了B42游戏内100多张传单,Mod
MoodleFramework,Moodle Framework,2.5,Tchernobill,42.0,Makes it easy to add moodles for modders.,Mod
RandomClothing,Nik's Random Clothing,,,,A collection of Random Clothing.,Mod
truemusic,True Music_b42,,,42.00,,Mod
KnoxEventExpandedNpc,Knox Event Expanded NPC,0.3.28-1,,42.14,This NPC mod requires class files to be replaced. See the workshop page for instructions.,Mod
INVENTORY_TETRIS,Inventory Tetris,,,,A full grid-based inventory overhaul for Project Zomboid.,Mod
ThereGoesMyHero,There Goes My Hero,,,,Makes falling to your death a lot more fun,Mod
HideInCarB42,Hide in Car - B42 fix,,,,This mod was created by overdose.,Mod
TrueMusicJukebox,True Music Jukebox,,,42.15,"<RGB:0.7,0.7,0.7> Adds a jukebox that can play cassettes and vinyls from True Music mods! <LINE>  <LINE> Now syncs music on multiplayer! <LINE>  <LINE> Are you tired of swapping cassettes? Is the effort to find batteries for that walkman draining? Are those record player speakers just getting out of hand? <LINE>  <LINE> 1. Get True Music (and it's prerequisites) <LINE> 2. Get some music for True Music <LINE> 3. Subscribe to some good True Music track packs. <LINE> 4. Find or build yourself an epic jukebox (but don't forget electricity)! <LINE> 5. Turn it on, fill it with cassettes and vinyls, and crank it up to ELEVEN! * <LINE>  <LINE>  <RGB:1.0,0.6,0.0> How to Use Jukeboxes <RGB:0.7,0.7,0.7>  <LINE>  <LINE> To use a jukebox, simply interact with it once after finding or placing it in the world and turn it on. This will convert the jukebox into a container object, at which point you can move (or ""load"") True Music cassettes and vinyls into the jukebox. Once tracks have been loaded, you can play them using either any loaded track's inventory menu or the jukebox interaction menu. If a jukebox is on, it will play until muted or turned off. <LINE>  <LINE> Jukeboxes can hold ELEVENTY arbitrary Zomboid weight units (110 AZWU) of your finest tapes and vinyl records. There is no track limit. Furthermore, you can create a queue of specific tracks that will play next in the loaded playlist, and you can lock the queue if you want to loop through a subset of loaded tracks. <LINE>  <LINE> By default, zombies will be attracted to the sound of the jukebox up to 50 squares away. The range at which zombies can hear a jukebox at full volume is determined in sandbox options. <LINE>  <LINE> * Please adjust Ambient Volume in the vanilla sound settings if jukeboxes are too loud or quiet for you at the volume your friends prefer. <LINE>  <LINE>  <RGB:1.0,0.6,0.0> Jukebox Therapy and Nutrition <RGB:0.7,0.7,0.7>  <LINE>  <LINE> Jukeboxes can be given the power to improve the moods and health of players who hear them in many ways; they can even quench your thirst if you want them to be that magical. These features are off by default; enable them in sandbox options if they are up your alley! <LINE>  <LINE>  <RGB:1.0,0.6,0.0> Jukebox Icons <RGB:0.7,0.7,0.7>  <LINE>  <LINE> This mod features icons to help people navigate its menus nonverbally. All buttons still do what their button text says they will do; buttons that say ""play"", ""enable"", or ""turn on"" do exactly that. However, the icon for buttons that toggle things on and off will reflect the CURRENT state of that option, [b]not[/b] the state it will be in after it's pressed. We made this decision because we wanted the icons to appear ""on"" when the associated toggle is ""on"" - the Jukebox icon is green when it's on, the Looping Queue icon is queue-colored when it's on (something between orange and gold), and the Portable Jukebox Key button is yellow when it's on. This pattern can be inverted using Mod Options if it is not intuitive to you. <LINE>  <LINE>  <RGB:1.0,0.6,0.0> Portable Jukebox Keys <RGB:0.7,0.7,0.7>  <LINE>  <LINE> Enable portable jukebox keys in the sandbox to allow players to access their jukeboxes from a distance by interacting with their keyring in their primary inventory. To be clear, this ability is added to the context menu of your key rings; it will not add physical keys to your key ring. <LINE>  <LINE>  <RGB:1.0,0.6,0.0> Range Options <RGB:0.7,0.7,0.7>  <LINE>  <LINE> In sandbox options, you can determine the audible sound range of the jukebox; note, however, that this feature only works if you use our custom sound mode (the default sound mode of this mod). If you are using Project Zomboid's 3D sound effects, however, be aware that we are not able to control the sound range; it will drop off in volume according to whatever is deemed realistic by Project Zomboid. <LINE>  <LINE>  <RGB:1.0,0.6,0.0> Jukebox Hero <RGB:0.7,0.7,0.7>  <LINE>  <LINE> Want to get a jukebox as fast as possible? Just choose the Jukebox Hero trait at character creation, and you will spawn with a Jukebox Starter Kit for building your very own jam station! You will also learn a recipe for screwing together a boombox, a record player, and some metal to make jukeboxes out of scrap. <LINE>  <LINE> Jukebox Starter Kits (which can be used to easily build a jukebox) and Jukebox Instruction Manuals (which can teach you to construct your own box from either starter kits or scrap) can be found in various locations, including crates, shelves, and wardrobes. Also, anyone who has reached level 4 as an electrician will know how to build one, even if they don't have this trait. We included sandbox options for making these items easier or harder to find. <LINE>  <LINE>  <RGB:1.0,0.6,0.0> 3D Audio Effects <RGB:0.7,0.7,0.7>  <LINE>  <LINE> True Music boomboxes and cassette players use 3D audio effects that many people find annoying because they have excessive bias toward one ear, and that ear is often the wrong ear (it's based on player position, not head orientation). We do not like the sound of that audio, so we replaced it with something we like much better. However, you may enable that form of 3D audio using both Mod Options (for the individual level) and sandbox options (if you want to force your entire server to use the same 3D sound as True Music). Just be aware that we do not control the audible range of that sound; we only control the range of our custom 3D audio mode (the default used by this mod).",Mod
VanillaGearExpanded,Vanilla Gear Expanded,,Tango,,New outfits and gear to expand the various law enforcement agencies & special police forces,Mod
KI5 Completely Chinese,KI5载具合集完全汉化,,易海林汐,,基于KI5载具合集的完全汉化模组,Mod
SimpleMoodleIndicators,Simple Moodle Indicators,2.0,Dreamweave,42.0.0,Custom moodle backgrounds with transparency and level indicators for improved readability. Requires 'Moodles in lua',Mod
tsarslib,Tsar's Common Library,3.25,,42.0.0,Common library for Tsar's Companies. ReUpload for B42. Will be removed once iBrRus takes it back.,Mod
autotsartrailers,Autotsar Trailers,2.12,,42.0.0,Trailers of your dreams. Will be removed once iBrRus takes it back.,Mod
[B42] Tatrapan,[B42] Tatrapan,,,,This mod adds Tatrapan,Mod
ATA_Bus,Autotsar Tuning Atelier - Bus,1.4,,42.0.0,"If you have ""tsarslib"" glowing red, then you do not have the obligatory ""Tsar's Common Library"" mod installed. The link to it can be found on the mod page under ""REQUIRED ITEMS"". The best place to find answers to all your questions is our Discord server: discord.gg/xkCEcwGZMW",Mod
BanditsWeekOne,Bandits Week One,,Slayer,,<RED>Always make sure that you have the newest version of Bandits mod installed. Resubscribe on Steam if you have to.,Mod
StandardizedVehicleUpgrades3Core,Standardized Vehicle Upgrades 3 - Core,,,,Just a set of basic files for SVU3.,Mod
amclub,Autotsar Motorclub,2.14,,42.0.0,Autotsar Inc. together with KI5-Production present new vehicles. <LINE> ReUpload for B42.,Mod
ATA_Mustang,Autotsar Tuning Atelier - Fjord Mustard [B42],,Beathoven,42.16,Original Mod by iBrRUS,Mod
VPR_Recycle_QoL_B42,Viperel's QoL Recipes [B42],0.1,Viperel,42.0.0,"Realistic quality of life recipies, which make sense to be in the game.",Mod
VPR_RecyclingCenterB42,Viperel's Recycling Center [B42],0.1,Viperel,42.0.0,Realistic crafting recipes for recycling uneeded materials.,Mod
ATA_Jeep_x2,Autotsar Tuning Atelier - Jaap Wrungel (Spawn Chance x02) [B42],,,42.00,Activate this mod if you want to find a little more Jaaps. Other jaap spawn mods should be disabled.,Mod
ATA_Jeep_x4,Autotsar Tuning Atelier - Jaap Wrungel (Spawn Chance x04) [B42],,,42.00,Activate this mod if you want to find a more Jaaps. Other jaap spawn mods should be disabled.,Mod
ATA_Jeep,Autotsar Tuning Atelier - Jaap Wrungel [B42],,,42.13,"If you have ""tsarslib"" glowing red, then you do not have the obligatory ""Tsar's Common Library"" mod installed. The link to it can be found on the mod page under ""REQUIRED ITEMS"". The best place to find answers to all your questions is our Discord server: discord.gg/xkCEcwGZMW",Mod
ATA_Jeep_x10,Autotsar Tuning Atelier - Jaap Wrungel (Spawn Chance x10) [B42],,,42.00,Activate this mod if you want to find a lot of Jaaps. Other jaap spawn mods should be disabled.,Mod
SapphCooking_B42,Sapph's Cooking,0.1,sapph,42.14.0,Adds more cooking related items and recipes.,Mod
84jeepXJ,'84 Jeep XJ Cherokee,,KI5,42.13.0,This mod adds Jeep XJ Cherokee from 1984,Mod
UH-1BHelicopter,UH-1BHelicopter,,User,,This mod adds the iconic UH-1B Huey helicopter.,Mod
nm_nested_containers,[B42] Nested Containers,,Nikku Miru,,Nested Containers,Mod
GanydeBielovzki's Frockin Splendor! Vol.2,Frockin Splendor! Vol.2,,GanydeBielovzki,,Another entire clothing store worth of cotton clothing and other oddities.,Mod
BetterSortCC42,Better Sorting 42,2.0.4,,,v2.0.4 - Complete overhaul to item categories and various name tweaks.,Mod
MoreDamagedObjects,More Damaged Objects,1.10.4,carlesturo,42.13.0,More damaged objects added.,Mod
85chevyCaprice,'85 Chevrolet Caprice / Impala,,KI5,42.13.0,This mod adds Chevrolet Caprice and Impala from 1985,Mod
85pontiacParisienne,'85 Pontiac Parisienne,,KI5,42.0.0,This mod adds Pontiac Parisienne from 1985,Mod
BetterBeltsB42,BetterBeltsB42,,,,"""BetterBeltsB42""",Mod
FRCB42,Faster Cloth Ripping,,,42.15,Fully translated for 27 languages.,Mod
SPNCCDetailsHD,Spongie's Character Customisation - Details Pack HD Textures,1,Spongie,,512x512 textures for the Details Pack,Mod
SpnCharCustomDetailsHD,Spongie's Character Customisation - Details Pack HD Textures,1,Spongie,,512x512 textures for the Details Pack,Mod
SPNCCFaces,Spongie's Character Customisation - Vanilla Faces Pack,1,Spongie,,Adds vanilla styled faces. Includes 4 male faces and 4 female faces.,Mod
SpnCharCustomFaces,Spongie's Character Customisation - Vanilla Faces Pack,1,Spongie,,Adds vanilla styled faces. Includes 4 male faces and 4 female faces.,Mod
SPNCCDetails,Spongie's Character Customisation - Details Pack,1,Spongie,,"Adds freckles, moles, etc",Mod
SpnCharCustomDetails,Spongie's Character Customisation - Details Pack,1,Spongie,,"Adds freckles, moles, etc",Mod
SPNCC,Spongie's Character Customisation,4,Spongie,42.13.1,"Adds faces, visible muscles, and other new customisation options",Mod
SpnCharCustom,Spongie's Character Customisation,2,Spongie,,"Adds faces, visible muscles, and other new customisation options",Mod
Makedriedfruit,[B42.13] Make Dried Fruit,1.0,Bender,42.13,Let's make Dried Fruit!,Mod
85buickLeSabre,'85 Buick LeSabre,,KI5,42.13.0,This mod adds Buick LeSabre from 1985,Mod
85oldsmobileDelta88,'85 Oldsmobile Delta 88,,KI5,42.13.0,This mod adds Oldsmobile Delta 88 from 1985,Mod
Mad Crafter,Mad Crafter,2.0.1,"Rocco, Afyrmo",,Craftable improvised and electric weapons for Build 42.12-42.18.,Mod
ATA_BMW_E36,Autotsar Tuning Atelier - Bumer 36e [B42],,,42.2,,Mod
P4PickingMeister,Picking Meister,1.7.0,PePePePePeil,42.15.0,Easy help for picking items.,Mod
ModLoadOrderSorter_b42,Mod Load Order Sorter [b42],,REfRigERatoR,,"Данный мод изменяет логику автоматической сортировки модов, добавленной в 42 билд ProjectZomboid. Теперь автоматическая сортировка поддерживает правила сортировки, а так же подсвечивает все найденные нарушения порядка загрузки модов.",Mod
stanks_suicide,Immersive Suicide,1.2.5,kStank,42.15,Simple mod that adds the option to end the suffering early.,Mod
86chevyCUCV,'86 Chevrolet CUCVs + M101A2 Trailer,,KI5,42.13.0,This mod adds Chevrolet CUCV trucks from 1986,Mod
B42DisableDebugText,Disable Debug Text,,yawntee,,Remove debug text,Mod
TombBodyCustom,Tomb's Player Body - [Customisation],,Tomb,,Adds 5 alternate heads for Male and Female to Spongie's Character Customisation menu. 42.13+,Mod
TombBodyTex,Tomb's Player Body - Textures,,Tomb,,Tomb's Player Body - Textures. Custom textures that have underwear.,Mod
TombBodyTexDOLL,Tomb's Player Body - Textures [DOLL],,Tomb,,"Tomb's Player Body - Textures [DOLL]. Naked, doll-like textures with no details for using ingame underwear.",Mod
TombBodyTexNUDE,Tomb's Player Body - Textures [NUDE],,Tomb,,Tomb's Player Body - Textures [NUDE]. Includes female nipples + pubic hair for each sex but no explicit nudity.,Mod
TombBody,Tomb's Player Body,,Tomb,,Tomb's Player Body Overhaul - B42,Mod
flipvehicleplustrailer,[B42] FlipVehiclePlusTrailer,2.2,,42.13.0,Flip vehicle or trailer.,Mod
MihoyoB42.13,Mihoyo角色商店B42.13,,,,Mihoyo角色商店B42.13,Mod
GanydeBielovzki's Frockin Splendor! Vol.3,Frockin Splendor! Vol.3,,GanydeBielovzki,,"This is the first mod in a multi-stage effort to bring Kink It Up! Extra to B42. This stage contains the leather items ported, remastered and expanded.",Mod
TombBodyCompat,Tomb's Player Body - [Compatibility - Vanilla+],,Tomb,,"Compatibility patch adjusting Vanilla clothing meshes (and any mods that reference them) as well as some specific mod meshes to better fit the body of Tomb's Player Body Overhaul. Enable the mod, then in the Load Order place this below any mod that adds custom clothing and restart the game for it to take effect.",Mod
TombBodyCompatBootsExp,Tomb's Player Body - [Compatibility - Boots Expanded],,Tomb,,"Compatibility patch submod for Boots Expanded.  Enable the mod, then in the Load Order place this below Boots Expanded and restart the game for it to take effect.",Mod
Makefruitinjar,[B42.13] Make pickled fruit in jar,1.0,Bender,42.13,Let's make pickled fruit!,Mod
ATA_Dadge,Autotsar Tuning Atelier - Dadge Steals RT Twin Turbo v.2.01 [B42],,,42.13,---,Mod
ATA_Samara,Autotsar Tuning Atelier - Chevalier Samara v.2.00 [B42],,,42.13,"If you have ""tsarslib"" glowing red, then you do not have the obligatory ""Tsar's Common Library"" mod installed. The link to it can be found on the mod page under ""REQUIRED ITEMS"". The best place to find answers to all your questions is our Discord server: discord.gg/xkCEcwGZMW",Mod
ATA_VanDeRumba,Autotsar Tuning Atelier - DeRumba Van v.2.00 [B42],,,42.15,"If you have ""tsarslib"" glowing red, then you do not have the obligatory ""Tsar's Common Library"" mod installed. The link to it can be found on the mod page under ""REQUIRED ITEMS"". The best place to find answers to all your questions is our Discord server: discord.gg/xkCEcwGZMW",Mod
EFTBP,Escape From Tarkov Backpacks,,,,EFT Backpacks.,Mod
88toyotaHilux,'88 Toyota Hilux,,KI5,42.13.0,This mod adds Toyota Hilux trucks from 1988,Mod
CombatMasteringSkill,Combat Mastering Skill,,GersonRess,,"Adds a new skill ""Combat Mastering"" that modifies attack speed",Mod
radarz,RadarZ,1.0.0,Alree,42.0.0,Zombie Radar – Available in All Game Modes!,Mod
CleanUI,CleanUI [B42.19+],2.6.7,"Rocco, Afyrmo",42.19.0,"CleanUI replaces the default inventory, loot, and context UI with a cleaner and more compact layout. <LINE> This is the Build 42.19+ version. <LINE> Includes defensive fixes for invalid repair/fixing definitions, context-menu event hook failures, recent 42.17/42.18/42.19 inventory/UI edge cases, safer long-button texture handling, and Build 42.19 inventory context compatibility. <LINE> There are also variants for builds 42.15.x, 42.13-42.14 and legacy 42.12.x. <LINE> Includes an ESC menu loot-panel visibility workaround for a vanilla B42.19 issue. Controller startup visibility fix.",Mod
NepHighBeams,Nepenthe's High Beams 3 (Zomboid 42.9 and later),,,,For Zomboid B42.9 and later,Mod
SinkCleanRags_v2,Sink Clean Rags v2,1.1,EPRock,42.4,"This is an updated version of the Sink Clean Rags mod, fixed for Project Zomboid unstable build 42.4. This will be removed once the original is updated. It supports the new fluid system, ensuring that dirty rags, bandages, denim strips, and leather strips can be cleaned directly at sinks, rain collectors, and portable water containers. Works with both plumbed and unplumbed sources. Thanks to the Original found https://steamcommunity.com/sharedfiles/filedetails/?id=3391344536",Mod
66pontiacLeMans,'66 Pontiac LeMans / GTO,,KI5,42.13.0,This mod adds Pontiac LeMans and GTO from 1966,Mod
SpnCharCustom_CN,Spongie's Character Customisation_CN,,无聊的栀子,,Spongie's Character Customisation和Tomb's Player Body - Customisation简体中文汉化翻译（栀子制作）,Mod
Spawn Location_CN,[B42] 模组地图出生点汉化 Spawn Location_CN,,无聊的栀子,,模组地图出生点汉化（栀子制作） Spawn Location_CN,Mod
Frogtown,Frogtown,,,42.0.0,"Nestled in the lakes of the Doe Valley Forest is one gem of a town! Whether you're hunting for game, or hunting for a sale at the Frogtown Mall, come visit us! With the recent completion of two new condo towers, Frogtown looks forward to a bustling future where its streets are filled with happy people!",Mod
AutoLoot_Override,AutoLoot Override,,,,"This update makes Auto Loot work better and safer. It replaces the main functions with improved versions that check item containers more carefully, avoid duplicate transfers, and handle inventory more smoothly. Everything still works with bags, cars, and furniture. The ""store all"" button stays the same, but now it's smarter behind the scenes. One click, everything gets sorted. Just works better.",Mod
ModernStatus,ModernStatus,2.4.2,"Rocco, Afyrmo",42.13.0,"Customizable status HUD with switchable styles, quick actions, and support for many player stats. <LINE><LINE> B42.13+ Variant. <LINE> Legacy variant will be shown here if you downgrade PZ to B42.0.2-B42.12.x.",Mod
SpnOpenCloth_CN,[B42] Spongie's Open Jackets ＆ Clothing_CN 简体中文汉化翻译,,无聊的栀子,,Spongie's Open Jackets ＆ Spongie's Clothing：Spongie的开放式夹克和衣服简体中文汉化翻译（栀子制作）,Mod
H_E_C_U,H.E.C.U.,1.7,darlak97,42.13.0,"<PUSHRGB:1,1,1><LEFT><SIZE:medium> This mod adds new clothing items related to the H.E.C.U. units, adapted to the B42 mechanics with sound effects and sandbox options.",Mod
GanydeBielovzki's Frockin Shirts n Ties,Frockin Shirts & Ties,,GanydeBielovzki,,Adds several unreasonably functional shirts and overhauls vanilla ties and bow-ties.,Mod
CombatMasteringSkill_CN,Combat Mastering Skill战斗精通技能,,GersonRess,,新增“战斗精通”技能，可提升攻击速度，汉化模组Combat Mastering Skill,Mod
yxjs_ItemBlacklist,物品黑名单,1.1,yuexiawode,,给容器类的物品显示栏添加黑名单功能，黑名单里的物品不显示出来，这样方便找我需要的东西,Mod
BuildingCraft,BuildingCraft,,ShiSan 十叁,42.00,Provide a Visual Building Craft Menu,Mod
BuildingCraftRaccoonCity,BuildingCraft - RaccoonCity,,ShiSan 十叁,42.00,Unlocks RaccoonCity's special building materials in your menu.,Mod
CleanHotBar,CleanHotBar,1.11.3,"Rocco, Afyrmo",42.15,CleanHotBar,Mod
BicycleMod,[B42.15+/MP] Bicycle!,5.1.4,RedChili,,A mod that adds bicycles!,Mod
KRFriOS,KR FRiOS,3.1.2,D4RK-C0MP4N1,42.0.0,"FriOS offers a range of portable, battery-powered appliances (coolers, fridges, freezers, and stoves), a refrigerated StepVan that keeps food cold in its cargo bed and charges FriOS Batteries from the vehicle battery, and a solar battery charger.",Mod
ImmersiveVehiclePaint,[B42] Immersive Vehicle Paint,2.0.0,Hideks,42.13.1,DIY Car Paint and Finishes,Mod
OpenAllContainers,Open All Containers,1.7.6,carlesturo,42.13.0,Open all containers.,Mod
BanditsCreator,Bandits Creator,,Slayer,,<RED>Always make sure that you have the newest version of Bandits mod installed. Resubscribe on Steam if you have to.,Mod
Animalsdonotattackbuildings,Animals do not attack buildings,,,,,Mod
Animalsdonotstressaboveground,Animals do not stress above ground,,,,,Mod
Animalsdonotattackothermale,Animals do not attack other male,,,,,Mod
Animalsdonotattackplayer,Animals do not attack player,,,,,Mod
KATTAJ1_ClothesCore,KATTAJ1 Clothes Core,,,42.15.0,KATTAJ1 Clothes Core mod.,Mod
KATTAJ1_Military,KATTAJ1 Military Pack,,,42.15.0,This mod adds new Military Armor.,Mod
TheShortcut,TheShortcut,1.2.6,"Rocco, Afyrmo",42.14.0,"The Shortcut adds a fast shortcut bar for items, crafting recipes, and building projects. Add what you use most, then double-click to craft/build instantly (when requirements are met), or right-click to jump to the relevant menu with the entry selected — so you spend less time browsing lists and more time playing. <LINE><RGB:0.5,1,0.5> Updated for 42.14+ compatibility and more robust config loading. <LINE><RGB:1,1,1> This is the latest B42 branch in this Workshop item. <LINE><RGB:1,1,1> For older B42 versions, another branch will be shown here.",Mod
WestPointExpansionB42,West Point Expansion_B42,,,,"Expands West Point to include a hospital plus a new urban center east of the rail line called Sandy Ridge adding more civic, residential, commercial and industrial areas to explore and die a grizzly death! Designed for Build 41 by Commander (ww2commander)",Mod
BravoItemDetails,Item Details,0.0.12,Bravo,42.13.0,Shows information on items when expanded in the inventory panel and Sorting of items in stacks.,Mod
04vwTouran,'04 Volkswagen Touran,,KI5,42.13.0,"This mod adds Volkswagen Touran, compact MPV from 2004",Mod
twistresting,TwisTonFire - QoL Modpack,1.0,,42.19,"A small quality-of-life modpack assembled for personal use. <LINE> <LINE> IMPROVED SOUNDOPTIONS ARE INTEGRATED! <LINE> modOptions fixes ARE INTEGRATED! <LINE> <LINE> The incompatibilities are there on purpose, <LINE> because they’re already bundled somehow in an own version into the pack.",Mod
twistrestingmodonly,TwisTonFire - RESTING MOD,,,42.19,TwisTonFire’s finest Resting Mod. <LINE> Customize the text and colors so you can clearly see how your character feels. <LINE> It also includes a keybind for sitting down and game speed options.,Mod
Constown42,Constown B42,,,,"Constown is located west of Rosewood on the main highway, so you will find many shops in the city center. There are apartments near the highway, and residences on the outskirts of the town. There is a trailer park nearby. Constown is a city where you want to stay!",Mod
ConsolidatedAllFixB42,Consolidate All Fix (B42),1.1,phoenix,42.13,"Fixes the ""Consolidate all"" button in the context menu for Build 42. This mod will be removed once the issue is fixed in the vanilla game.",Mod
RMSafeHouseUnofficial,B42河畔豪宅非官方版Riverside Mansion Unofficial,,,,"位于河畔镇左上角，加入了地下射击室和地下储藏室，一楼加了个阅读室，外围增加了个工坊，修改了一些内饰""Located in the upper-left corner of Riverside; features an underground shooting range and storage basement. A reading room has been added to the first floor, a workshop constructed on the outer perimeter, with various interior decorations modified.""",Mod
DarkWpnSlings,[B42] Dark Weapon Slings,,phxntom1213,,Adds rifle slings (as clothing),Mod
InvisibleWpnSlings,[B42] Invisible Weapon Slings,,phxntom1213,,Rifle slings with invisible textures (like vanilla belt),Mod
twistbettercharacterinfo,TwisTonFire - Better Character Info,1.0,TwisTonFire,42.19,"<RGB:1,0.5,0>If you are using Spongies Character Customisation <LINE> Be sure to run my mod after Spongies!",Mod
MREfood4213,[B42.15+]More Mre&Millitary food,,,,21式自热军粮&食品扩展（更多军粮&军用食物扩展）,Mod
GardeniaTranslate_CN,栀子的模组简体中文汉化补充_CN,,无聊的栀子,42.0,对一些自用模组进行汉化补充与润色(栀子制作),Mod
BuildingCraftErikastiles,BuildingCraft - Erika's tiles,,ShiSan 十叁,42.00,Unlocks Erika's tiles special building materials in your menu.,Mod
Project_Cook,Project Cook,1.2.9,"Rocco, Afyrmo",42.15,"Adds a cooking recipe browser and helper UI for Project Zomboid. Includes support for older B42 builds and Build 42.15+ through separate internal mod variants, with Build 42.19 compatibility maintenance.",Mod
Project_Cook_Pixel_Icon_Pack,Project Cook Pixel Icon Pack,1.2.9,Rocco,42.15,"Adds an alternative pixel-style icon pack for Project Cook. Includes support for older B42 builds and Build 42.15+ through separate internal mod variants, aligned with Project Cook 1.2.8.",Mod
73fordFalconPS,'73 Ford Falcon XB GT Pursuit Special,,KI5,42.0.0,This mod enables spawns for Pursuit Special from Mad Max,Mod
73fordFalcon,'73 Ford Falcon,,KI5,42.13.0,This mod adds Ford Falcon from 1973,Mod
FortBenningB42,Fort Benning B42,,,42.0.0,All of these stuff weren't touched but be careful there are a lot of walkers on the territory and around !,Mod
AshenwoodmodNewB42,Ashenwoodnewb42,,,,A small town called Ashenwood,Mod
SmartRadialMenu,Smart Radial Menu,1.8.9,phoenix,42.13,"A smart radial menu for common item actions, designed initially for the Steam Deck and controllers. Supports Split Screen.",Mod
SurvivalHUD,[B42] Survival HUD,1.2.3,DeadEnvoy,42.17.0,A functional HUD displaying the player’s core needs in DayZ style.,Mod
muldraughmilitarybaseas24,Fort Preston,1.0.0,,42.13.0,A military base on the road between Muldraught and Rosewood.,Mod
Neat_Crafting,Neat Crafting [B42.12],1.6.14,"Rocco, Afyrmo",42.9,Neat Crafting Includes Neat UI and Crafting enhancements. ModOptions and RMB on the side bar: toggle Neat Crafting UI (default ON) to switch between Neat and vanilla Crafting menus. Avoid removing from existing saves. Build 42.19 compatibility checked.,Mod
91nissan240sx,'91 Nissan 240SX,,KI5,42.13.0,This mod adds Nissan 240SX from 1991,Mod
NeatUI_Framework,NeatUI_Framework,1.0.6,"Rocco, Afyrmo",42.0.2,"Shared UI framework for Neat mods, providing reusable interface components, styling, and compatibility support across supported B42 builds. <LINE> Build 42.19 compatibility: restores safe ISUIElement center-helper aliases while keeping older builds supported. <LINE> Linux dedicated server compatibility: Lua file paths and line endings were normalized to reduce the chance of checksum issues on case-sensitive servers.",Mod
Sector-7 Breach Highway,Sector-7 Breach Highway,,Meiya甄无齿,42.00,add new road from Sector-7 Breach to Muldraugh.,Mod
Sector-7 Breach,Sector-7 Breach,,Meiya甄无齿,42.00,第二次做图，僵尸稀少，适合建家。,Mod
LMWildSpawnRandom,[LM] Wilderness Locations - Random Spawn (B42),,Jessimouche,42.0,Multiple spawn locations for wilderness survival. Can be filtered by difficulty and content from the sandbox options menu.,Mod
LMWildSpawnMaps,[LM] Wilderness Locations - All Maps (B42),,Jessimouche,42.0,Choose your favoured wilderness spawn location from the lot.,Mod
cf_home,[B42] Home Inventory Improved,0.7.0,Sam,42.12.3,<INDENT:0> <LINE>,Mod
ExtendedSpices,Extended Spices,,JT1527,42.0.0,Craftable Spices for B42.,Mod
Spiffomon3DB42,Spiffomon 3D B42 MP,,crunchyoctopus,42.13.0,Adds 30 new themed Spiffos to collect! <BR>,Mod
InteractiveTailoring,Interactive Tailoring,,Chuckleberry Finn,42.0,Interactive tailoring minigame.,Mod
drivestraight,No more wiggly Vehicle,,STHuman,,This function activates at speeds of 30mph or more and works seamlessly even with heavy vehicles.,Mod
TombGothTexNUDE,Tomb's Player Body - Goth Textures [NUDE],,Tomb,,Tomb's Player Body - Goth Textures [NUDE]. Goth texture replacer for Tomb's Player Body Skintone 1 that includes female nipples + pubic hair for each sex but no explicit nudity.,Mod
TombGothHair,Tomb's Goth Hair,,Tomb,,Tomb's Goth Hair. Custom Goth style hair for male and female with dynamic physics. Vanilla friendly.,Mod
TombGothTexDOLL,Tomb's Player Body - Goth Textures [DOLL],,Tomb,,Tomb's Player Body - Goth Textures [DOLL]. Goth texture replacer for Tomb's Player Body Skintone 1 with no details for using ingame underwear.,Mod
TombGothMakeup,Tomb's Goth Makeup,,Tomb,,Tomb's Goth makeup. Custom Goth style makeup designed for use with Tomb's Player Body.,Mod
TombGothTex,Tomb's Player Body - Goth Textures,,Tomb,,Tomb's Player Body - Goth Textures. Goth texture replacer for Tomb's Player Body Skintone 1 that has underwear.,Mod
Neat_Building,Neat Building,1.6.7,"Rocco, Afyrmo",42.15.0,Neat Building. Includes building recipes/entities and Neat Building UI. ModOptions and RMB on the side bar: toggle Neat Building UI (default ON) to switch between Neat and vanilla Building menus. Avoid removing from existing MP saves.,Mod
LBB42,Legendary Backpack,2.0.9,,,"<RGB:0.8,1,0>You will be unstoppable with these legendary backpacks.",Mod
GanydeBielovzki's Frockin Wiseguys,Frockin Wiseguys!,,GanydeBielovzki,,"Lemme tell you a couple of three things: Gabagool, lotta money in zombie apocalypse, and gangster suits!",Mod
91fordRanger,'91 Ford Ranger,,KI5,42.13.0,This mod adds Ford Ranger trucks from 1991,Mod
TableSaw,TableSaw,,,,Make sawing wood more fun!,Mod
Neat_Building_AddonXP,Neat Building – XP & Mod Display,1.11.3,Afyrmo,42.15,"Addon for Neat Building: shows XP rewards per build recipe (skill + amount) and an optional “Mod” source line, with multiple display formats and auto text scaling. <LINE> This is the Build 42.15+ version, intended to stay compatible with current Build 42 updates. <LINE> There are also versions for Build 42.13-42.14 and legacy 42.12.x.",Mod
Neat_Crafting_AddonXP,Neat Crafting – XP & Mod Display,1.11.3,Afyrmo,42.15,"Addon for Neat Crafting: shows XP rewards per recipe and an optional “Mod” source line, with multiple display formats and auto text scaling. <LINE> This is the Build 42.15+ version, intended to stay compatible with current Build 42 updates. <LINE> There are also versions for Build 42.13-42.14 and for the legacy build 42.12.x.",Mod
FruitTreeChop,Fruit Tree Chop,,DarylMasterGG,42.13.0,"Algunos árboles sueltan fruta al talarse, según la estación del año.",Mod
PROJECTRVInterior42,[B42]PROJECT RV Interior,2.3,Mickey Knox,42.0,"RV Interior for Build42. <LINE><LINE><LINE><LINE><LINE><LINE><LINE><LINE><LINE><LINE><RGB:1,1,1> Created by <RGB:1,0.6,0.2>Mickey Knox",Mod
Waterpipes,Waterpipes B42.13,,Slayer,,"Build water pumps and pipes. Connect the network of pipes to barrels, toilets, sinks. Build sprinklers to water your farms.",Mod
LCB42,Legendary Cap,3.0.1,,,"<RGB:0.8,1,0>You will be unstoppable with this legendary Cap.",Mod
MoatsB42,Moats,1.6,Tchernobill,42.12,You can build moats.,Mod
LFB42,LegendaryFannypack,2.0.3,,,"<RGB:0.8,1,0>You will be unstoppable with this legendary Fannypack.",Mod
B42ModTrans_CN,[B42]统一模组汉化,,如一组 (As1),,本模组仅为其他模组提供汉化支持,Mod
B42Trans_CN,[B42]统一中文汉化 (排序置底),,如一组 (As1),,该版本为游戏汉化 (正式版)，与英文版本内容一致,Mod
True Music Addon Meiya's Music,True Music 没牙的音乐包,,Meiya甄无齿,42.00,没牙的自用音乐包,Mod
LDB42,Legendary Duffelbag,2.0.8,,,"<RGB:0.8,1,0>You will be unstoppable with these legendary Duffelbag.",Mod
CustomMapLabels,[B42] 模组地图自定义标签 Custom Map Labels,1.0,老天，无聊的栀子,42.0,"I have added many maps, so I need some markers to tell me where this place is on the map!为模组地图添加了地图标签",Mod
LSB42,Legendary Satchel,2.0.0,,,"<RGB:0.8,1,0>You will be unstoppable with these legendary Satchel.",Mod
InjuryIndicator,Injury Indicator,,BOBcat,42.0.0,Shows injuries as they happen above the character's head for a short duration.,Mod
[B42]Chevrolet Corvette C6,[B42]Chevrolet Corvette C6,,,,This mod adds Chevrolet Corvette C6,Mod
65banshee,'65 Pontiac Banshee,,KI5,42.13.0,This mod adds Pontiac Banshee from 1965,Mod
ModManager,[B42] Mod Manager,1.5.5,DeadEnvoy,42.18.0,"A comprehensive mod manager that enhances the in-game mods window with sorting, filtering, hiding options, and a redesigned configuration menu.",Mod
89defender,'89 LAND ROVER Defender,,KI5,42.13.0,"This mod adds LAND ROVER Defender series 90, 110 and 130, Offroaders from 1989",Mod
ATA_VanDeRumbaGardenia,Autotsar Tuning Atelier - DeRumba Van 栀子MyGO痛车版 [B42],,,,【无聊的栀子】德伦巴面包车MyGO!!!!!千早爱音＆高松灯痛车版~增强了马力和容量。,Mod
twistimso,TwisTonFire - Improved SoundOptions,,,42.15,"<RGB:1,0.6,0.9> Improved Soundoptions",Mod
BetterGeneratorInfo,Better Generator Info,1.0,Eurymachus (Original by Bananaut and Undefined),42.12,"Improves the Generator Info Window, including showing the days and hours remaining before your generator runs out of fuel.",Mod
Cathaya Valley 2.0 B42 version,Cathaya Valley 2.0 B42 version,,,42.0,"Cathaya Valley is famous for its developed industry in Knox County.Shortly after the disaster, the military immediately blocked the town and placed various trips .It is said that there is a survivor base in the north of this town. Maybe you can try your luck?",Mod
Cathaya Valley 2.0 B42 version highway,Cathaya Valley 2.0 B42 version highway,,,42.0,"Cathaya Valley 2.0 B42 version highway,Connect Rosewood to Cathaya valley.",Mod
VanillaFoodsExpanded,Vanilla Foods Expanded,3.1.0,"JiizzJacuzzii, Aatheom and Tenhats",42.18,"The Homesteading update! Vanilla Foods Expanded adds over 2300 new foods, recipes and evolved recipes that are similar in style and use to the base game! Any questions, feedback or suggestions, head over to the steam workshop page.",Mod
STA_PryOpen,StarkTruffle Additions - Pry Open,1.20.3,StarkTruffle,42.19,Pry open doors and windows with a crowbar.,Mod
LNB42,Legendary Naginata,1.0.5,,,"<RGB:0.8,1,0>You will be unstoppable with these legendary Naginata",Mod
Daihatsu Hijet Truck Series,Daihatsu Hijet Truck,,,42.0.0,This mod adds Daihatsu Hijet Truck,Mod
beek_muldraugh_firedept,Muldraugh FireDepartment [B42],,Beek,42.0,"The fire department is located in the northern part of Muldraugh, next to Smokey's.",Mod
ihm_picker,Improved Hair Menu Hair Color Picker [MULTIPLAYER ONLY],,,42.17,OPTIONAL MULTIPLAYER UNLOCK <LINE> Enable this mod to allow all players to use the Improved Color Picker during character creation. <LINE> This grants access to every available hair color from the start.,Mod
improvedhairmenubuild42,Improved Hair Menu Build 42,,duckduckquack and TwisTonFire,42.17,Get a preview of character hair choices,Mod
84cadillacDeVille,'84 Cadillac DeVille,,KI5,42.13.0,This mod adds Cadillac DeVille from 1984,Mod
84buickElectra,'84 Buick Electra,,KI5,42.13.0,This mod adds Buick Electra from 1984,Mod
84oldsmobile98,'84 Oldsmobile 98 Regency,,KI5,42.13.0,This mod adds Oldsmobile 98 Regency from 1984,Mod
Greenleaf B42 version,Greenleaf B42 version,,,42.0,"Greenleaf is a peaceful town,and also a good place to die!The original author of this map is @ Damiaocjx, replicated by @ dianxianniao234 and adapted to Builuild42 version.",Mod
PunkOccupation,Punk Occupation,,Howie Dewyn,,An agile street fighter with amateur knowledge of improvised weapons and sewing patches onto clothes.,Mod
AliceGear,ALICE Gear,1.0,,,Adds The ALICE Gear into the game,Mod
HBVCEFb42,Hot Brass - Visible Casing Ejection Framework [B42.15],,Marz,,Casing Ejection will be visible when you shoot.,Mod
VFExpansionReduxb42,Vanilla Firearms Expansion [B42.15],,,,Adds more firearms that fit the vanilla game lore both practically and visually. v2.0,Mod
VFExpansion2Reduxb42,Vanilla firearms expansion - STALKER pack [B42.15],,,,"Adds more firearms that fit the STALKER lore, practically and visually. v1.1",Mod
VFExpansion3Reduxb42,Vanilla firearms expansion - Post '93 [B42.15],,,,Adds more modern (and not) firearms. v1.0,Mod
PlaceAnywhereMod,PlaceAnywhereMod,,,,,Mod
85chevyStepVanexpanded,'85 Chevrolet Step-Van Expanded,,KI5,42.0.0,This submod adds 30+ new variants for Chevrolet Step-Van,Mod
85chevyStepVan,'85 Chevrolet Step-Van,,KI5,42.13.0,This mod adds Chevrolet Step-Van from 1985,Mod
ResearchLabInternProfession,Zombie Virus Vaccine: Research Lab Intern Profession [B42.13+ SP/MP],2.0,rEXX,42.13,"<SIZE:medium><LEFT><RGB:1,0.8,0.4>RESEARCH LABORATORY INTERN PROFESSION <LINE><LINE><LEFT><SIZE:small><RGB:0.9,0.9,0.9>When things went south, you were smart enough to grab every scientific research document you could find and get out. <LINE><LEFT><SIZE:small>You forgot to grab a pistol, though. <LINE><LINE><LEFT><SIZE:small><RGB:0.6,1,0.8>You may not have the skills to build all equipment and develop a cure on your own, but you already know all the procedures <LINE><LEFT><SIZE:small><RGB:0.7,1,0.7>Designed exclusively for the Zombie Virus Vaccine mod. <LINE><LEFT>",Mod
ZVirusVaccine42BETA,Zombie Virus Vaccine [B42.13-15+ SP/MP],3.0,"Demonius, Dr_Reapers, Ehue232v, HuaGreanDEV, rEXX",42.14,"<SIZE:medium><LEFT><RGB:1,0.8,0.4>ZOMBIE VIRUS VACCINE [B42.13+ SP/MP] <LINE><LINE><LEFT><SIZE:small><RGB:0.9,0.9,0.9>Obviously, the logical solution to a zombie apocalypse is to set up a full laboratory in your backyard and start poking around in contaminated blood. <LINE><LEFT><SIZE:small>Build questionable equipment, perform autopsies with dubiously sourced tools, synthesize compounds that probably shouldn’t be anywhere near fire, and try to develop a cure before your closest volunteer decides to take a bite out of you. <LINE><LINE><LEFT><SIZE:small><RGB:1,0.35,0.25>DISCLAIMER: <LINE><LEFT><SIZE:small><RGB:0.6,1,0.8><SIZE:small><LEFT><RGB:1,0.8,0.4>I am not the original author of this mod — I only updated it for Build 42. <LINE><LEFT>After a full year since the unstable B42 release, I noticed that this mod was still unavailable. Personally, I consider it one of the best mods ever made, so I decided to update it myself. If the original author requests removal, I will take it down. For now, I intend to keep it updated as much as possible. <LINE><LINE><LEFT><RGB:1,0.35,0.25>DOES NOT REQUIRE PROFESSION MOD TO WORK!",Mod
TombWardrobeALTVanilla,Tomb's Wardrobe - Alternative [VANILLA],,Tomb,,Tomb's Wardrobe - Alternative Pack - B42 [VANILLA],Mod
TombWardrobeALT,Tomb's Wardrobe - Alternative,,Tomb,,Tomb's Wardrobe - Alternative Pack - B42,Mod
eat_whole_stack,Eat whole stack,0.0.5,lifeparadox,42.13,Allow you to eat whole stack.,Mod
ArcheryNexus,Archery Nexus [V2],,,,The True Way of the Bow. <LINE> This adds Ash's Primitive Hunting Bow To Zomboid! <LINE> As a framework to be expanded on ! <LINE> This took Hundreds of hours of modding over 4 years to get right. Please do not steal my acheivements. Ask for permission!,Mod
HereGoesTheSun,,2.1,Bass,42.15,,Mod
BuildingCraftEstate39,BuildingCraft - Estate 39,,ShiSan 十叁,42.00,Unlocks Estate 39's special building materials in your menu.,Mod
ATA_VanDeRumbaGardeniaSkin,Autotsar Tuning Atelier - DeRumba Van 栀子痛车-更多皮肤 [B42],,,,【无聊的栀子】德伦巴面包车痛车版~增强了马力和容量。 新增更多动漫皮肤。,Mod
TM90sSkaPunkAlternative,90s Ska Punk Alternative,1.0,Bass,42.0,"The flavor of the ska, punk and alternative music of the 90s",Mod
b42FasterActions,[B42MP]Faster Actions,,,,Speed up actions in multiplayer.,Mod
FastForwardMP_B42,Fast Forward (MP) - B42,,,,This mod adds option to pause and fast forward time in multiplayer. Compatible with build 42,Mod
manageContainersPatch,Manage Containers 42.13 Patch,1.0.0,pimatstudio,42.13.0,Overrides Manage Containers with Build 42.13 migration fixes plus Ctrl+Shift mass-transfer. Requires the original Manage Containers mod.,Mod
truemusicfix,True Music_b42Fix,,,42.13,,Mod
FixedLightOnBeltAF,[B42] Simple Flashlight on Belt! (Angled Flashlight fix),,RazpberryEnthusiast,42.0.0,Flashlights can now be easily put on your belt. Added some extra lines so that Angled Flashlights can also be attached to Webbing slots. (Also compatible with Authentic Z currently),Mod
TheyKnewB42.13patch,They Knew [B42] 42.13+ patch,1,pimatstudio,42.13.0,"The Knox County incident was never just an accident. THEY knew all along. AND THEY patched the original mod! GOM, THEY revived the dying!",Mod
EURY_BUGS,Multiplayer Bug Fixes,,Eurymachus,,"<RGB:1,0.6,0.9>Mod that fixes various Multiplayer Bugs.",Mod
twistmapimprovements,TwisTonFire - Map Improvements,,,42.16,"<RGB:1,0.6,0.9> Map Improvements",Mod
bin2_B42_13_1_Collection,[Obsoleted]bin2的B42.13.1合集,1.0.3,bin^2,42.13.1,bin2的B42.13.1合集 | 包含29个精选mod的组合，包括中文汉化、UI增强、建筑系统、食物扩展等。本modpack已为B42.13.1版本优化。,Mod
bin2_B42_13_Collection,[Obsoleted]bin2的B42.13合集,1.0.3,bin^2,42.13,bin2的B42.13合集 | 包含29个精选mod的组合，包括中文汉化、UI增强、建筑系统、食物扩展等。本modpack已为B42.13版本优化。,Mod
bin2_B42_14_1_Collection,[Obsoleted]bin2的B42.14.1合集,1.0.3,bin^2,42.14.1,bin2的B42.14.1合集 | 包含精选mod的组合，包括中文汉化、UI增强、建筑系统、食物扩展等。本modpack已为B42.14.1版本优化。,Mod
bin2_B42_Collection,bin2的B42合集,1.0.8,bin^2,42.16.0,bin2的B42合集 | 包含精选mod的组合，包括中文汉化、UI增强、建筑系统、食物扩展等。本modpack已为B42.15.0版本优化。,Mod
bin2_extension,bin2扩展,1.0.0,bin^2,42.15.0,bin2的扩展模组 - 添加各种便利配方,Mod
Project_Cook_Controller_Support,Project Cook Controller Support,1.0.0,bin^2,42.13.1,需要 Project Cook (Workshop ID: 3490188370),Mod
UnofficialMappersCommunityTilePack,CommunityTilePack,,,42.0.0,,Mod
qingxushuohuamiaoshu4213,情绪说话描述(b42.13+),,,,用人物自言自语说话的方式描述情绪,Mod
WorkshopUpdateCheck,Workshop Update Check,1.0.0,Anach,42.13,This mod shows which Workshop mods have received an update since last game launch.,Mod
3DPrinter,Printer3D: Manufacturing & Recycling System,,DarylMasterGG,42.13.0,Add a 3D printing machine with which you can create objects from filament and blueprints.,Mod
ContextMenuBarricades,Context Menu Barricades,1.0,pimatstudio,42.13.0,Restores barricade options for windows and doors in the context menu (build 42.13+).,Mod
DryingRacksFixedB42MP,DryingRacksFixed B42 MP,,keyreaper,42.0,"A Project Zomboid Build 42 fix for broken drying rack mechanics (Leather and Plants). This is a temporary MP-compatible stop-gap until the passive drying UI is finalized by the developers. Adds ""Dry Leather"" and ""Dry Herbs"" context menu options to drying racks for processing items. Supports all vanilla leather types and various herbs/tobacco with strict rack size validation. Full Multiplayer support.",Mod
RPGSkillTreeCN,RPGSkillTree_CN汉化,,,42.13.1,仅为RPG人物技能树提供简体汉化和繁體漢化,Mod
DiseaseMod,Realistic Disease Mod,,KingYufka,42.13.0,Adds a realistic Disease System and overhauls the exisiting.,Mod
Architect,Architect,1.9,,42.13.0,Create blueprints. Build from blueprints. Share blueprints.,Mod
Ladders42131,Ladders?! B42.16 SP/MP (Unofficial),,,42.16,Make it possible to climb ladders.,Mod
XingHeMods_ItemAndWeaponDetailsDisplay物品与武器的详细信息显示42,物品和武器的详细信息显示-42,,,,悠心的星河制作，物品和武器的详细信息显示-42,Mod
TMRRemoveMumble42,True Music Radio Remove Mumble,,,42.13,"Removes Radio and TV Mumble and Static, may cause interactions with other mods as it replaces sounds.",Mod
TrueMusicRadio42,True Music Radio,,,42.15,True Music Radio,Mod
ReplaceBandage42.13patch,Replace Bandage 42.13+ patch,,pimatstudio,42.13.0,Patch,Mod
69charger,'69 Dodge Charger,,KI5,42.13.0,This mod adds Dodge Charger from 1969,Mod
CookingSync,CookingSync,7.2,,42.0,"Fixes Build 42 multiplayer cooking sync bug for stoves, ovens, BBQs, and campfires.",Mod
RipAllClothes,Rip All Clothes,1.5.5,Notone,42.13.0,"Adds a right-click option to rip all nearby clothing items at once, including clothes on zombie corpses.",Mod
TeachKnowledge,Teach Knowledge,,,,"Teach Knowledge between your friends. Hotwiring, using generators, specific skills and much more!",Mod
RAF,RAF - Real Automatic Firerate [B42.13],,Marz,,Set of scripts to simulate real firerate,Mod
ContextMenuIconsCore,Context Menu Icons,1.0.2,Artmine15,42.0.0,Core mod for Context Menu Icons. Allows to color icons and switch iconpacks.,Mod
SimpleContextMenuIcons,Simple Context Menu Icons,1.1.1,Artmine15,42.0.0,Many icons for your context menu options! You can color it.,Mod
GanydeBielovzki's Frockin Splendor! Vol.5,Frockin Splendor! Vol.5,,GanydeBielovzki,,"What Happened to Gary Cooper, The Strong Silent Type? He got infected.",Mod
RealisticDash,Realistic Dashboard and Gauges,1.2.1,LonelyDesperate,42.0,"Adds a realistic vehicle dashboard with functional gauges, warning lights, radio, and A/C integration, and immersive visual effects inspired by Project Zomboid settings.",Mod
PryDoorAdvanced,PRY DOOR ADVANCED v1.4 [B42],,,,,Mod
better-auto-mechanics,Better Auto Mechanics,1.22,Hotox,42.0.0,"<RGB:1,0.4,0.8>Train mechanics with a single click! Better Auto Mechanics is a smart, efficiency-focused rewrite of the classic mod. It automatically skips parts that give no XP, works in Multiplayer, and lets you pick up exactly where you left off if interrupted.",Mod
HiddenCarry,[B42.13] Hidden Carry,1.4.0,,42.13,Adds hidden space. Equipable just like key rings.,Mod
KeyRingPlus,[B42.13] Key Ring Plus,1.2.0,,42.13,Adds more key ring items.,Mod
WalletFix,[B42.13] Wallet Fix,1.3.0,,42.13,"Adds space for Badge, Cash and ID Card. Leather wallets can now also be ripped into leather strips.",Mod
[B42][MP]MoreMenuOptions,[B42][MP]MoreMenuOptions,,,,Add bulk operation options for packing and unpacking items.,Mod
UpgradeableStorage,Upgradeable Storage,1.3.0,Bonk,42.0,"Upgrade container capacity using materials and skills. Wood containers need planks + nails, metal containers need welding equipment.",Mod
EHR,Extensive Health Rework B42,2.8.0,,42.0.0,Realistic blood and health system for Project Zomboid B42,Mod
BurdSurvivalJournals,Burd's Survival Journals,0.55,Burd,42.15,"Record your survival skills in personal journals and learn from fallen survivors. Find worn journals in bookshelves and desks, or loot bloody journals from zombie corpses for rare XP and trait rewards.",Mod
TheyKnewB42PatchPatch,They Knew B42 Patch Patch,,,42.13.0,Patch for the patch for they knew b42,Mod
XantjiRecycleEverything,Xantji's Recycle Everything,1.0.13,Xantji,42.13,Sincerely Xantji,Mod
TMItemMPSyncFix,True Music Media Item MP Sync Fix,1.0.1,,42.0,"Fix a bug with True Music cassettes/vinyls stuck in main inventory after removing from devices, requires Multiplayer Timed Actions Fix",Mod
Reading+,[B42.13]Reading+,1.3.2,Wttita,42.13,A mod that adds a few reading functionalities.,Mod
EPR_B42,Extensive Power Rework B42 WIP,1.0.3,,42.0.0,Power and water infrastructure overhaul for Project Zomboid B42. Repair substations and water treatment facilities to restore utilities to zones.,Mod
Neat_Controller_Support,Neat Crafting & Building Controller Support,1.3,bin^2,42.13,手柄可用于配方选择和界面导航。,Mod
ProjectArcade,,3.0,Bass,42.15,,Mod
ISAMP,Immersive Solar Arrays [MP],0.2.0,"RadX5, Poltergeist, Some unknown person",42.16,Immersive Solar Arrays (ISA) adds new items and lets you harvest solar power for the needs of your base!,Mod
96lancerEVO,'96 Mitsubishi Lancer EVO IV,,KI5,42.13.0,This mod adds Mitsubishi Lancer EVO IV from 1996,Mod
CAExtendedCategories,Extended categories (B42),0.17.0,Kechna,42.0.0,Adds many new item categories to the game for better inventory organization.,Mod
TrueActionsDancing,True Actions Dancing,2.11,Tchernobill,42.13.2,This is a classic dance mod. <LINE>It adds magazines that teach the player ordinary dances and cards that unlock access to difficult dances. <LINE>Port and ReUpload to B42,Mod
LeanAndLie,Lean & Lie,1.14,Tchernobill,42.13,Lean & Lie down options inspired by iBrRus. Rebuilt for B42.,Mod
PA-Essentials-Addon,Project Arcade Essentials - Prize Addon,1.0,Bass,42.13,,Mod
Lingering Voices CN,Lingering Voices CN,1.0.3,bin^2,42.13.1,包括扑击、踉跄、假死、敲门和攻击时的台词，让中文玩家获得更好的游戏体验。,Mod
EPR_B42_CN,Extensive Power Rework B42 CN,1.1.0,bin^2,42.0.0,Extensive Power Rework B42 中文补丁,Mod
EHR_CN,Extensive Health Rework B42 CN,1.1.4,bin^2,42.15.0,Extensive Health Rework B42 中文补丁,Mod
ReactiveSE,Reactive Sound Events,1.1.1,JulianFVM,42.15,- Fully configurable sandbox options and Multiplayer support (for sounds). <LINE>,Mod
Horse,Horse Mod,1.0.6,Horse team,42.13.0,"The Horse mod adds horses to Project Zomboid, allowing the player to care for them, ride them, and much more. A stamina system makes riding feel more realistic. Craft a saddle to make your rides more comfortable, or live the life of a true nomad by adding saddlebags to your horse. If you prefer a rancher’s lifestyle, you can also craft glue from horse hooves, which works similarly to wood glue.",Mod
EnergyRoutingSystem,ERS – Energy Routing System,1.5,DarylMasterGG,42.13.0,"Advanced off-grid energy management system for Project Zomboid. Adds a server-authoritative Energy Routing Controller with real-time UI, solar panels, wind turbines, batteries, energy storage, consumption groups, priority modes, degradation, and maintenance-ready mechanics. Designed for realistic survival gameplay.",Mod
LEGION18,LEGION,,,,This mod adds Legion Weaponry.,Mod
Rollerblades42,,,,42.0,"Adds rollerblades as footwear with terrain-based speed modifications. Go fast on pavement, slower on grass, and watch out on stairs!",Mod
PlayableGameBoyB42,Playable GameBoy B42,,,,GameBoy Emulator for Build 42,Mod
BuildablePump,Buildable Water Pump,,,,Adds a buildable water pump.,Mod
FE_CommonSensePatch,Common Sense Patch [B42.13+],1.3.2,FeedeameEsta,,"Unofficial compatibility patch for Common Sense by BitBraven. Fixes Lua errors, crowbar/vehicle prying (MP sync + persistence), vehicle mechanics menu, fuel system (restored broken function signatures), item equipping, and Obvious Collecting for Build 42.13+. All credit for the original mod goes to BitBraven.",Mod
LKB42,Legendary Katana Wakizashi,1.0.5,,,"<RGB:0.8,1,0>You will be unstoppable with these legendary equip.",Mod
QRBG,Quick Remove Broken Glass [B42] [MP],0.1,PikaaMel,42.0.0,"Tired of the tedious context menus just to clear a window? This Mod provides a seamless, tactical way to clean up smashed windows instantly with a single button press. Designed for Build 42, this mod is fully optimized for both Keyboard and Controller players!",Mod
OTsFalloutWeaponry,[B42] OT's Fallout: Weaponry,,,,A collection of weapons from the Fallout series created in the style of Project Zomboid.,Mod
Snowman,Snowman,1.1.0,carlesturo,42.13.0,Make a Snowman.,Mod
LPTB42,Legendary Professions and Traits,1.0.1,,,This mod adds new professions and legendary traits <LINE>,Mod
EnergyRoutingSystem_CN,ERS_EnergyRoutingSystem_CN,1.0.4,七月十二,42.13.0,ERS - Energy Routing System 中文汉化,Mod
KI5campers,Campers!,,KI5,42.13.0,This mod adds a collection of lore friendly campers,Mod
dustinguished_bolt_cutters,dustinguished bolt cutters,1.2,dustinguished,42.15,Add realistic functionality to bolt cutters,Mod
ERS_SmallProducersPack,ERS – Small Producers Pack,1.0,DarylMasterGG,42.13.0,Early game compact energy producers compatible with ERS Framework.,Mod
KEEcomb,KEE NPC Combinations [B42],1.3,xylewood,42.14,LOAD AFTER ALL MODS! Provides support for various modded items to use with KEE NPCs,Mod
OcciferCodys_RainWashesVehicles,Occifer Codys Rain Washes Vehicles,1.7,OcciferCody,42.15,Rain washes blood from vehicles!,Mod
WMTBoat,WestpointMilitaryTugBoat,,,,texthere,Mod
TanksHavePropane42,Tanks Have Propane (B42),1.2.0,Azexor,,Allows propane tanks and blowtorches to be refilled at propane storage tanks (Fossoil & Gas2Go). Modified from Pumps Have Propane.,Mod
ERS_SmallProducersPack_CN,ERS – Small Producers Pack 中文补丁,1.0.1,bin^2,42.15.0,Early game compact energy producers compatible with ERS Framework.,Mod
Muldraugh-Checkpoint,Muldraugh-Military checkpoint -Overpass,,,,texthere,Mod
ShelterHold_Beehive,ShelterHold:Beehive,1.0,Rocco,42.12.0,ShelterHold:Beehive,Mod
SolarFloodlight,Solar Floodlight,0.6.6,Alex Ron,42.15,- Singleplayer and multiplayer friendly <LINE>,Mod
IndustrialWorks,Industrial Works,1.2,Mickey Knox,42.14.1,"This mod converts some industrial tiles without any use into functional ones. <LINE><LINE><RGB:0.2,1,0.5> A commission at Caçador's request. <LINE><LINE><LINE><LINE><LINE><LINE><LINE><RGB:1,1,1> Created by <RGB:1,0.6,0.2>Mickey Knox",Mod
SkillTapesMissingCodes42,[WYD] VHS Skill Tapes: Missing Codes,1.2,Wyr3d,42.13.0,"Adds codes for Short Blunt, Maintenance, Glassmaking, Metalworking (Blacksmith), Animal Care, Butchering, and Tracking.",Mod
SkillTapesBlacksmith42,[WYD] VHS Skill Tapes: Blacksmithing,1.1,Wyr3d,42.17.0,Adds VHS tapes Blacksmithing. Series has 6 episodes that give XP.,Mod
SkillTapesButcher42,[WYD] VHS Skill Tapes: Butchering,1.1,Wyr3d,42.0.0,Adds VHS tapes Butchering. Series has 6 episodes that give XP.,Mod
SkillTapesCarver42,[WYD] VHS Skill Tapes: Carving,1.1,Wyr3d,42.0.0,Adds VHS tapes Carving. Series has 6 episodes that give XP.,Mod
SkillTapesDriver42,[WYD] VHS Skill Tapes: Driving,1.1,Wyr3d,42.13.0,Adds VHS tapes Driving. Series has 6 episodes that give XP.,Mod
SkillTapesElectric42,[WYD] VHS Skill Tapes: Electrical,1.1,Wyr3d,42.0.0,Adds VHS tapes Electrical. Series has 6 episodes that give XP.,Mod
SkillTapesFarm42,[WYD] VHS Skill Tapes: Farming,1.1,Wyr3d,42.0.0,Adds VHS tapes Farming. Series has 6 episodes that give XP.,Mod
UnifiedCarryWeightFramework,Unified Carry Weight Framework,2.0.1,,42.15,Unified Carry Weight Framework that allows multiple different mods affect carry weight without conflicts.,Mod
NikLeverActionAnimset,Lever Action Animations,,VerySaltyOreos & Nik,,Animation set for lever action rifles.,Mod
SimpleStatusFix,Simple Status B42.15+ Fix,1.1.0,,42.15.0,42.15+ compatibility fix for Simple Status. Enable alongside Simple Status.,Mod
CaffeineMakesSense,Caffeine Makes Sense,1.0.5,Deharath,42.14.0,"Caffeine is a masking agent, not a fatigue cure. Replaces vanilla's instant fatigue removal with gradual onset, fatigue masking, natural rebound, and a sleep-quality penalty.",Mod
ReloadSpeedFix,Reload Speed Fix [B42],,,42.15,"Affects: ISLoadBulletsInMagazine, ISUnloadBulletsFromMagazine. All other reload types were already working correctly.",Mod
SkillTapesMedic42,[WYD] VHS Skill Tapes: First Aid,1.1,Wyr3d,42.0.0,Adds VHS tapes First Aid. Series has 6 episodes that give XP.,Mod
SkillTapesFish42,[WYD] VHS Skill Tapes: Fishing,1.1,Wyr3d,42.0.0,Adds VHS tapes Fishing. Series has 6 episodes that give XP.,Mod
SkillTapesForage42,[WYD] VHS Skill Tapes: Foraging,1.1,Wyr3d,42.0.0,Adds VHS tapes Foraging. Series has 6 episodes that give XP.,Mod
SkillTapesGlass42,[WYD] VHS Skill Tapes: Glassmaking,1.1,Wyr3d,42.17.0,Adds VHS tapes Glassmaking. Series has 6 episodes that give XP.,Mod
SkillTapesHusbandry42,[WYD] VHS Skill Tapes: Husbandry,1.1,Wyr3d,42.0.0,Adds VHS tapes Husbandry. Series has 6 episodes that give XP.,Mod
SkillTapesKnapping42,[WYD] VHS Skill Tapes: Knapping,1.1,Wyr3d,42.0.0,Adds VHS tapes Knapping. Series has 6 episodes that give XP.,Mod
equipmentuipatch,Equipment UI Patch,,,42.15,Translation Patch and Icon Scaling Patch,Mod
EHR_TranslationFix,EHR B42.15 Translation Fix,1.0,,,Fixes UI_ prefixes appearing in Extensive Health Rework by providing B42.15-compatible JSON translations. Enable AFTER Extensive Health Rework B42 in the mod list.,Mod
SkillTapesMason42,[WYD] VHS Skill Tapes: Masonry,1.1,Wyr3d,42.0.0,Adds VHS tapes Masonry. Series has 6 episodes that give XP.,Mod
SkillTapesMechanic42,[WYD] VHS Skill Tapes: Mechanics,1.1,Wyr3d,42.0.0,Adds VHS tapes Mechanics. Series has 6 episodes that give XP.,Mod
SkillTapesMetalwork42,[WYD] VHS Skill Tapes: Metalworking,1.1,Wyr3d,42.0.0,Adds VHS tapes Metalworking. Series has 6 episodes that give XP.,Mod
SkillTapesPottery42,[WYD] VHS Skill Tapes: Pottery,1.1,Wyr3d,42.0.0,Adds VHS tapes Pottery. Series has 6 episodes that give XP.,Mod
SkillTapesScavenge42,[WYD] VHS Skill Tapes: Scavenging,1.1,Wyr3d,42.13.0,Adds VHS tapes Scavenging. Series has 6 episodes that give XP.,Mod
HideInCarB42_Fix,Hide in Car B42.15 Fix,1.0,,,Fixes Lua crash (hasTrait) and translation strings for Hide in Car B42 in B42.15+. Enable AFTER Hide in Car - B42 fix.,Mod
ReplaceBandage_B4215_Fix,Replace Bandage B42.15 Translation Fix,1.0,Ice Cold,,Fixes translation strings for Replace Bandage in B42.15+. Enable AFTER Replace Bandage.,Mod
SkillTapesTailor42,[WYD] VHS Skill Tapes: Tailoring,1.1,Wyr3d,42.0.0,Adds VHS tapes Tailoring. Series has 6 episodes that give XP.,Mod
SkillTapesTracker42,[WYD] VHS Skill Tapes: Tracking,1.1,Wyr3d,42.0.0,Adds VHS tapes Tracking. Series has 6 episodes that give XP.,Mod
SkillTapesTrapper42,[WYD] VHS Skill Tapes: Trapping,1.1,Wyr3d,42.0.0,Adds VHS tapes Trapping. Series has 6 episodes that give XP.,Mod
SkillTapesWoodcutter42,[WYD] VHS Skill Tapes: Woodcutting,1.1,Wyr3d,42.0.0,Adds VHS tapes Woodcutting. Series has 6 episodes that give XP.,Mod
SkillTapesCombat42,[WYD] VHS Skill Tapes: Combat,1.1,Wyr3d,42.0.0,Adds VHS tapes Combat. Series has 4 episodes that give XP. Also a VHS tape Kentucky Fire Commission.,Mod
SkillTapesIAmaLazyShmoo,[WYD] VHS Skill Tapes: I Am a Lazy Shmoo,1.1,Wyr3d,42.0.0,You are clearly one lazy shmoo. Adds all the skill tapes series so you don't have to.,Mod
Xixi's Serene Cottage,[B42]Xixi's Serene Cottage,,Xiyanyue,,Find your own hope and future!,Mod
FuctionalTV,Movies & Series [B42],,,,Functional TV for B42.,Mod
AEBSWeatherFix,AEBS Weather Fix,1.0,,42.15.0,Fixes AEBS weather broadcast displaying raw %s placeholders instead of actual values (Build 42.15+ bug). Self-disabling: automatically becomes a no-op when the bug is fixed upstream.,Mod
XantjiRecycleEverything_CN,Xantji's Recycle Everything 中文补丁,1.0.13,bin^2,42.15,Sincerely Xantji,Mod
PerkTrack,Perk Track,,KyoBeta,,Mod para dar track nas suas perks.,Mod
LTWB42,Legendary Tactical Weapons,1.0.8,,,"<RGB:0.8,1,0>You will be unstoppable with these legendary tactical weapons.",Mod
FixAnimalTrailers,Fix Animal Trailers,,,,"Gracias por interesarte en mis mods, si te gustan y quieres apoyar mi trabajo, puedes hacer donativos a travs de PayPal o Binance en (fraga.aranda@gmail.com) <LINE> <LINE> Este mod facilita el transporte de animales. Actualmente, hay ocasiones en que los trailers no se pueden remolcar, debido a un bug de peso y masa, este mod arregla eso y aumenta su capacidad de 500 a 1200. Este mod es compatible con el trailer de animales de KI5. Ahora se pueden transportar mas animales, sin bugs de peso. <LINE> <LINE> Thank you for your interest in my mods. If you like them and would like to support my work, you can make voluntary donations via PayPal or Binance to (fraga.aranda@gmail.com) <LINE> <LINE> This mod makes transporting animals easier. Currently, there are times when trailers cannot be towed due to a weight and mass bug; this mod fixes that and increases their capacity from 500 to 1200. This mod is compatible with the KI5 animal trailer. Now you can transport more animals without weight bugs.",Mod
cf_home_fix,[B42] Home Inventory Improved FIX for B42.15+,1.0.0,,42.15.0,Fix for [B42] Home Inventory Improved,Mod
Neat_Livestock,Neat Livestock,1.1.5,ArtNod,42.15,"Redesigns the livestock management UI (zones, check zone, animal info) to match the NeatUI theme.",Mod
PS5_DS_Support,PS5 DualSense Support,,,,Adds support for PS5 DualSense Controller (via Steam Input),Mod
DiseaseMod_TranslationFix,Realistic Disease Mod - Translation Fix (42.15+),1.12,BigMam,42.13.0,"Translation patch for Realistic Disease Mod on Build 42.15+. Includes EN, RU, DE, and UA translations.",Mod
ERS_NetworkInfrastructurePack,ERS - Network Infrastructure Pack,1.0,DarylMasterGG,42.13.0,"Adds a server-authoritative network extender for ERS with explicit cable connections, persistent node IDs, and controller-driven traversal.",Mod
LootGoblin2000,Loot Goblin 2000,1.1.1,deseven,42.14,Your trusty little companion for finding all the good stuff.,Mod
ConniesEchoCreekSpawnLocation,Connie's Echo Creek Spawn Location,0.0.1,Connie,42.16,Adds Echo Creek as spawn location.,Mod
VaultTec B42 version,VaultTec B42 version,,,,VaultTec B42 version,Mod
buckmaDictionaryFix16,"42.16 Conversion Fix [do not activate, it does nothing as a mod]",0.2,buckma22,42.17.0,THIS IS NOT A MOD THAT YOU CAN ENABLE. Please go back to the workshop page and read the instructions :),Mod
Xiaomi_SU7,Xiaomi_SU7 [B42],,,,,Mod
nailgunsb42,NailGun [B42],,Mr MaeuL,,"Build fast, survive fast! This mod introduces a fully functional Nail Gun to Knox Country, serving as both a highly efficient carpentry tool and a deadly ranged weapon.",Mod
KU_CommonSensePatch,Common Sense Patch [B42.16.1],1.0,Kurozzo,,Unofficial compatibility patch for Common Sense by Kurozzo.,Mod
MeatExpansion,Meat Expansion,5.0,YumiNekoGirl,42.16,"Ever looked at a butchered cow in Project Zomboid and thought: ""That is NOT enough meat""?",Mod
Neat_Generator,Neat Generator,1.2.1,ArtNod,42.16,"Redesigns the Generator info window with colour-coded fuel and condition bars, estimated run time, power consumption list, and power range overlays — all in the NeatUI theme.",Mod
BetterFilter,Better Filter [MP],,,42.0.0,Filter x20 & Can make filter.,Mod
MakeEnginePartsSP,Make Engine Parts [B42],1.0,,42.13.0,Adds recipies to craft your own engine parts! Especially usefull on servers to prevent every single car being stripped of it's engine.,Mod
Chinatown B42 version,Chinatown B42 version,,,,Welcome to Chinatown,Mod
Chinatown Expansion B42 version (Less Traffic Jam),Chinatown Expansion B42 version (Less Traffic Jam),,,,Chinatown Expansion B42 version (Less Traffic Jam),Mod
Chinatown Expansion B42 version,Chinatown Expansion B42 version,,,,Chinatown Expansion B42 version,Mod
TheArk,The Ark,,Slayer,,"The Ark is a direct sequel to the Bandits: Week One mod, continuing the story after the dramatic events of the first chapter.",Mod
BanditsWeekOneTheArk_CN&CH,The Ark_简中繁中汉化,,patzzzz (CN/CH translation and optimization),42.0,The Ark《方舟》是 Bandits: Week One 模组<BR>的续作，紧接着《第一周》充满戏剧张力的第一章故事。,Mod
twisttool,TwisTonFire - Tool Priority,,,42.17,"<RGB:1,0.6,0.9> TwisTonFire - Tool Priority",Mod
DynamicHordeEventsB42,Dynamic Horde Events B42,1.0,FrozenHeart,42.17,Configurable horde events for Project Zomboid B42.17.,Mod
VHSSkillNameInTooltip,[B42] Show VHS skills in tooltip,1.1.2,Aire_Ayquaza,,Display VHS skill and recipes in tooltip,Mod
foodAll_v1,food expiration date,1.0.0,AL,42.17,显示预估食物过期时间.Display the estimated expiration date of the food.,Mod
STA_BetterHutches,StarkTruffle Additions - Better Hutches,1.1.5,StarkTruffle,42.17.0,Improvements to chicken hutches.,Mod
SWMG,Gunworks-gang,,,,"Gunworks Framework, Has all the functionalities to make your weapons pack be super cool! check the API docs in the mod folder to see how you can integrate in yours.",Mod
MarzGuns,Guns of Marz,,,42.16,Adds a good amount of guns packed with a lot of features,Mod
CleansingRain,Cleansing Rain [B42+MP],0.2.0,f3int,42.0.0,"A lightweight, performance-friendly mod that naturally cleans blood and dirt from your character, clothes, weapons, bags, and vehicles when it rains. Build 42 ready.",Mod
MoreBuilds,More Builds (B42),42-1.0.1,ProjectSky,42.0.0,"Project Zomboid more builds Mod (B42) <BR> author: ProjectSky <BR> Date: September 10, 2015 <BR> Contact: me@imsky.cc",Mod
USMilitaryPack,US Military Pack V4,,,42.13.0,This is a realistic mod who add military gears with UCP and OCP camouflage pattern and professions...,Mod
ToadTraitsDisableSpec,More Traits - Disable Specialization Traits,,,,"If this submod is enabled, Specialization traits will be disabled.",Mod
ToadTraitsDynamic,More Traits - Dynamic Traits,,,42.17,"If this submod is enabled, Dynamic perks will be enabled. If this mod is disabled, none of the perks in this mod are dynamic. Sandbox settings are present.",Mod
ToadTraitsDisablePrepared,More Traits - Disable Prepared Traits,,,,"If this submod is enabled, Prepared traits will be disabled.",Mod
ToadTraits,More Traits,,,42.17,Adds additional traits to the game to offer more balanced variety for character creation.,Mod
EvolvingTraitsWorldMarkDynamicTraits,Evolving Traits World (ETW) - Mark Dynamic Traits,1.0.4,,42.0,"Marks traits that can be lost/earned with (D). (P/D) means that they are permanent if picked in character creation, but if not picked they are dynamic and obtainable/losable during the game. Includes support for popular mods. Does not require main mod to be ran, can be run independently.",Mod
EasyLaundry,Easy Laundry [B42],42,Cosmic,42.00,Do the laundry efficently.,Mod
WolfExtractionQuest,Wolf Extraction Quest,0.1,Wolfshine,42.0.0,"A configurable endgame quest/mission/challenge. You got a map and an extraction point, you have to find a military walkie talkie to call the helicopter.. this is you mission, this is your hope.",Mod
FruitDriedTrex,,B42Makedriedfruit,B42,86400,,Recipe
Makebakingtraydriedfruittrex,,B42Makedriedfruit,B42,30,SliceFood_Surface,Recipe
Get4driedfruittrex,,B42Makedriedfruit,B42,60,Making,Recipe
UseWeaponRepairSolidGlue,,SuVanillaWeaponOverride_Expand,B42,50,Making,Recipe
MakeHarpoon,,SuVanillaWeaponOverride_Expand,B42,30,Welding,Recipe
MakeVanilla_Arrow,,SuVanillaWeaponOverride_Expand,B42,30,,Recipe
OpenDragon_Breath_ShotgunShell_Box,,SuVanillaWeaponOverride_Expand,B42,15,OpenShellsBox,Recipe
PlaceDragon_Breath_ShotgunShell_Box,,SuVanillaWeaponOverride_Expand,B42,15,PlaceAmmoInBox,Recipe
VanillaDoubleBarrelShotgunS_SlugToSpread,,SuVanillaWeaponOverride_Expand,B42,0,CraftKnifeSpear,Recipe
VanillaDoubleBarrelShotgunS_SpreadToSlug,,SuVanillaWeaponOverride_Expand,B42,0,CraftKnifeSpear,Recipe
VanillaJS2000TOJS2000_Dragon,,SuVanillaWeaponOverride_Expand,B42,0,CraftKnifeSpear,Recipe
VanillaJS2000_DragonTOJS2000,,SuVanillaWeaponOverride_Expand,B42,0,CraftKnifeSpear,Recipe
VanillaJS2000SawnoffTOJS2000Sawnoff_Dragon,,SuVanillaWeaponOverride_Expand,B42,0,CraftKnifeSpear,Recipe
VanillaJS2000Sawnoff_DragonTOJS2000Sawnoff,,SuVanillaWeaponOverride_Expand,B42,0,CraftKnifeSpear,Recipe
VanillaJS3T_ShotgunTOJS3T_Shotgun_Dragon,,SuVanillaWeaponOverride_Expand,B42,0,CraftKnifeSpear,Recipe
VanillaJS3T_Shotgun_DragonTOJS3T_Shotgun,,SuVanillaWeaponOverride_Expand,B42,0,CraftKnifeSpear,Recipe
MakeStickBomb,,SuVanillaWeaponOverride_HandMade,B42,50,CraftWeapon2H,Recipe
MakeGearAxe,,SuVanillaWeaponOverride_HandMade,B42,200,MakingHammer_Surface,Recipe
MakeHandmadeMetalGreatSword,,SuVanillaWeaponOverride_HandMade,B42,200,MakingHammer_Surface,Recipe
MakeDynamite3,,SuVanillaWeaponOverride_HandMade,B42,120,Making,Recipe
MakeCanClusterBomb,,SuVanillaWeaponOverride_HandMade,B42,120,Making,Recipe
MakeHomemadeSodaDemolitionMine,,SuVanillaWeaponOverride_HandMade,B42,120,Making,Recipe
MakeNailBomb,,SuVanillaWeaponOverride_HandMade,B42,50,Making,Recipe
SwitchNightstickToO,,SuVanillaWeaponOverride,B42,0,CraftKnifeSpear,Recipe
SwitchOToNightstick,,SuVanillaWeaponOverride,B42,0,CraftKnifeSpear,Recipe
FixAllMeleeWeapon,,SuVanillaWeaponOverride,B42,50,Making,Recipe
69miniMakeTire,,69mini,B42,200,Making,Recipe
69miniPS1MakeTire,,69mini,B42,200,Making,Recipe
69miniMakeHood,,69mini,B42,200,Welding,Recipe
69miniIJMakeHood,,69mini,B42,200,Welding,Recipe
69miniPS1MakeHood,,69mini,B42,200,Welding,Recipe
69miniMakeFrontDoor,,69mini,B42,200,Welding,Recipe
69miniMakeTrunkLid,,69mini,B42,200,Welding,Recipe
69miniMakeFrontSeat,,69mini,B42,200,Making,Recipe
69miniMakeRearSeat,,69mini,B42,200,Making,Recipe
69miniMakeFrontWindshield,,69mini,B42,200,Making,Recipe
69miniMakeFrontSideWindow,,69mini,B42,200,Making,Recipe
69miniMakeRearSideWindow,,69mini,B42,200,Making,Recipe
69miniMakeRearWindshield,,69mini,B42,200,Making,Recipe
69miniMakeFrontWindowArmor,,69mini,B42,200,Welding,Recipe
69miniMakeRearWindowArmor,,69mini,B42,200,Welding,Recipe
69miniMakeFrontWindshieldArmor,,69mini,B42,200,Welding,Recipe
69miniMakeRearWindshieldArmor,,69mini,B42,200,Welding,Recipe
69miniMakeFrontBumper0,,69mini,B42,200,Welding,Recipe
69miniMakeFrontBumper1,,69mini,B42,200,Welding,Recipe
69miniMakeFrontBumper2,,69mini,B42,200,Welding,Recipe
69miniMakeRearBumper0,,69mini,B42,200,Welding,Recipe
69miniMakeRearBumper1,,69mini,B42,200,Welding,Recipe
69miniMakeRoofrack,,69mini,B42,200,Welding,Recipe
69miniOpenCrate,,69mini,B42,100,Making,Recipe
OpenBoxOf50Bullets,,VFE,B42,15,OpenAmmoBox,Recipe
OpenBoxOf20Bullets,,VFE,B42,15,OpenAmmoBox,Recipe
OpenBoxOf25Bullets,,VFE,B42,15,OpenShellsBox,Recipe
place50BulletsInBox,,VFE,B42,15,PlaceAmmoInBox,Recipe
place20BulletsInBox,,VFE,B42,15,PlaceAmmoInBox,Recipe
place25BulletsInBox,,VFE,B42,15,PlaceAmmoInBox,Recipe
OpenPackOfAmmo,,VFE,B42,50,UnPackBox,Recipe
PackBoxesAmmo,,VFE,B42,50,PackingBox,Recipe
OpenCaseOfAmmo,,VFE,B42,50,UnPackBox,Recipe
CaseBoxesAmmo,,VFE,B42,50,PackingBox,Recipe
OpenCrateOfAmmo,,VFE,B42,50,UnPackBox,Recipe
CrateBoxesAmmo,,VFE,B42,50,PackingBox,Recipe
OpenCartonOfBoxesOfAmmo,,VFE,B42,50,UnPackBox,Recipe
PlaceBoxesOfAmmoInCarton,,VFE,B42,50,PackingBox,Recipe
MoksCellar,,MoksPackaging(NoLoot),B41,500.0,,Recipe
MoksOpenTheBox,,MoksPackaging(NoLoot),B41,280.0,,Recipe
MoksPackInABox,,MoksPackaging(NoLoot),B41,280.0,,Recipe
MoksMetabolizer,,MoksMedicine,B41,10.0,,Recipe
MoksMildronateTablet,,MoksMedicine,B41,10.0,,Recipe
MoksActivatedCarbonTablet,,MoksMedicine,B41,10.0,,Recipe
MoksGlycineTablet,,MoksMedicine,B41,10.0,,Recipe
MoksPackagingOfAntibiotics,,MoksMedicine,B41,10.0,,Recipe
MoksPackageOfPeanuts,,MoksFoods,B41,160.0,,Recipe
MoksAPackOfSunflowerSeeds,,MoksFoods,B41,160.0,,Recipe
MoksPackOfBeefJerky,,MoksFoods,B41,160.0,,Recipe
MoksDehydratedMeatStick,,MoksFoods,B41,160.0,,Recipe
MoksPackTeaOpen,,MoksFoods,B41,80.0,,Recipe
MoksPackTeaClosed,,MoksFoods,B41,80.0,,Recipe
MoksHamInVacuumPackaging,,MoksFoods,B41,160.0,,Recipe
MoksPepperoniInVacuumPackaging,,MoksFoods,B41,160.0,,Recipe
MoksPackOfNachos,,MoksFoods,B41,160.0,,Recipe
MoksCondensedMilkOpen,,MoksFoods,B41,80.0,,Recipe
MoksCannedCatFoodOpen,,MoksFoods,B41,80.0,,Recipe
MoksCannedShrimpOpen,,MoksFoods,B41,80.0,,Recipe
MoksCannedShrimp,,MoksFoods,B41,80.0,,Recipe
MoksCannedCaviarOpen,,MoksFoods,B41,80.0,,Recipe
MoksCannedCaviar,,MoksFoods,B41,80.0,,Recipe
MoksJarPickles,,MoksFoods,B41,80.0,,Recipe
MoksCookiesBox,,MoksFoods,B41,80.0,,Recipe
MoksCookies,,MoksFoods,B41,80.0,,Recipe
MoksTwinkies2,,MoksFoods,B41,80.0,,Recipe
MoksTobaccoLeaves2,,MoksForagingAndFarming,B41,120.0,,Recipe
MoksTobacco,,MoksForagingAndFarming,B41,200.0,,Recipe
BMPrepareGlassShards,,BuildingMenu,B41,50.0,,Recipe
BMUnprepareGlassShards,,BuildingMenu,B41,50.0,,Recipe
BMRemoveGlassPane,,BuildingMenu,B41,30.0,,Recipe
BMSmashGlassJar,,BuildingMenu,B41,15.0,,Recipe
BMSmashGlassPane,,BuildingMenu,B41,34.0,,Recipe
BMSmashWindshield,,BuildingMenu,B41,120.0,,Recipe
BMSmashWindows,,BuildingMenu,B41,100.0,,Recipe
BMWindshield1,,BuildingMenu,B41,900.0,,Recipe
BMRearWindshield1,,BuildingMenu,B41,900.0,,Recipe
BMFrontWindow1,,BuildingMenu,B41,600.0,,Recipe
BMRearWindow1,,BuildingMenu,B41,600.0,,Recipe
BMWindshield2,,BuildingMenu,B41,900.0,,Recipe
BMRearWindshield2,,BuildingMenu,B41,900.0,,Recipe
BMFrontWindow2,,BuildingMenu,B41,600.0,,Recipe
BMRearWindow2,,BuildingMenu,B41,600.0,,Recipe
BMWindshield3,,BuildingMenu,B41,900.0,,Recipe
BMRearWindshield3,,BuildingMenu,B41,900.0,,Recipe
BMFrontWindow3,,BuildingMenu,B41,600.0,,Recipe
BMRearWindow3,,BuildingMenu,B41,600.0,,Recipe
PrepareOmeletteInMessTin,,lilliesbettermilitaryclothes,B42,10,MixingBowl,Recipe
PutFilterOnM17GasMask,,lilliesbettermilitaryclothes,B42,30,Making,Recipe
AddNBCHood,,lilliesbettermilitaryclothes,B42,30,Making,Recipe
RemoveNBCHood,,lilliesbettermilitaryclothes,B42,30,Making,Recipe
AddPASGTHelmetCover,,lilliesbettermilitaryclothes,B42,30,Making,Recipe
RemovePASGTHelmetCover,,lilliesbettermilitaryclothes,B42,30,Making,Recipe
AddM1HelmetCover,,lilliesbettermilitaryclothes,B42,30,Making,Recipe
RemoveM1HelmetCover,,lilliesbettermilitaryclothes,B42,30,Making,Recipe
AddPASGTVestCoverGreen,,lilliesbettermilitaryclothes,B42,30,Making,Recipe
RemovePASGTVestCoverGreen,,lilliesbettermilitaryclothes,B42,30,Making,Recipe
AddPASGTVestCoverOD,,lilliesbettermilitaryclothes,B42,30,Making,Recipe
RemovePASGTVestCoverOD,,lilliesbettermilitaryclothes,B42,30,Making,Recipe
OpenFieldDressing,,lilliesbettermilitaryclothes,B42,5,Making,Recipe
WearTowelAsScarf,,lilliesbettermilitaryclothes,B42,30,Making,Recipe
UseTowelScarfAsTowel,,lilliesbettermilitaryclothes,B42,30,Making,Recipe
CreateNotebookLab,,zRe Vaccin,B41,100.0,,Recipe
CreateNotebookVaccineStart,,zRe Vaccin,B41,800.0,,Recipe
UpToVaccineTo2lvlOne,,zRe Vaccin,B41,400.0,,Recipe
UpToVaccineTo2lvlTwo,,zRe Vaccin,B41,400.0,,Recipe
UpToVaccineTo3lvlOne,,zRe Vaccin,B41,400.0,,Recipe
UpToVaccineTo3lvlTwo,,zRe Vaccin,B41,400.0,,Recipe
UpToVaccineTo4lvlOne,,zRe Vaccin,B41,400.0,,Recipe
UpToVaccineTo4lvlTwo,,zRe Vaccin,B41,400.0,,Recipe
UpToVaccineTo5lvlOne,,zRe Vaccin,B41,400.0,,Recipe
UpToVaccineTo5lvlTwo,,zRe Vaccin,B41,400.0,,Recipe
FrnMakeFormaForTestTube,,zRe Vaccin,B41,350.0,,Recipe
FrnMakeFormaForFlask,,zRe Vaccin,B41,350.0,,Recipe
FrnMakeFormaForSyringeReusable,,zRe Vaccin,B41,350.0,,Recipe
FrnMakeFormaForJar,,zRe Vaccin,B41,350.0,,Recipe
FrnMakeFormaForJarLid,,zRe Vaccin,B41,350.0,,Recipe
FrnMakeFormaForNeedle,,zRe Vaccin,B41,350.0,,Recipe
FrnMakeFormaForSmallMetallList,,zRe Vaccin,B41,350.0,,Recipe
FrnMakeFormaHeadHeavyHammer,,zRe Vaccin,B41,350.0,,Recipe
FrnMakeFormaHeadFireAxe,,zRe Vaccin,B41,350.0,,Recipe
FrnMakeTestTube,,zRe Vaccin,B41,350.0,,Recipe
FrnMakeSyringeReusable,,zRe Vaccin,B41,350.0,,Recipe
FrnMakeFlask,,zRe Vaccin,B41,350.0,,Recipe
FrnMakeJar,,zRe Vaccin,B41,350.0,,Recipe
FrnMakeJarLid,,zRe Vaccin,B41,350.0,,Recipe
FrnMakeNeedle,,zRe Vaccin,B41,350.0,,Recipe
FrnMakeSmallSheetMetal,,zRe Vaccin,B41,350.0,,Recipe
FrnMakeHeadFireAxe,,zRe Vaccin,B41,350.0,,Recipe
FrnMakeHeadHeavyHammer,,zRe Vaccin,B41,350.0,,Recipe
FrnMeltGoldJewelry,,zRe Vaccin,B41,80.0,,Recipe
FrnMeltSilverJewelry,,zRe Vaccin,B41,80.0,,Recipe
ReFireAxe,,zRe Vaccin,B41,400.0,,Recipe
ReSledgehammer,,zRe Vaccin,B41,400.0,,Recipe
TupoeGovnoCompWork,,zRe Vaccin,B41,1300.0,,Recipe
LabAssembleMicroscope,,zRe Vaccin,B41,620.0,,Recipe
LabAssembleChromatograph,,zRe Vaccin,B41,1300.0,,Recipe
LabAssembleSpectrometer,,zRe Vaccin,B41,750.0,,Recipe
LabAssembleChemistrySet,,zRe Vaccin,B41,700.0,,Recipe
LabAssembleCentrifuge,,zRe Vaccin,B41,860.0,,Recipe
LabAssembleMuffleFurnace,,zRe Vaccin,B41,900.0,,Recipe
LabAssembleWorkbench,,zRe Vaccin,B41,1000.0,,Recipe
LabAssembleEasel,,zRe Vaccin,B41,420.0,,Recipe
DecAssembleWhiteboard,,zRe Vaccin,B41,410.0,,Recipe
DecPaintPeriodicTablePoster,,zRe Vaccin,B41,320.0,,Recipe
DecPaintWashYourHandsPoster,,zRe Vaccin,B41,320.0,,Recipe
DecPaintBiohazardPoster,,zRe Vaccin,B41,320.0,,Recipe
DecPaintHumanBrainPoster,,zRe Vaccin,B41,320.0,,Recipe
ChmTakeBloodForAnalysis,,zRe Vaccin,B41,120.0,,Recipe
ChmTakeBloodForAnalysisTwo,,zRe Vaccin,B41,120.0,,Recipe
ChmGetBloodTest,,zRe Vaccin,B41,270.0,,Recipe
ChmGetBloodTestTwo,,zRe Vaccin,B41,270.0,,Recipe
ChmCollectInfectedBlood,,zRe Vaccin,B41,80.0,,Recipe
ChmCollectInfectedRareBlood,,zRe Vaccin,B41,80.0,,Recipe
ChmDivideBloodIntoComponents,,zRe Vaccin,B41,200.0,,Recipe
ChmExtractLeukocytesFromBloodCells,,zRe Vaccin,B41,250.0,,Recipe
ChmExtractAntibodiesFromLeukocytes,,zRe Vaccin,B41,300.0,,Recipe
ChmSynthesizePlainVaccine,,zRe Vaccin,B41,200.0,,Recipe
ChmSynthesizePlainVaccineTwo,,zRe Vaccin,B41,200.0,,Recipe
ChmSynthesizeQualityVaccine,,zRe Vaccin,B41,300.0,,Recipe
ChmSynthesizeQualityVaccineTwo,,zRe Vaccin,B41,300.0,,Recipe
ChmSynthesizeAdvancedVaccine,,zRe Vaccin,B41,400.0,,Recipe
ChmSynthesizeAdvancedVaccineTwo,,zRe Vaccin,B41,400.0,,Recipe
ChmSynthesizeCure,,zRe Vaccin,B41,500.0,,Recipe
ChmSynthesizeCureTwo,,zRe Vaccin,B41,500.0,,Recipe
ChmSynthesizeSerum,,zRe Vaccin,B41,500.0,,Recipe
ChmSynthesizeSerumTwo,,zRe Vaccin,B41,500.0,,Recipe
ChmGetAnInjectionSerum,,zRe Vaccin,B41,120.0,,Recipe
ChmGetAnInjectionSerumTwo,,zRe Vaccin,B41,120.0,,Recipe
ChmGetAnInjection,,zRe Vaccin,B41,120.0,,Recipe
ChmGetAnInjectionTwo,,zRe Vaccin,B41,120.0,,Recipe
ChmMixFlaskOfSodiumHypochlorite,,zRe Vaccin,B41,150.0,,Recipe
ChmMixFlaskOfAmmoniumSulfate,,zRe Vaccin,B41,150.0,,Recipe
ChmMixFlaskOfHydrogenPeroxide,,zRe Vaccin,B41,150.0,,Recipe
ChmMakeAlbumin,,zRe Vaccin,B41,200.0,,Recipe
ChmMakeChlorineTablets,,zRe Vaccin,B41,200.0,,Recipe
ChmMakeBottleOfBleach,,zRe Vaccin,B41,250.0,,Recipe
ChmMakeBottleOfDisinfectant,,zRe Vaccin,B41,250.0,,Recipe
zReMakeMildewCure,,zRe Vaccin,B41,250.0,,Recipe
ChmSterilizeTestTube,,zRe Vaccin,B41,75.0,,Recipe
ChmSterilizeTestTube2,,zRe Vaccin,B41,75.0,,Recipe
ChmSterilizeFlask,,zRe Vaccin,B41,75.0,,Recipe
ChmSterilizeFlask2,,zRe Vaccin,B41,75.0,,Recipe
ChmPourTaintedBlood,,zRe Vaccin,B41,60.0,,Recipe
ChmSterilizeLabSyringeReusable,,zRe Vaccin,B41,75.0,,Recipe
ChmSterilizeLabSyringeReusable2,,zRe Vaccin,B41,75.0,,Recipe
OthCork,,zRe Vaccin,B41,300.0,,Recipe
OthShatterPerfumeVial,,zRe Vaccin,B41,45.0,,Recipe
OthShatterCologneVial,,zRe Vaccin,B41,45.0,,Recipe
OthShatterCarGlass,,zRe Vaccin,B41,75.0,,Recipe
OthShatterCarWindshield,,zRe Vaccin,B41,75.0,,Recipe
OthUnpackSyringes,,zRe Vaccin,B41,60.0,,Recipe
OthPackSyringes,,zRe Vaccin,B41,60.0,,Recipe
OthUnpackTestTubes,,zRe Vaccin,B41,60.0,,Recipe
OthPackTestTubes,,zRe Vaccin,B41,60.0,,Recipe
OthUnpackFlasks,,zRe Vaccin,B41,60.0,,Recipe
OthPackFlasks,,zRe Vaccin,B41,60.0,,Recipe
82porsche911TurboMakeTire,,82porsche911,B42,200,Making,Recipe
82porsche911RWBMakeTire,,82porsche911,B42,200,Making,Recipe
82porsche911SCTurboMakeTire,,82porsche911,B42,200,Making,Recipe
82porsche911TurboMakeHood,,82porsche911,B42,200,Welding,Recipe
82porsche911RWBMakeHood,,82porsche911,B42,200,Welding,Recipe
82porsche911SCMakeHood,,82porsche911,B42,200,Welding,Recipe
82porsche911MakeFrontDoor,,82porsche911,B42,200,Welding,Recipe
82porsche911MakeTrunkLid,,82porsche911,B42,200,Welding,Recipe
82porsche911MakeFrontSeat,,82porsche911,B42,200,Making,Recipe
82porsche911MakeFrontWindshield,,82porsche911,B42,200,Making,Recipe
82porsche911MakeFrontSideWindow,,82porsche911,B42,200,Making,Recipe
82porsche911MakeRearSideWindow,,82porsche911,B42,200,Making,Recipe
82porsche911MakeRearWindshield,,82porsche911,B42,200,Making,Recipe
82porsche911SCMakeRearWindshield,,82porsche911,B42,200,Making,Recipe
82porsche911MakeFrontWindshieldArmor,,82porsche911,B42,200,Welding,Recipe
82porsche911MakeFrontWindowArmor,,82porsche911,B42,200,Welding,Recipe
82porsche911MakeRearWindowArmor,,82porsche911,B42,200,Welding,Recipe
82porsche911MakeRearWindshieldArmor,,82porsche911,B42,200,Welding,Recipe
82porsche911SCMakeRearWindshieldArmor,,82porsche911,B42,200,Welding,Recipe
82porsche911MakeFrontBullbar,,82porsche911,B42,200,Welding,Recipe
82porsche911TurboMakeReinforcedFrontBumper,,82porsche911,B42,200,Making,Recipe
82porsche911RWBMakeReinforcedFrontBumper,,82porsche911,B42,200,Making,Recipe
82porsche911SCMakeReinforcedFrontBumper,,82porsche911,B42,200,Making,Recipe
82porsche911MakeRoofrack,,82porsche911,B42,200,Welding,Recipe
98stageaMakeTire,,98stagea,B42,200,Making,Recipe
98stageaMakeHood,,98stagea,B42,200,Welding,Recipe
98stageaMakeFrontDoor,,98stagea,B42,200,Welding,Recipe
98stageaMakeRearDoor,,98stagea,B42,200,Welding,Recipe
98stageaMakeTrunkLid,,98stagea,B42,200,Welding,Recipe
98stageaMakeFrontSeat,,98stagea,B42,200,Making,Recipe
98stageaMakeRearSeat,,98stagea,B42,200,Making,Recipe
98stageaMakeFrontWindshield,,98stagea,B42,200,Making,Recipe
98stageaMakeFrontSideWindow,,98stagea,B42,200,Making,Recipe
98stageaMakeRearSideWindow,,98stagea,B42,200,Making,Recipe
98stageaMakeBackSideWindow,,98stagea,B42,200,Making,Recipe
98stageaMakeRearWindshield,,98stagea,B42,200,Making,Recipe
98stageaMakeFrontWindshieldArmor,,98stagea,B42,200,Welding,Recipe
98stageaMakeFrontWindowArmor,,98stagea,B42,200,Welding,Recipe
98stageaMakeRearWindowArmor,,98stagea,B42,200,Welding,Recipe
98stageaMakeBackWindowArmor,,98stagea,B42,200,Welding,Recipe
98stageaMakeRearWindshieldArmor,,98stagea,B42,200,Welding,Recipe
98stageaMakeFrontBullbar,,98stagea,B42,200,Welding,Recipe
98stageaMakeReinforcedFrontBumper,,98stagea,B42,200,Welding,Recipe
98stageaMakeModernSmallRoofrack,,98stagea,B42,200,Welding,Recipe
98stageaMakeModernLargeRoofrack,,98stagea,B42,220,Welding,Recipe
87buickRegalMakeTire,,87buickRegal,B42,200,Making,Recipe
87buickRegalGNXMakeTire,,87buickRegal,B42,200,Making,Recipe
87buickRegalMakeHood,,87buickRegal,B42,200,Welding,Recipe
87buickRegalMakeFrontDoor,,87buickRegal,B42,200,Welding,Recipe
87buickRegalMakeTrunkLid,,87buickRegal,B42,200,Welding,Recipe
87buickRegalMakeFrontSeat,,87buickRegal,B42,200,Making,Recipe
87buickRegalMakeRearSeat,,87buickRegal,B42,200,Making,Recipe
87buickRegalMakeFrontWindshield,,87buickRegal,B42,200,Making,Recipe
87buickRegalMakeFrontSideWindow,,87buickRegal,B42,200,Making,Recipe
87buickRegalMakeRearSideWindow,,87buickRegal,B42,200,Making,Recipe
87buickRegalMakeRearWindshield,,87buickRegal,B42,200,Making,Recipe
87buickRegalMakeFrontWindshieldArmor,,87buickRegal,B42,200,Welding,Recipe
87buickRegalMakeFrontWindowArmor,,87buickRegal,B42,200,Welding,Recipe
87buickRegalMakeRearWindowArmor,,87buickRegal,B42,200,Welding,Recipe
87buickRegalMakeRearWindshieldArmor,,87buickRegal,B42,200,Welding,Recipe
87buickRegalMakeFrontBullbar,,87buickRegal,B42,200,Welding,Recipe
87buickRegalMakeRoofrack,,87buickRegal,B42,200,Welding,Recipe
87buickRegalMakeReinforcedFrontBumper,,87buickRegal,B42,200,Making,Recipe
DowngradeScrap,,RestoreUtilities,B41,30.0,,Recipe
UpgradeScrap,,RestoreUtilities,B41,120.0,,Recipe
InverterT1,,RestoreUtilities,B41,150.0,,Recipe
InverterT2,,RestoreUtilities,B41,200.0,,Recipe
RubberWiresT1,,RestoreUtilities,B41,150.0,,Recipe
RubberWiresT2,,RestoreUtilities,B41,200.0,,Recipe
CoilT1,,RestoreUtilities,B41,150.0,,Recipe
CoilT2,,RestoreUtilities,B41,200.0,,Recipe
SparePartsT1,,RestoreUtilities,B41,150.0,,Recipe
SparePartsT2,,RestoreUtilities,B41,200.0,,Recipe
MarkedCompsT1,,RestoreUtilities,B41,150.0,,Recipe
MarkedCompsT2,,RestoreUtilities,B41,200.0,,Recipe
NotesT1,,RestoreUtilities,B41,150.0,,Recipe
NotesT2,,RestoreUtilities,B41,200.0,,Recipe
73fordFalconMakeTire,,73fordFalcon,B42,200,Making,Recipe
73fordFalconMakeTirePS,,73fordFalcon,B42,200,Making,Recipe
73fordFalconMakeHood,,73fordFalcon,B42,200,Welding,Recipe
73fordFalconMakeHoodPS,,73fordFalcon,B42,200,Welding,Recipe
73fordFalconMakeFrontDoor,,73fordFalcon,B42,200,Welding,Recipe
73fordFalconMakeTrunkLid,,73fordFalcon,B42,200,Welding,Recipe
73fordFalconMakeFrontSeat,,73fordFalcon,B42,200,Making,Recipe
73fordFalconMakeRearSeat,,73fordFalcon,B42,200,Making,Recipe
73fordFalconMakeFrontWindshield,,73fordFalcon,B42,200,Making,Recipe
73fordFalconMakeFrontSideWindow,,73fordFalcon,B42,200,Making,Recipe
73fordFalconMakeRearSideWindow,,73fordFalcon,B42,200,Making,Recipe
73fordFalconMakeRearWindshield,,73fordFalcon,B42,200,Making,Recipe
73fordFalconMakeFrontWindshieldArmor,,73fordFalcon,B42,200,Welding,Recipe
73fordFalconMakeFrontWindowArmor,,73fordFalcon,B42,200,Welding,Recipe
73fordFalconMakeRearWindowArmor,,73fordFalcon,B42,200,Welding,Recipe
73fordFalconMakeRearWindshieldArmor,,73fordFalcon,B42,200,Welding,Recipe
73fordFalconMakeFrontBumper,,73fordFalcon,B42,200,Welding,Recipe
73fordFalconMakeFrontBullbar,,73fordFalcon,B42,200,Welding,Recipe
73fordFalconMakeFrontReinforcedBumper,,73fordFalcon,B42,200,Welding,Recipe
73fordFalconMakeFrontReinforcedBumperPS1,,73fordFalcon,B42,200,Welding,Recipe
73fordFalconMakeFrontReinforcedBumperPS2,,73fordFalcon,B42,200,Welding,Recipe
73fordFalconMakeRearBumper,,73fordFalcon,B42,200,Welding,Recipe
73fordFalconMakeRoofrack,,73fordFalcon,B42,200,Welding,Recipe
73fordFalconMakeStoragePS,,73fordFalcon,B42,200,Welding,Recipe
73fordFalconMakeMufflerPS,,73fordFalcon,B42,200,Welding,Recipe
76chevyKseriesMakeTire,,76chevyKseries,B42,200,Making,Recipe
76chevyKseriesMakeDoubleTires,,76chevyKseries,B42,250,Making,Recipe
76chevyKseriesDismantleDoubleTires,,76chevyKseries,B42,250,Making,Recipe
76chevyKseriesMakeHood,,76chevyKseries,B42,200,Welding,Recipe
76chevyKseriesMakeCutHood,,76chevyKseries,B42,200,Welding,Recipe
76chevyKseriesMakeTrunkLid,,76chevyKseries,B42,200,Welding,Recipe
76chevyKseriesFDMakeTrunkLid,,76chevyKseries,B42,200,Welding,Recipe
76chevyKseriesFDMakeStorageLids,,76chevyKseries,B42,200,Welding,Recipe
76chevyCseriesMakeTrunkLid,,76chevyKseries,B42,200,Welding,Recipe
76chevyCseriesMakeStorageLid,,76chevyKseries,B42,200,Welding,Recipe
76chevyKseriesMakeFrontSeat,,76chevyKseries,B42,200,Making,Recipe
76chevyKseriesMakeRearSeat,,76chevyKseries,B42,200,Making,Recipe
76chevyKseriesMakeFrontWindshieldArmor,,76chevyKseries,B42,200,Welding,Recipe
76chevyKseriesMakeFrontWindowArmor,,76chevyKseries,B42,200,Welding,Recipe
76chevyKseriesMakeRearWindowArmor,,76chevyKseries,B42,200,Welding,Recipe
76chevyKseriesMakeFrontBullbar,,76chevyKseries,B42,200,Welding,Recipe
76chevyKseriesMakeFrontSportGuard,,76chevyKseries,B42,200,Welding,Recipe
76chevyCseriesMakeFrontBullbar,,76chevyKseries,B42,200,Welding,Recipe
76chevyKseriesMakeRoofrack,,76chevyKseries,B42,200,Welding,Recipe
76chevyCseriesMakeRoofrack,,76chevyKseries,B42,200,Welding,Recipe
76chevyKseriesMakeRollbar,,76chevyKseries,B42,200,Welding,Recipe
76chevyKseriesMakeRollbarT2,,76chevyKseries,B42,200,Welding,Recipe
76chevyKseriesMakeToolbox,,76chevyKseries,B42,200,Welding,Recipe
76chevyKseriesMakeReinforcedRearBumper,,76chevyKseries,B42,200,Welding,Recipe
76chevyK10MakeBedCover,,76chevyKseries,B42,250,Welding,Recipe
76chevyK20MakeBedCover,,76chevyKseries,B42,250,Welding,Recipe
76chevyK10MakeBedOpenCover,,76chevyKseries,B42,250,Welding,Recipe
76chevyK20MakeBedOpenCover,,76chevyKseries,B42,250,Welding,Recipe
76chevyCKMakeSidesteps,,76chevyKseries,B42,250,Welding,Recipe
76chevyCKMakeSidestepsLong,,76chevyKseries,B42,250,Welding,Recipe
76chevyCseriesMakeLeftMount,,76chevyKseries,B42,250,Welding,Recipe
76chevyCseriesMakeRightMount,,76chevyKseries,B42,250,Welding,Recipe
76chevyKseriesFDMakeMudflaps,,76chevyKseries,B42,200,Making,Recipe
76chevyCseriesMakeMudflaps,,76chevyKseries,B42,200,Making,Recipe
76chevyCseriesMakeVisor,,76chevyKseries,B42,250,Welding,Recipe
76chevyKseriesMakeCageBullbar,,76chevyKseries,B42,200,Welding,Recipe
MakeBucketOfPopcorn,,FunctionalAppliances2,B42,20,,Recipe
TakePopcornFromBucket,,FunctionalAppliances2,B42,20,,Recipe
MakeBucketOfButteredPopcorn,,FunctionalAppliances2,B42,20,,Recipe
TakeButteredPopcornFromBucket,,FunctionalAppliances2,B42,20,,Recipe
ButterPopcorn,,FunctionalAppliances2,B42,20,,Recipe
MakeEmptyKeg,,FunctionalAppliances2,B42,400,Welding,Recipe
CraftHomeBrewKeg,,FunctionalAppliances2,B42,600,MixingBowl,Recipe
MakeEmptyCO2Tank,,FunctionalAppliances2,B42,400,Welding,Recipe
RefillCO2Tank,,FunctionalAppliances2,B42,600,Making,Recipe
CraftEmptySodaSyrupBox,,FunctionalAppliances2,B42,40,,Recipe
CraftMixedBerriesSodaSyrup,,FunctionalAppliances2,B42,400,MixingBowl,Recipe
CraftOrangeSodaSyrup,,FunctionalAppliances2,B42,400,MixingBowl,Recipe
CraftLemonLimeSodaSyrup,,FunctionalAppliances2,B42,400,MixingBowl,Recipe
CraftRootBeerSodaSyrup,,FunctionalAppliances2,B42,400,MixingBowl,Recipe
CraftKYColaSodaSyrup,,FunctionalAppliances2,B42,400,MixingBowl,Recipe
CraftColaSodaSyrup,,FunctionalAppliances2,B42,400,MixingBowl,Recipe
CraftDietColaSodaSyrup,,FunctionalAppliances2,B42,400,MixingBowl,Recipe
CraftGingerAleSodaSyrup,,FunctionalAppliances2,B42,400,MixingBowl,Recipe
CraftBlueberrySodaSyrup,,FunctionalAppliances2,B42,400,MixingBowl,Recipe
CraftBubblegumSodaSyrup,,FunctionalAppliances2,B42,400,MixingBowl,Recipe
CraftLimeSodaSyrup,,FunctionalAppliances2,B42,400,MixingBowl,Recipe
CraftGrapeSodaSyrup,,FunctionalAppliances2,B42,400,MixingBowl,Recipe
CraftPineappleSodaSyrup,,FunctionalAppliances2,B42,400,MixingBowl,Recipe
CraftStrawberrySodaSyrup,,FunctionalAppliances2,B42,400,MixingBowl,Recipe
CraftDrPeppaSodaSyrup,,FunctionalAppliances2,B42,400,MixingBowl,Recipe
ConvertPaperNapkinsToFunctionalAppliancesPaperNapkins,,FunctionalAppliances2,B42,10,Making,Recipe
WetPaperNapkins,,FunctionalAppliances2,B42,10,Making,Recipe
93fordTaurusMakeTire,,93fordTaurus,B42,200,Making,Recipe
93fordTaurusSHOMakeTire,,93fordTaurus,B42,200,Making,Recipe
93fordTaurusMakeHood,,93fordTaurus,B42,200,Welding,Recipe
93fordTaurusMakeFrontDoor,,93fordTaurus,B42,200,Welding,Recipe
93fordTaurusMakeRearDoor,,93fordTaurus,B42,200,Welding,Recipe
93fordTaurusMakeTrunkLid,,93fordTaurus,B42,200,Welding,Recipe
93fordTaurusWagonMakeTrunkLid,,93fordTaurus,B42,200,Welding,Recipe
93fordTaurusMakeFrontSeat,,93fordTaurus,B42,200,Making,Recipe
93fordTaurusMakeRearSeat,,93fordTaurus,B42,200,Making,Recipe
93fordTaurusMakeFrontWindshield,,93fordTaurus,B42,200,Making,Recipe
93fordTaurusMakeFrontSideWindow,,93fordTaurus,B42,200,Making,Recipe
93fordTaurusMakeRearSideWindow,,93fordTaurus,B42,200,Making,Recipe
93fordTaurusWagonMakeBackSideWindow,,93fordTaurus,B42,200,Making,Recipe
93fordTaurusMakeRearWindshield,,93fordTaurus,B42,200,Making,Recipe
93fordTaurusWagonMakeRearWindshield,,93fordTaurus,B42,200,Making,Recipe
93fordTaurusMakeFrontWindshieldArmor,,93fordTaurus,B42,200,Welding,Recipe
93fordTaurusMakeFrontWindowArmor,,93fordTaurus,B42,200,Welding,Recipe
93fordTaurusMakeRearWindowArmor,,93fordTaurus,B42,200,Welding,Recipe
93fordTaurusWagonMakeBackWindowArmor,,93fordTaurus,B42,200,Welding,Recipe
93fordTaurusMakeRearWindshieldArmor,,93fordTaurus,B42,200,Welding,Recipe
93fordTaurusWagonMakeRearWindshieldArmor,,93fordTaurus,B42,200,Welding,Recipe
93fordTaurusMakeFrontBullbar,,93fordTaurus,B42,200,Welding,Recipe
93fordTaurusMakeReinforcedFrontBumper,,93fordTaurus,B42,200,Making,Recipe
93fordTaurusSHOMakeReinforcedFrontBumper,,93fordTaurus,B42,200,Making,Recipe
93fordTaurusMakeRoofrack,,93fordTaurus,B42,200,Welding,Recipe
93fordTaurusWagonMakeRoofrack,,93fordTaurus,B42,200,Making,Recipe
MakeEnchantManual,,ItemAffix,B41,60.0,,Recipe
82oshkoshM911MakeHood,,82oshkoshM911,B42,200,Welding,Recipe
82oshkoshM911MakeFrontDoor,,82oshkoshM911,B42,200,Welding,Recipe
82oshkoshM911MakeTrunkLid,,82oshkoshM911,B42,200,Welding,Recipe
82oshkoshM127MakeTrunkLid,,82oshkoshM911,B42,200,Welding,Recipe
82oshkoshM128MakeTrunkLid,,82oshkoshM911,B42,200,Welding,Recipe
82oshkoshM129MakeTrunkLid,,82oshkoshM911,B42,200,Welding,Recipe
82oshkoshM967MakeTrunkLid,,82oshkoshM911,B42,200,Welding,Recipe
ISOMakeContainerDoor,,82oshkoshM911,B42,150,Welding,Recipe
82oshkoshM911MakeFrontWindshield,,82oshkoshM911,B42,200,Making,Recipe
82oshkoshM911MakeFrontSideWindow,,82oshkoshM911,B42,200,Making,Recipe
82oshkoshM911MakeRearWindshield,,82oshkoshM911,B42,200,Making,Recipe
82oshkoshM911MakeFrontWindshieldArmor,,82oshkoshM911,B42,200,Welding,Recipe
82oshkoshM911MakeFrontWindowArmor,,82oshkoshM911,B42,200,Welding,Recipe
82oshkoshM911MakeRearWindshieldArmor,,82oshkoshM911,B42,200,Welding,Recipe
82oshkoshM911MakeBullbar,,82oshkoshM911,B42,200,Welding,Recipe
82oshkoshM911MakeMakeshiftBullbar,,82oshkoshM911,B42,200,Welding,Recipe
82oshkoshM911MakeMuffler,,82oshkoshM911,B42,200,Welding,Recipe
82oshkoshM911MakeMudflaps,,82oshkoshM911,B42,200,Making,Recipe
RipClothing,,fastrip,B42,25,,Recipe
RipDenimClothing,,fastrip,B42,50,,Recipe
CutUpBelt,,fastrip,B42,75,,Recipe
RipWallet,,fastrip,B42,60,CutClothing,Recipe
RipShoesLeather,,fastrip,B42,60,CutClothing,Recipe
RipShoesCloth,,fastrip,B42,60,CutClothing,Recipe
PickThread,,fastrip,B42,100,,Recipe
RipClothingBra,,fastrip,B42,45,RipClothing,Recipe
RipSLeatherItem,,fastrip,B42,60,CutClothing,Recipe
RipWornClothing,,fastrip,B42,25,,Recipe
RipWornDenimClothing,,fastrip,B42,75,,Recipe
CSP_CutClothingToSheet,,CommonSensePatch,B42,60,SewingCloth,Recipe
AssembleLegendaryDuffelbag_Grey,,LegendaryDuffelbag,B42,1200,SewingCloth,Recipe
AssembleLegendaryDuffelbag_Green,,LegendaryDuffelbag,B42,1200,SewingCloth,Recipe
AssembleLegendaryDuffelbag_Brown,,LegendaryDuffelbag,B42,1200,SewingCloth,Recipe
AssembleLegendaryDuffelbag_Black,,LegendaryDuffelbag,B42,1200,SewingCloth,Recipe
AssembleLegendaryDuffelbag_Pink,,LegendaryDuffelbag,B42,1200,SewingCloth,Recipe
AssembleLegendaryDuffelbag_Red,,LegendaryDuffelbag,B42,1200,SewingCloth,Recipe
AssembleLegendaryDuffelbag_Blue,,LegendaryDuffelbag,B42,1200,SewingCloth,Recipe
AssembleLegendaryDuffelbag_Orange,,LegendaryDuffelbag,B42,1200,SewingCloth,Recipe
AssembleLegendaryDuffelbag_Purple,,LegendaryDuffelbag,B42,1200,SewingCloth,Recipe
AssembleLegendaryDuffelbag_White,,LegendaryDuffelbag,B42,1200,SewingCloth,Recipe
OpenIridiumeggCarton,,Daisy County B42 version(items part),B42,5,UnPackSmallBag,Recipe
OpenGoldeggCarton,,Daisy County B42 version(items part),B42,5,UnPackSmallBag,Recipe
OpenSilvereggCarton,,Daisy County B42 version(items part),B42,5,UnPackSmallBag,Recipe
PutSilveregginCarton,,Daisy County B42 version(items part),B42,5,UnPackSmallBag,Recipe
PutGoldegginCarton,,Daisy County B42 version(items part),B42,5,UnPackSmallBag,Recipe
PutIridiumegginCarton,,Daisy County B42 version(items part),B42,5,UnPackSmallBag,Recipe
OpenapackofElectroniccigarettes,,Daisy County B42 version(items part),B42,200,UnPackSmallBag,Recipe
PutElectroniccigarettesinpack,,Daisy County B42 version(items part),B42,200,UnPackSmallBag,Recipe
Replacingthebattery,,Daisy County B42 version(items part),B42,30,MakingElectrical,Recipe
Makearrows,,Daisy County B42 version(items part),B42,200,Making,Recipe
修理武器,,jiandanjiaoyi,B41,50.0,,Recipe
强化武器,,jiandanjiaoyi,B41,50.0,,Recipe
武器消音增强,,jiandanjiaoyi,B41,50.0,,Recipe
扩容背包,,jiandanjiaoyi,B41,50.0,,Recipe
提升背包减重率,,jiandanjiaoyi,B41,50.0,,Recipe
肾上腺素,,jiandanjiaoyi,B41,50.0,,Recipe
穿上,,jiandanjiaoyi,B41,50.0,,Recipe
91fordRangerMakeTire,,91fordRanger,B42,200,Making,Recipe
91fordRangerMakeHood,,91fordRanger,B42,200,Welding,Recipe
91fordRangerMakeFrontDoor,,91fordRanger,B42,200,Welding,Recipe
91fordRangerMakeTrunkLid,,91fordRanger,B42,200,Welding,Recipe
91fordRangerMakeFrontSeat,,91fordRanger,B42,200,Making,Recipe
91fordRangerMakeRearSeat,,91fordRanger,B42,200,Making,Recipe
91fordRangerMakeFrontWindshield,,91fordRanger,B42,200,Making,Recipe
91fordRangerMakeFrontSideWindow,,91fordRanger,B42,200,Making,Recipe
91fordRangerMakeBackSideWindow,,91fordRanger,B42,200,Making,Recipe
91fordRangerMakeRearWindshield,,91fordRanger,B42,200,Making,Recipe
91fordRangerMakeFrontWindshieldArmor,,91fordRanger,B42,200,Welding,Recipe
91fordRangerMakeFrontWindowArmor,,91fordRanger,B42,200,Welding,Recipe
91fordRangerMakeBackWindowArmor,,91fordRanger,B42,200,Welding,Recipe
91fordRangerMakeFrontBumper,,91fordRanger,B42,200,Welding,Recipe
91fordRangerMakeRearBumper,,91fordRanger,B42,200,Welding,Recipe
91fordRangerMakeFrontBullbar,,91fordRanger,B42,200,Welding,Recipe
91fordRangerMakeReinforcedFrontBumper,,91fordRanger,B42,200,Welding,Recipe
91fordRangerMakeRollbar,,91fordRanger,B42,200,Welding,Recipe
91fordRangerMakeMudflaps,,91fordRanger,B42,200,Making,Recipe
91fordRangerMakeBedCap,,91fordRanger,B42,200,Welding,Recipe
CutHeavyChain,,StandardizedVehicleUpgrades3Core,B42,270,CutWire,Recipe
RemoveHeavyChain,,StandardizedVehicleUpgrades3Core,B42,200,CutWire,Recipe
ConvertATARoofLightItem,,StandardizedVehicleUpgrades3Core,B42,180,Welding,Recipe
ConvertATAFrontRoofLightItem,,StandardizedVehicleUpgrades3Core,B42,180,Welding,Recipe
82firebirdMakeTire,,82firebird,B42,200,Making,Recipe
82firebirdMakeHood1,,82firebird,B42,200,Welding,Recipe
82firebirdMakeFrontDoor,,82firebird,B42,200,Welding,Recipe
82firebirdMakeTrunkLid,,82firebird,B42,200,Welding,Recipe
82firebirdMakeFrontSeat,,82firebird,B42,200,Making,Recipe
82firebirdMakeRearSeat,,82firebird,B42,200,Making,Recipe
82firebirdMakeFrontWindshield,,82firebird,B42,200,Making,Recipe
82firebirdMakeFrontSideWindow,,82firebird,B42,200,Making,Recipe
82firebirdMakeRoofPanels,,82firebird,B42,200,Making,Recipe
82firebirdMakeRearWindshield,,82firebird,B42,200,Making,Recipe
82firebirdMakeFrontWindowArmor,,82firebird,B42,200,Welding,Recipe
82firebirdMakeFrontWindshieldArmor,,82firebird,B42,200,Welding,Recipe
82firebirdMakeRearWindshieldArmor,,82firebird,B42,200,Welding,Recipe
82firebirdMakeFrontBullbar,,82firebird,B42,200,Welding,Recipe
82firebirdMakeSmallVintageRoofrack,,82firebird,B42,200,Welding,Recipe
StretchOutClothingXL,,Authentic Z - Current,B42,5,Making,Recipe
DismantleHeadphones,,Authentic Z - Current,B42,60,DismantleElectrical,Recipe
AssembleWastelandMachete,,OTsFalloutWeaponry,B42,100,CraftWeapon1H,Recipe
OpenBoxOf10mmBullets50,,OTsFalloutWeaponry,B42,15,OpenAmmoBox,Recipe
place_10mm_ammo_in_box,,OTsFalloutWeaponry,B42,15,PlaceAmmoInBox,Recipe
OpenBoxOf5mmBullets30,,OTsFalloutWeaponry,B42,15,OpenAmmoBox,Recipe
place_5mm_ammo_in_box,,OTsFalloutWeaponry,B42,15,PlaceAmmoInBox,Recipe
OpenBoxOf50BMGBullets20,,OTsFalloutWeaponry,B42,15,OpenAmmoBox,Recipe
place_50BMG_ammo_in_box,,OTsFalloutWeaponry,B42,15,PlaceAmmoInBox,Recipe
OpenCartonOf127x99mm,,Military Tool Kit,B42,15,OpenAmmoBox,Recipe
Place127x99mmInCarton,,Military Tool Kit,B42,15,PlaceAmmoInBox,Recipe
OpenCartonOf145x114mm,,Military Tool Kit,B42,15,OpenAmmoBox,Recipe
Place145x114mmInCarton,,Military Tool Kit,B42,15,PlaceAmmoInBox,Recipe
OpenCartonOf127x99mmBig,,Military Tool Kit,B42,15,OpenAmmoBox,Recipe
Place127x99mmInCartonBig,,Military Tool Kit,B42,15,PlaceAmmoInBox,Recipe
OpenCartonOf20x102mmHE,,Military Tool Kit,B42,20,OpenAmmoBox,Recipe
Place20x102mmHEInCarton,,Military Tool Kit,B42,20,PlaceAmmoInBox,Recipe
OpenCartonOf20x102mm,,Military Tool Kit,B42,20,OpenAmmoBox,Recipe
Place20x102mmInCarton,,Military Tool Kit,B42,20,PlaceAmmoInBox,Recipe
OpenCartonOf30x165mmHE,,Military Tool Kit,B42,20,OpenAmmoBox,Recipe
Place30x165mmHEInCarton,,Military Tool Kit,B42,20,PlaceAmmoInBox,Recipe
OpenCartonOf30x165mm,,Military Tool Kit,B42,20,OpenAmmoBox,Recipe
Place30x165mmInCarton,,Military Tool Kit,B42,20,PlaceAmmoInBox,Recipe
OpenCartonOf762x63mm,,Military Tool Kit,B42,15,OpenAmmoBox,Recipe
Place762x63mmInCarton,,Military Tool Kit,B42,15,PlaceAmmoInBox,Recipe
SheetHighHardnessSteel,,Military Tool Kit,B42,300,MakingHammer_Surface,Recipe
MakeTrackShoe,,Military Tool Kit,B42,200,Making,Recipe
MakeTrackShoeNoTire,,Military Tool Kit,B42,200,Making,Recipe
Furnace_TrackShoeNoTire,,Military Tool Kit,B42,300,Making,Recipe
PressTrackShoeMold,,Military Tool Kit,B42,100,,Recipe
FireClayTrackShoeMold,,Military Tool Kit,B42,20,,Recipe
Combine,,REMOD,B41,100.0,,Recipe
Trade,,REMOD,B41,1.0,,Recipe
87ScampCamperMakeDoor,,KI5campers,B42,200,Welding,Recipe
87ScampCamperMakeSeat,,KI5campers,B42,200,Making,Recipe
87ScampCamperMakeBed,,KI5campers,B42,200,Making,Recipe
87ScampCamperMakeFrontSideWindow,,KI5campers,B42,200,Making,Recipe
87ScampCamperMakeRearSideWindow,,KI5campers,B42,200,Making,Recipe
87ScampCamperMakeBackSideWindow,,KI5campers,B42,200,Making,Recipe
87ScampCamperMakeRearWindshield,,KI5campers,B42,200,Making,Recipe
87ScampCamperMakeCamperAwning,,KI5campers,B42,200,Welding,Recipe
87ScampCamperMakeRearBumper,,KI5campers,B42,200,Welding,Recipe
KI5camperMakeLargeWindowArmor,,KI5campers,B42,200,Welding,Recipe
KI5camperMakeMediumWindowArmor,,KI5campers,B42,200,Welding,Recipe
KI5camperMakeSmallWindowArmor,,KI5campers,B42,200,Welding,Recipe
61BambiCamperMakeDoor,,KI5campers,B42,200,Welding,Recipe
61BambiCamperMakeRearBumper,,KI5campers,B42,200,Welding,Recipe
61BambiCamperMakeFrontWindshield,,KI5campers,B42,200,Making,Recipe
61BambiCamperMakeSmallSideWindow,,KI5campers,B42,200,Making,Recipe
61BambiCamperMakeLargeSideWindow,,KI5campers,B42,200,Making,Recipe
61BambiCamperMakeRearWindshield,,KI5campers,B42,200,Making,Recipe
61BambiCamperMakeToolboxLid,,KI5campers,B42,200,Welding,Recipe
54CloudCamperMakeDoor,,KI5campers,B42,200,Welding,Recipe
54CloudCamperMakeRearBumper,,KI5campers,B42,200,Welding,Recipe
54CloudCamperMakeFrontWindshield,,KI5campers,B42,200,Making,Recipe
54CloudCamperMakeSmallSideWindow,,KI5campers,B42,200,Making,Recipe
54CloudCamperMakeLargeSideWindow,,KI5campers,B42,200,Making,Recipe
54CloudCamperMakeDoubleSideWindow,,KI5campers,B42,25,Making,Recipe
54CloudCamperMakeRearWindshield,,KI5campers,B42,200,Making,Recipe
WireCarBattery,,ImmersiveSolarArrays,B42,80,MakingElectrical,Recipe
UnWireCarBattery,,ImmersiveSolarArrays,B42,80,MakingElectrical,Recipe
UnwireCarBattery,,ImmersiveSolarArrays,B41,80.0,,Recipe
91fordLTDMakeTire,,91fordLTD,B42,200,Making,Recipe
91fordLTDcvpiMakeTire,,91fordLTD,B42,200,Making,Recipe
91fordLTDMakeHood,,91fordLTD,B42,200,Welding,Recipe
91fordLTDMakeFrontDoor,,91fordLTD,B42,200,Welding,Recipe
91fordLTDMakeRearDoor,,91fordLTD,B42,200,Welding,Recipe
91fordLTDMakeTrunkLid,,91fordLTD,B42,200,Welding,Recipe
91fordLTDWagonMakeTrunkLid,,91fordLTD,B42,200,Welding,Recipe
91fordLTDMakeFrontSeat,,91fordLTD,B42,200,Making,Recipe
91fordLTDMakeRearSeat,,91fordLTD,B42,200,Making,Recipe
91fordLTDMakeFrontWindshield,,91fordLTD,B42,200,Making,Recipe
91fordLTDMakeFrontSideWindow,,91fordLTD,B42,200,Making,Recipe
91fordLTDMakeRearSideWindow,,91fordLTD,B42,200,Making,Recipe
91fordLTDMakeRearWindshield,,91fordLTD,B42,200,Making,Recipe
91fordLTDWagonMakeBackSideWindow,,91fordLTD,B42,200,Making,Recipe
91fordLTDWagonMakeRearWindshield,,91fordLTD,B42,200,Making,Recipe
91fordLTDMakeCabBarrier,,91fordLTD,B42,200,Welding,Recipe
91fordLTDWagonMakeBackWindowArmor,,91fordLTD,B42,200,Welding,Recipe
91fordLTDWagonMakeRearWindshieldArmor,,91fordLTD,B42,200,Welding,Recipe
91fordLTDMakeFrontBumper,,91fordLTD,B42,200,Welding,Recipe
91fordLTDMakeFrontPushBumper,,91fordLTD,B42,200,Welding,Recipe
91fordLTDMakeRearBumper,,91fordLTD,B42,200,Welding,Recipe
91fordLTDMakeRearWagonBumper,,91fordLTD,B42,200,Welding,Recipe
91fordLTDMakeRoofrack,,91fordLTD,B42,200,Welding,Recipe
91fordLTDMakeFrontWindshieldArmor,,91fordLTD,B42,200,Welding,Recipe
91fordLTDMakeFrontWindowArmor,,91fordLTD,B42,200,Welding,Recipe
91fordLTDMakeRearWindowArmor,,91fordLTD,B42,200,Welding,Recipe
91fordLTDMakeRearWindshieldArmor,,91fordLTD,B42,200,Welding,Recipe
P4OpenSneakerBox,,P4PumpPury,B42,20,,Recipe
P4Stack2SneakerBoxes,,P4PumpPury,B42,20,,Recipe
P4Stack3SneakerBoxes,,P4PumpPury,B42,40,,Recipe
P4Stack4SneakerBoxes,,P4PumpPury,B42,60,,Recipe
P4Stack5SneakerBoxes,,P4PumpPury,B42,80,,Recipe
P4Unstack2SneakerBoxes,,P4PumpPury,B42,20,,Recipe
P4Unstack3SneakerBoxes,,P4PumpPury,B42,40,,Recipe
P4Unstack4SneakerBoxes,,P4PumpPury,B42,60,,Recipe
P4Unstack5SneakerBoxes,,P4PumpPury,B42,80,,Recipe
P4UpgradePumpPuryBackpack,,P4PumpPury,B42,100,,Recipe
P4UpgradePumpPuryFannyPack,,P4PumpPury,B42,80,,Recipe
ClothBagUpgrade,,LazoloDynamicBackpackUpgrades,B42,150,Sew,Recipe
DenimBagUpgrade,,LazoloDynamicBackpackUpgrades,B42,150,Sew,Recipe
LeatherBagUpgrade,,LazoloDynamicBackpackUpgrades,B42,150,Sew,Recipe
ImproviseMilitaryBagUpgrade,,LazoloDynamicBackpackUpgrades,B42,150,Sew,Recipe
MakeClothStrapsUpgrade,,LazoloDynamicBackpackUpgrades,B42,150,Sew,Recipe
MakeDenimStrapsUpgrade,,LazoloDynamicBackpackUpgrades,B42,150,Sew,Recipe
MakeLeatherStrapsUpgrade,,LazoloDynamicBackpackUpgrades,B42,150,Sew,Recipe
ImproviseMilitaryStrapsUpgrade,,LazoloDynamicBackpackUpgrades,B42,150,Sew,Recipe
90gmcOEMMakeTire1,,93chevySuburban,B42,200,Making,Recipe
93chevySuburbanMakeTire1,,93chevySuburban,B42,200,Making,Recipe
93chevySuburbanMakeTire2,,93chevySuburban,B42,200,Making,Recipe
93chevyK3500MakeTire,,93chevySuburban,B42,200,Making,Recipe
93chevyK3500MakeDoubleTires,,93chevySuburban,B42,250,Making,Recipe
93chevyK3500DismantleDoubleTires,,93chevySuburban,B42,250,Making,Recipe
80chevyCKMakeTire1,,93chevySuburban,B42,200,Making,Recipe
80chevyCKMakeTire2,,93chevySuburban,B42,200,Making,Recipe
90chevyCKMakeTire1,,93chevySuburban,B42,200,Making,Recipe
90chevyCKMakeTire2,,93chevySuburban,B42,200,Making,Recipe
93chevySuburbanMakeHood,,93chevySuburban,B42,200,Welding,Recipe
93chevySuburbanMakeFrontDoor,,93chevySuburban,B42,200,Welding,Recipe
93chevySuburbanMakeRearDoor,,93chevySuburban,B42,200,Welding,Recipe
93chevySuburbanMakeTrunkLid,,93chevySuburban,B42,200,Welding,Recipe
93chevySuburbanMakeSplitTrunkLid,,93chevySuburban,B42,200,Welding,Recipe
93chevySilveradoMakeTrunkLid,,93chevySuburban,B42,200,Welding,Recipe
93chevyK3500fMakeTailgate,,93chevySuburban,B42,200,Welding,Recipe
93chevyK3500fMakeToolboxLid,,93chevySuburban,B42,200,Welding,Recipe
93chevyK3500wMakeToolboxLid,,93chevySuburban,B42,200,Welding,Recipe
93chevySuburbanMakeFrontSeat,,93chevySuburban,B42,200,Making,Recipe
93chevySuburbanMakeRearSeat,,93chevySuburban,B42,200,Making,Recipe
93chevySuburbanMakeFrontWindshield,,93chevySuburban,B42,200,Making,Recipe
93chevySuburbanMakeFrontSideWindow,,93chevySuburban,B42,200,Making,Recipe
93chevySuburbanMakeRearSideWindow,,93chevySuburban,B42,200,Making,Recipe
93chevySuburbanMakeBackSideWindow,,93chevySuburban,B42,200,Making,Recipe
93chevySuburbanMakeRearWindshield,,93chevySuburban,B42,200,Making,Recipe
93chevySuburbanMakeSplitRearWindshield,,93chevySuburban,B42,200,Making,Recipe
93chevySilveradoMakeRearWindshield,,93chevySuburban,B42,200,Making,Recipe
93chevySuburbanMakeFrontWindshieldArmor,,93chevySuburban,B42,200,Welding,Recipe
93chevySuburbanMakeFrontWindowArmor,,93chevySuburban,B42,200,Welding,Recipe
93chevySuburbanMakeRearWindowArmor,,93chevySuburban,B42,200,Welding,Recipe
93chevySuburbanMakeBackWindowArmor,,93chevySuburban,B42,200,Welding,Recipe
93chevySuburbanMakeRearWindshieldArmor,,93chevySuburban,B42,200,Welding,Recipe
93chevySuburbanMakeFrontBullbarA,,93chevySuburban,B42,200,Welding,Recipe
93chevySuburbanMakeFrontBullbarB,,93chevySuburban,B42,200,Welding,Recipe
93chevySuburbanMakeFrontBullbarB2,,93chevySuburban,B42,200,Welding,Recipe
93chevySuburbanMakeFrontBullbarC,,93chevySuburban,B42,200,Welding,Recipe
93chevyK3500wMakeFrontBullbarD,,93chevySuburban,B42,200,Welding,Recipe
93chevySilveradoMakePlowFrame,,93chevySuburban,B42,210,Welding,Recipe
93chevySuburbanMakeRearBumper,,93chevySuburban,B42,200,Welding,Recipe
93chevySuburbanMakeRoofrack,,93chevySuburban,B42,200,Welding,Recipe
93chevySilverdoMakeRollbar,,93chevySuburban,B42,200,Welding,Recipe
LargePickupMakeRoofrack,,93chevySuburban,B42,200,Welding,Recipe
93chevyK3500MakeToolbox,,93chevySuburban,B42,200,Welding,Recipe
93chevySuburbanMakeMetalSidesteps,,93chevySuburban,B42,200,Welding,Recipe
93chevySuburbanMakePipeSidesteps,,93chevySuburban,B42,200,Welding,Recipe
93chevyK3500MakeMudflaps,,93chevySuburban,B42,200,Making,Recipe
93chevySilveradoMakeBedTarp,,93chevySuburban,B42,200,Making,Recipe
93chevySilveradoMakeBedStakes,,93chevySuburban,B42,200,Welding,Recipe
75grandPrixMakeTire0,,75grandPrix,B42,200,Making,Recipe
75grandPrixMakeTire1,,75grandPrix,B42,200,Making,Recipe
75grandPrixMakeTire2,,75grandPrix,B42,200,Making,Recipe
75grandPrixMakeHood,,75grandPrix,B42,200,Welding,Recipe
75grandPrixMakeFrontDoor,,75grandPrix,B42,200,Welding,Recipe
75grandPrixMakeTrunkLid,,75grandPrix,B42,200,Welding,Recipe
75grandPrixMakeFrontSeat,,75grandPrix,B42,200,Making,Recipe
75grandPrixMakeRearSeat,,75grandPrix,B42,200,Making,Recipe
75grandPrixMakeFrontWindshield,,75grandPrix,B42,200,Making,Recipe
75grandPrixMakeFrontSideWindow,,75grandPrix,B42,200,Making,Recipe
75grandPrixMakeRearSideWindow,,75grandPrix,B42,200,Making,Recipe
75grandPrixMakeRearWindshield,,75grandPrix,B42,200,Making,Recipe
75grandPrixMakeFrontWindshieldArmor,,75grandPrix,B42,200,Welding,Recipe
75grandPrixMakeFrontWindowArmor,,75grandPrix,B42,200,Welding,Recipe
75grandPrixMakeRearWindowArmor,,75grandPrix,B42,200,Welding,Recipe
75grandPrixMakeRearWindshieldArmor,,75grandPrix,B42,200,Welding,Recipe
75grandPrixMakeFrontBumper,,75grandPrix,B42,200,Welding,Recipe
75grandPrixMakeFrontBullbar,,75grandPrix,B42,200,Welding,Recipe
75grandPrixMakeFrontReinforcedBumper,,75grandPrix,B42,200,Welding,Recipe
75grandPrixMakeRearBumper,,75grandPrix,B42,200,Welding,Recipe
75grandPrixMakeRoofrack,,75grandPrix,B42,200,Welding,Recipe
63beetleMakeTire,,63beetle,B42,200,Making,Recipe
63beetleBuggyMakeTire,,63beetle,B42,200,Making,Recipe
63beetleHPMakeTire,,63beetle,B42,200,Making,Recipe
63beetleMakeHood,,63beetle,B42,200,Welding,Recipe
63beetleMakeFrontDoor,,63beetle,B42,200,Welding,Recipe
63beetleMakeTrunkLid,,63beetle,B42,200,Welding,Recipe
63beetleMakeFrontSeat,,63beetle,B42,200,Making,Recipe
63beetleMakeRearSeat,,63beetle,B42,200,Making,Recipe
63beetleMakeFrontWindshield,,63beetle,B42,200,Making,Recipe
63beetleMakeFrontSideWindow,,63beetle,B42,200,Making,Recipe
63beetleMakeRearSideWindow,,63beetle,B42,200,Making,Recipe
63beetleMakeRearWindshield,,63beetle,B42,200,Making,Recipe
63beetleMakeFrontWindshieldArmor,,63beetle,B42,200,Welding,Recipe
63beetleMakeFrontWindowArmor,,63beetle,B42,200,Welding,Recipe
63beetleMakeRearWindowArmor,,63beetle,B42,200,Welding,Recipe
63beetleMakeRearWindshieldArmor,,63beetle,B42,200,Welding,Recipe
63beetleMakeFrontBumperMK1,,63beetle,B42,200,Welding,Recipe
63beetleMakeFrontBumperMK2,,63beetle,B42,200,Welding,Recipe
63beetleMakeFrontBumperMK3,,63beetle,B42,200,Welding,Recipe
63beetleMakeRearBumperMK1,,63beetle,B42,200,Welding,Recipe
63beetleMakeRearBumperMK2,,63beetle,B42,200,Welding,Recipe
63beetleMakeSidesteps,,63beetle,B42,200,Welding,Recipe
63beetleMakeRoofrack,,63beetle,B42,200,Welding,Recipe
Break,,ScrapWeapons (New Version),B41,50.0,,Recipe
Swing,,ScrapWeapons (New Version),B41,50.0,,Recipe
Stab,,ScrapWeapons (New Version),B41,50.0,,Recipe
CraftAdvancedRadioAntenna,,Wolf Extraction Quest,B42,150,DismantleElectrical,Recipe
DrawExtractionZoneMap,,Wolf Extraction Quest,B42,100,Making,Recipe
AssembleAndUpdateRepeaterMap,,Wolf Extraction Quest,B42,100,Making,Recipe
ImprovisedDyeBlack,,ImprovisedPaint_k,B41,30.0,,Recipe
ImprovisedDyeBlonde,,ImprovisedPaint_k,B41,30.0,,Recipe
ImprovisedDyeBlue,,ImprovisedPaint_k,B41,30.0,,Recipe
ImprovisedDyeGinger,,ImprovisedPaint_k,B41,30.0,,Recipe
ImprovisedDyeGreen,,ImprovisedPaint_k,B41,30.0,,Recipe
ImprovisedDyeLightBrown,,ImprovisedPaint_k,B41,30.0,,Recipe
ImprovisedDyePink,,ImprovisedPaint_k,B41,30.0,,Recipe
ImprovisedDyeRed,,ImprovisedPaint_k,B41,30.0,,Recipe
ImprovisedDyeWhite,,ImprovisedPaint_k,B41,30.0,,Recipe
ImprovisedDyeYellow,,ImprovisedPaint_k,B41,30.0,,Recipe
ImprovisedDyeBlueAlt1,,ImprovisedPaint_k,B41,30.0,,Recipe
ImprovisedDyeGingerAlt1,,ImprovisedPaint_k,B41,30.0,,Recipe
ImprovisedDyeGreenAlt1,,ImprovisedPaint_k,B41,30.0,,Recipe
ImprovisedDyeLightBrownAlt1,,ImprovisedPaint_k,B41,30.0,,Recipe
ImprovisedDyeRedAlt1,,ImprovisedPaint_k,B41,30.0,,Recipe
MixPaintBlack,,ImprovisedPaint_k,B41,30.0,,Recipe
MixPaintBlue,,ImprovisedPaint_k,B41,30.0,,Recipe
MixPaintBrown,,ImprovisedPaint_k,B41,30.0,,Recipe
MixPaintCyan,,ImprovisedPaint_k,B41,30.0,,Recipe
MixPaintGrey,,ImprovisedPaint_k,B41,30.0,,Recipe
MixPaintGreen,,ImprovisedPaint_k,B41,30.0,,Recipe
MixPaintLightBlue,,ImprovisedPaint_k,B41,30.0,,Recipe
MixPaintLightBrown,,ImprovisedPaint_k,B41,30.0,,Recipe
MixPaintOrange,,ImprovisedPaint_k,B41,30.0,,Recipe
MixPaintPink,,ImprovisedPaint_k,B41,30.0,,Recipe
MixPaintPurple,,ImprovisedPaint_k,B41,30.0,,Recipe
MixPaintRed,,ImprovisedPaint_k,B41,30.0,,Recipe
MixPaintTurquoise,,ImprovisedPaint_k,B41,30.0,,Recipe
MixPaintYellow,,ImprovisedPaint_k,B41,30.0,,Recipe
MixPaintWhite,,ImprovisedPaint_k,B41,30.0,,Recipe
ImprovisedPaint,,ImprovisedPaint_k,B41,90.0,,Recipe
ImprovisedPlaster,,ImprovisedPaint_k,B41,300.0,,Recipe
ImprovisedPaintBucket,,ImprovisedPaint_k,B41,120.0,,Recipe
ImprovisedPaintBrush,,ImprovisedPaint_k,B41,90.0,,Recipe
DyePaintBlack,,ImprovisedPaint_k,B41,30.0,,Recipe
DyePaintBlue,,ImprovisedPaint_k,B41,30.0,,Recipe
DyePaintGreen,,ImprovisedPaint_k,B41,30.0,,Recipe
DyePaintGrey,,ImprovisedPaint_k,B41,30.0,,Recipe
DyePaintLightBlue,,ImprovisedPaint_k,B41,30.0,,Recipe
DyePaintLightBrown,,ImprovisedPaint_k,B41,30.0,,Recipe
DyePaintOrange,,ImprovisedPaint_k,B41,30.0,,Recipe
DyePaintPink,,ImprovisedPaint_k,B41,30.0,,Recipe
DyePaintRed,,ImprovisedPaint_k,B41,30.0,,Recipe
DyePaintWhite,,ImprovisedPaint_k,B41,30.0,,Recipe
DyePaintYellow,,ImprovisedPaint_k,B41,30.0,,Recipe
DyeMixPaintBrown,,ImprovisedPaint_k,B41,30.0,,Recipe
DyeMixPaintCyan,,ImprovisedPaint_k,B41,30.0,,Recipe
DyeMixPaintGreen,,ImprovisedPaint_k,B41,30.0,,Recipe
DyeMixPaintOrange,,ImprovisedPaint_k,B41,30.0,,Recipe
DyeMixPaintPurple,,ImprovisedPaint_k,B41,30.0,,Recipe
DyeMixPaintTurquoise,,ImprovisedPaint_k,B41,30.0,,Recipe
DyeMixTaintBrown,,ImprovisedPaint_k,B41,30.0,,Recipe
DyeMixTaintBrown2,,ImprovisedPaint_k,B41,30.0,,Recipe
DyeMixTaintCyan,,ImprovisedPaint_k,B41,30.0,,Recipe
DyeMixTaintCyan2,,ImprovisedPaint_k,B41,30.0,,Recipe
DyeMixTaintGrey,,ImprovisedPaint_k,B41,30.0,,Recipe
DyeMixTaintGreen,,ImprovisedPaint_k,B41,30.0,,Recipe
DyeMixTaintGreen2,,ImprovisedPaint_k,B41,30.0,,Recipe
DyeMixTaintLightBlue,,ImprovisedPaint_k,B41,30.0,,Recipe
DyeMixTaintLightBrown,,ImprovisedPaint_k,B41,30.0,,Recipe
DyeMixTaintOrange,,ImprovisedPaint_k,B41,30.0,,Recipe
DyeMixTaintOrange2,,ImprovisedPaint_k,B41,30.0,,Recipe
DyeMixTaintPink,,ImprovisedPaint_k,B41,30.0,,Recipe
DyeMixTaintPurple,,ImprovisedPaint_k,B41,30.0,,Recipe
DyeMixTaintPurple2,,ImprovisedPaint_k,B41,30.0,,Recipe
DyeMixTaintRed,,ImprovisedPaint_k,B41,30.0,,Recipe
DyeMixTaintTurquoise,,ImprovisedPaint_k,B41,30.0,,Recipe
DyeMixTaintTurquoise2,,ImprovisedPaint_k,B41,30.0,,Recipe
BindSkillRecoveryJournal,,Skill Recovery Journal,B42,150,Making,Recipe
制造性能型发动机罩,,DefsLTS,B41,1260.0,,Recipe
制造标准型发动机罩,,DefsLTS,B41,1260.0,,Recipe
制造商业型发动机罩,,DefsLTS,B41,1260.0,,Recipe
ConstructJukebox,,TrueMusicJukebox,B42,600,DismantleElectrical,Recipe
ConstructJukeboxSkillfully,,TrueMusicJukebox,B42,300,DismantleElectrical,Recipe
CraftJukebox,,TrueMusicJukebox,B42,600,DismantleElectrical,Recipe
CraftJukeboxSkillfully,,TrueMusicJukebox,B42,300,DismantleElectrical,Recipe
92amgeneralM998MakeRoofrack,,92amgeneralM998,B42,200,Welding,Recipe
92amgeneralM998MakeHood,,92amgeneralM998,B42,200,Welding,Recipe
92amgeneralM998MakeFrontDoor,,92amgeneralM998,B42,200,Welding,Recipe
92amgeneralM998MakeRearDoor,,92amgeneralM998,B42,200,Welding,Recipe
92amgeneralM998MakeTrunkLid,,92amgeneralM998,B42,200,Welding,Recipe
92amgeneralM998MakeFrontWindshield,,92amgeneralM998,B42,200,Making,Recipe
92amgeneralM998MakeSideWindow,,92amgeneralM998,B42,200,Making,Recipe
92amgeneralM998MakeFrontMakeshiftWindshieldArmor,,92amgeneralM998,B42,200,Welding,Recipe
92amgeneralM998MakeFrontWindshieldArmor,,92amgeneralM998,B42,200,Welding,Recipe
92amgeneralM998MakeFrontWindowArmor,,92amgeneralM998,B42,200,Welding,Recipe
92amgeneralM998MakeRearWindowArmor,,92amgeneralM998,B42,200,Welding,Recipe
92amgeneralM998MakeFrontSmallBullbar,,92amgeneralM998,B42,200,Welding,Recipe
92amgeneralM998MakeFrontBullbar,,92amgeneralM998,B42,200,Welding,Recipe
92amgeneralM998MakeMudflaps,,92amgeneralM998,B42,200,Making,Recipe
92amgeneralM998MakeSmallMuffler,,92amgeneralM998,B42,200,Welding,Recipe
92amgeneralM998MakeLargeMuffler,,92amgeneralM998,B42,200,Welding,Recipe
92amgeneralM998MakeBackCover,,92amgeneralM998,B42,200,Welding,Recipe
92amgeneralM998MakeMetalTrunkBarrier,,92amgeneralM998,B42,200,Welding,Recipe
92amgeneralM998MakeNetTrunkBarrier,,92amgeneralM998,B42,200,Making,Recipe
ConvertIntoFlightVest,,Spongie Clothing,B42,60,SewingCloth,Recipe
MakeBiochemicalRoofRack,,RaccoonCityB42,B42,1000,Welding,Recipe
MakeBiochemicalBumper,,RaccoonCityB42,B42,1000,Welding,Recipe
MakeAdapterTacticalflashlight,,RaccoonCityB42,B42,100,Welding,Recipe
MakeAdapterSuppressor,,RaccoonCityB42,B42,100,Welding,Recipe
Forge_LegendaryTacticalSwordBlade,,LegendaryTacticalWeapons,B42,900,HammerMetalStanding,Recipe
MakeLegendaryTacticalSword,,LegendaryTacticalWeapons,B42,2000,Making,Recipe
Forge_LegendaryTacticalAxeHead,,LegendaryTacticalWeapons,B42,600,HammerMetalStanding,Recipe
MakeLegendaryTacticalTomahawk,,LegendaryTacticalWeapons,B42,1200,Making,Recipe
Forge_LegendaryTacticalDoubleAxeHead,,LegendaryTacticalWeapons,B42,600,HammerMetalStanding,Recipe
MakeLegendaryTacticalAxe,,LegendaryTacticalWeapons,B42,1600,Making,Recipe
Forge_LegendaryTacticalBar,,LegendaryTacticalWeapons,B42,500,HammerMetalStanding,Recipe
MakeLegendaryTacticalCrowbar,,LegendaryTacticalWeapons,B42,1400,Making,Recipe
Forge_LegendaryTacticalBatHead,,LegendaryTacticalWeapons,B42,500,HammerMetalStanding,Recipe
MakeLegendaryTacticalBat,,LegendaryTacticalWeapons,B42,1300,Making,Recipe
Forge_LegendaryTacticalHammerHead,,LegendaryTacticalWeapons,B42,500,HammerMetalStanding,Recipe
MakeLegendaryTacticalHammer,,LegendaryTacticalWeapons,B42,1200,Making,Recipe
Forge_LegendaryTacticalKnifeBlade,,LegendaryTacticalWeapons,B42,500,HammerMetalStanding,Recipe
MakeLegendaryTacticalKnife,,LegendaryTacticalWeapons,B42,1000,Making,Recipe
Forge_LegendaryTacticalSledgehammerHead,,LegendaryTacticalWeapons,B42,1000,HammerMetalStanding,Recipe
MakeLegendaryTacticalSledgehammer,,LegendaryTacticalWeapons,B42,1500,Making,Recipe
Forge_LegendaryTacticalSpearHead,,LegendaryTacticalWeapons,B42,500,HammerMetalStanding,Recipe
MakeLegendaryTacticalSpear,,LegendaryTacticalWeapons,B42,1700,Making,Recipe
MakeLegendarySwordSheath,,LegendaryTacticalWeapons,B42,500,Making,Recipe
MakeLegendaryKnifeSheath,,LegendaryTacticalWeapons,B42,500,Making,Recipe
RepairLTWSheet,,LegendaryTacticalWeapons,B42,180,CraftWeapon1H,Recipe
RepairLTWScrap,,LegendaryTacticalWeapons,B42,180,CraftWeapon1H,Recipe
R32MakeTire0,,92nissanGTR,B42,200,Making,Recipe
R32MakeTire1,,92nissanGTR,B42,200,Making,Recipe
R32MakeTire2,,92nissanGTR,B42,200,Making,Recipe
R32MakeTireA,,92nissanGTR,B42,200,Making,Recipe
R32MakeHood,,92nissanGTR,B42,200,Welding,Recipe
R32MakeFrontDoor,,92nissanGTR,B42,200,Welding,Recipe
R32MakeTrunkLid,,92nissanGTR,B42,200,Welding,Recipe
R32MakeFrontSeat,,92nissanGTR,B42,200,Making,Recipe
R32MakeRearSeat,,92nissanGTR,B42,200,Making,Recipe
R32MakeFrontWindshield,,92nissanGTR,B42,200,Making,Recipe
R32MakeFrontSideWindow,,92nissanGTR,B42,200,Making,Recipe
R32MakeRearSideWindow,,92nissanGTR,B42,200,Making,Recipe
R32MakeRearWindshield,,92nissanGTR,B42,200,Making,Recipe
R32MakeMuffler0,,92nissanGTR,B42,200,Welding,Recipe
R32MakeMuffler1,,92nissanGTR,B42,200,Welding,Recipe
R32MakeFrontWindowArmor,,92nissanGTR,B42,200,Welding,Recipe
R32MakeRearWindowArmor,,92nissanGTR,B42,200,Welding,Recipe
R32MakeFrontWindshieldArmor,,92nissanGTR,B42,200,Welding,Recipe
R32MakeRearWindshieldArmor,,92nissanGTR,B42,200,Welding,Recipe
R32MakeFrontBullbar,,92nissanGTR,B42,200,Welding,Recipe
R32MakeRearBullbar,,92nissanGTR,B42,200,Welding,Recipe
R32MakeArmoredSideskirts,,92nissanGTR,B42,200,Welding,Recipe
R32MakeRoofrack,,92nissanGTR,B42,200,Welding,Recipe
PlayZelda,,Video Game Consoles,B42,200,,Recipe
PlayKirby,,Video Game Consoles,B42,200,,Recipe
PlayFinalFantasy,,Video Game Consoles,B42,200,,Recipe
PlayMario,,Video Game Consoles,B42,200,,Recipe
PlayTetris,,Video Game Consoles,B42,200,,Recipe
PlayStreetsOfRage2,,Video Game Consoles,B42,200,,Recipe
PlayAxBattler,,Video Game Consoles,B42,200,,Recipe
PlayShinobi2,,Video Game Consoles,B42,200,,Recipe
PlaySonicChaos,,Video Game Consoles,B42,200,,Recipe
PlayVampireMoD,,Video Game Consoles,B42,200,,Recipe
PlaySuperMarioWorld,,Video Game Consoles,B42,200,,Recipe
PlaySecretOfMana,,Video Game Consoles,B42,200,,Recipe
PlayStarFox,,Video Game Consoles,B42,200,,Recipe
PlayMortalKombat2,,Video Game Consoles,B42,200,,Recipe
PlayNBAJAM,,Video Game Consoles,B42,200,,Recipe
PlayAladdin,,Video Game Consoles,B42,200,,Recipe
PlayGoldenAxe,,Video Game Consoles,B42,200,,Recipe
PlayGhoulsAndGhosts,,Video Game Consoles,B42,200,,Recipe
PlaySonic,,Video Game Consoles,B42,200,,Recipe
PlayStreetFighter2,,Video Game Consoles,B42,200,,Recipe
PlayContra,,Video Game Consoles,B42,200,,Recipe
PlaySuperMario3,,Video Game Consoles,B42,200,,Recipe
PlayMegaMan,,Video Game Consoles,B42,200,,Recipe
PlayMetroid,,Video Game Consoles,B42,200,,Recipe
PlayTheLegendOfZelda,,Video Game Consoles,B42,200,,Recipe
PlayCombat,,Video Game Consoles,B42,200,,Recipe
PlayPitfall,,Video Game Consoles,B42,200,,Recipe
PlayMSPacman,,Video Game Consoles,B42,200,,Recipe
PlaySpaceInvaders,,Video Game Consoles,B42,200,,Recipe
PlayAsteroids,,Video Game Consoles,B42,200,,Recipe
PlaySonicCD,,Video Game Consoles,B42,200,,Recipe
PlayEyeOfTheBeholder,,Video Game Consoles,B42,200,,Recipe
PlayDune,,Video Game Consoles,B42,200,,Recipe
PlayJurassicPark,,Video Game Consoles,B42,200,,Recipe
PlayNightTrap,,Video Game Consoles,B42,200,,Recipe
PlayThe7thGuest,,Video Game Consoles,B42,200,,Recipe
PlayLemmings,,Video Game Consoles,B42,200,,Recipe
PlayCheckeredFlag,,Video Game Consoles,B42,200,,Recipe
PlayChipsChallenge,,Video Game Consoles,B42,200,,Recipe
PlayKLAX,,Video Game Consoles,B42,200,,Recipe
PlayRampart,,Video Game Consoles,B42,200,,Recipe
PlayToddsAdventures,,Video Game Consoles,B42,200,,Recipe
RemoveBatteryGB,,Video Game Consoles,B42,40,,Recipe
RemoveBatteryGG,,Video Game Consoles,B42,40,,Recipe
RemoveBatteryLynx,,Video Game Consoles,B42,40,,Recipe
InsertBatteryGB,,Video Game Consoles,B42,40,,Recipe
InsertBatteryGG,,Video Game Consoles,B42,40,,Recipe
InsertBatteryLynx,,Video Game Consoles,B42,40,,Recipe
DismantleConsole_vgc,,Video Game Consoles,B42,60,,Recipe
ConnectSegaCD,,Video Game Consoles,B42,60,,Recipe
DisconnectSegaCD,,Video Game Consoles,B42,60,,Recipe
85chevyStepVanMakeTire,,85chevyStepVan,B42,200,Making,Recipe
85chevyStepVanMakeDoubleTires,,85chevyStepVan,B42,250,Making,Recipe
85chevyStepVanMakeHood,,85chevyStepVan,B42,200,Welding,Recipe
85chevyStepVanMakeFrontDoor,,85chevyStepVan,B42,200,Welding,Recipe
85chevyStepVanMakeTrunkLid,,85chevyStepVan,B42,200,Welding,Recipe
85chevyStepVanMakeFrontSeat,,85chevyStepVan,B42,200,Making,Recipe
85chevyStepVanMakeFrontWindshield,,85chevyStepVan,B42,200,Making,Recipe
85chevyStepVanMakeLeftSideWindow,,85chevyStepVan,B42,200,Making,Recipe
85chevyStepVanMakeRightSideWindow,,85chevyStepVan,B42,200,Making,Recipe
85chevyStepVanMakeRearWindshield,,85chevyStepVan,B42,200,Making,Recipe
85chevyStepVanMakeFrontWindshieldArmor,,85chevyStepVan,B42,200,Welding,Recipe
85chevyStepVanSWATMakeFrontWindshieldArmor,,85chevyStepVan,B42,200,Welding,Recipe
85chevyStepVanMakeFrontWindowArmor,,85chevyStepVan,B42,200,Welding,Recipe
85chevyStepVanSWATMakeFrontWindowArmor,,85chevyStepVan,B42,200,Welding,Recipe
85chevyStepVanMakeRearWindshieldArmor,,85chevyStepVan,B42,200,Welding,Recipe
85chevyStepVanSWATMakeRearWindshieldArmor,,85chevyStepVan,B42,200,Welding,Recipe
85chevyStepVanMakeFrontBumper,,85chevyStepVan,B42,200,Welding,Recipe
85chevyStepVanMakeFrontBullbar,,85chevyStepVan,B42,200,Welding,Recipe
85chevyStepVanMakeFrontReinforcedBumper,,85chevyStepVan,B42,200,Welding,Recipe
85chevyStepVanMakeRearBumper,,85chevyStepVan,B42,200,Welding,Recipe
85chevyStepVanMakeRoofrack,,85chevyStepVan,B42,200,Welding,Recipe
85chevyStepVanMakeBarrier,,85chevyStepVan,B42,200,Welding,Recipe
CUDAMakeTire,,70barracuda,B42,200,Making,Recipe
CUDAStockMakeHood,,70barracuda,B42,200,Welding,Recipe
CUDAMakeHood,,70barracuda,B42,200,Welding,Recipe
CUDAAARMakeHood,,70barracuda,B42,200,Welding,Recipe
CUDAMakeFrontDoor,,70barracuda,B42,200,Welding,Recipe
CUDAMakeTrunkLid,,70barracuda,B42,200,Welding,Recipe
CUDAMakeFrontSeat,,70barracuda,B42,200,Making,Recipe
CUDAMakeRearSeat,,70barracuda,B42,200,Making,Recipe
CUDAMakeFrontWindshield,,70barracuda,B42,200,Making,Recipe
CUDAMakeFrontSideWindow,,70barracuda,B42,200,Making,Recipe
CUDAMakeRearSideWindow,,70barracuda,B42,200,Making,Recipe
CUDAMakeRearWindshield,,70barracuda,B42,200,Making,Recipe
CUDAMakeFrontWindowArmor,,70barracuda,B42,200,Welding,Recipe
CUDAMakeFrontWindshieldArmor,,70barracuda,B42,200,Welding,Recipe
CUDAMakeRearWindshieldArmor,,70barracuda,B42,200,Welding,Recipe
CUDAMakeFrontBumper0,,70barracuda,B42,200,Welding,Recipe
CUDAMakeFrontBumper1,,70barracuda,B42,200,Welding,Recipe
CUDAMakeFrontBumper2,,70barracuda,B42,200,Welding,Recipe
CUDAMakeRearBumper,,70barracuda,B42,200,Welding,Recipe
CUDAMakeFrontBullbar,,70barracuda,B42,200,Welding,Recipe
CUDAMakeRearBullbar,,70barracuda,B42,200,Welding,Recipe
CUDAMakeRoofrack,,70barracuda,B42,200,Welding,Recipe
67commandoMakeFrontDoor,,67commando,B42,300,Welding,Recipe
67commandoMakeRearDoor,,67commando,B42,200,Welding,Recipe
67commandoMakeHood,,67commando,B42,200,Welding,Recipe
67commandoMakeToolboxLid,,67commando,B42,200,Welding,Recipe
67commandoMakeLightGuards,,67commando,B42,200,Welding,Recipe
CraftScrapFrame1,,BravensBicyclesRedux,B41,500.0,,Recipe
CraftScrapSuspension1,,BravensBicyclesRedux,B41,300.0,,Recipe
CraftScrapBrakes1,,BravensBicyclesRedux,B41,250.0,,Recipe
CraftScrapTire1,,BravensBicyclesRedux,B41,100.0,,Recipe
CraftScrapFrame2,,BravensBicyclesRedux,B41,500.0,,Recipe
CraftScrapSuspension2,,BravensBicyclesRedux,B41,300.0,,Recipe
CraftScrapBrakes2,,BravensBicyclesRedux,B41,250.0,,Recipe
CraftScrapTire2,,BravensBicyclesRedux,B41,100.0,,Recipe
CraftScrapSeat,,BravensBicyclesRedux,B41,100.0,,Recipe
CraftBikeLock,,BravensBicyclesRedux,B41,100.0,,Recipe
CraftHeadlight,,BravensBicyclesRedux,B41,100.0,,Recipe
77firebirdMakeTire,,77firebird,B42,200,Making,Recipe
77firebirdMakeHood1,,77firebird,B42,200,Welding,Recipe
77firebirdMakeHood2,,77firebird,B42,200,Welding,Recipe
77firebirdMakeHood3,,77firebird,B42,200,Welding,Recipe
77firebirdMakeFrontDoor,,77firebird,B42,200,Welding,Recipe
77firebirdMakeTrunkLid,,77firebird,B42,200,Welding,Recipe
77firebirdMakeFrontSeat,,77firebird,B42,200,Making,Recipe
77firebirdMakeRearSeat,,77firebird,B42,200,Making,Recipe
77firebirdMakeFrontWindshield,,77firebird,B42,200,Making,Recipe
77firebirdMakeFrontSideWindow,,77firebird,B42,200,Making,Recipe
77firebirdMakeRoofPanels,,77firebird,B42,200,Making,Recipe
77firebirdMakeRearWindshield,,77firebird,B42,200,Making,Recipe
77firebirdMakeFrontWindowArmor,,77firebird,B42,200,Welding,Recipe
77firebirdMakeFrontWindshieldArmor,,77firebird,B42,200,Welding,Recipe
77firebirdMakeRearWindshieldArmor,,77firebird,B42,200,Welding,Recipe
77firebirdMakeReinforcedFrontBumper,,77firebird,B42,200,Welding,Recipe
77firebirdMakeFrontBullbar,,77firebird,B42,200,Welding,Recipe
77firebirdMakeSmallVintageRoofrack,,77firebird,B42,200,Welding,Recipe
91geoMetroMakeTire,,91geoMetro,B42,200,Making,Recipe
91geoMetroMakeHood,,91geoMetro,B42,200,Welding,Recipe
91geoMetroMakeFrontDoor,,91geoMetro,B42,200,Welding,Recipe
91geoMetroMakeTrunkLid,,91geoMetro,B42,200,Welding,Recipe
91geoMetroMakeFrontSeat,,91geoMetro,B42,200,Making,Recipe
91geoMetroMakeRearSeat,,91geoMetro,B42,200,Making,Recipe
91geoMetroMakeFrontWindshield,,91geoMetro,B42,200,Making,Recipe
91geoMetroMakeFrontSideWindow,,91geoMetro,B42,200,Making,Recipe
91geoMetroMakeRearSideWindow,,91geoMetro,B42,200,Making,Recipe
91geoMetroMakeRearWindshield,,91geoMetro,B42,200,Making,Recipe
91geoMetroMakeFrontWindshieldWoodenArmor,,91geoMetro,B42,200,Making,Recipe
91geoMetroMakeFrontWindowWoodenArmor,,91geoMetro,B42,200,Making,Recipe
91geoMetroMakeRearWindowWoodenArmor,,91geoMetro,B42,200,Making,Recipe
91geoMetroMakeRearWindshieldWoodenArmor,,91geoMetro,B42,200,Making,Recipe
91geoMetroMakeReinforcedBumper,,91geoMetro,B42,200,Making,Recipe
91geoMetroMakeWoodenRoofrack,,91geoMetro,B42,200,Making,Recipe
91geoMetroMakeMetalRoofrack,,91geoMetro,B42,200,Welding,Recipe
67gt500MakeTire,,67gt500,B42,200,Making,Recipe
67gt500eMakeTire,,67gt500,B42,200,Making,Recipe
67gt500MakeHood,,67gt500,B42,200,Welding,Recipe
67gt500eMakeHood,,67gt500,B42,200,Welding,Recipe
67gt500MakeFrontDoor,,67gt500,B42,200,Welding,Recipe
67gt500MakeTrunkLid,,67gt500,B42,200,Welding,Recipe
67gt500MakeFrontSeat,,67gt500,B42,200,Making,Recipe
67gt500MakeRearSeat,,67gt500,B42,200,Making,Recipe
67gt500MakeFrontWindshield,,67gt500,B42,200,Making,Recipe
67gt500MakeFrontSideWindow,,67gt500,B42,200,Making,Recipe
67gt500MakeRearWindshield,,67gt500,B42,200,Making,Recipe
67gt500MakeFrontWindowArmor,,67gt500,B42,200,Welding,Recipe
67gt500MakeFrontWindshieldArmor,,67gt500,B42,200,Welding,Recipe
67gt500MakeRearWindshieldArmor,,67gt500,B42,200,Welding,Recipe
67gt500MakeFrontBullbar,,67gt500,B42,200,Welding,Recipe
67gt500MakeReinforcedFrontBumper,,67gt500,B42,200,Making,Recipe
67gt500eMakeReinforcedFrontBumper,,67gt500,B42,200,Making,Recipe
67gt500MakeRearBullbar,,67gt500,B42,200,Welding,Recipe
67gt500MakeReinforcedRearBumper,,67gt500,B42,200,Making,Recipe
67gt500MakeRoofrack,,67gt500,B42,200,Welding,Recipe
66pontiacLeMans217MakeTire,,66pontiacLeMans,B42,200,Making,Recipe
66pontiacLeMans215MakeTire,,66pontiacLeMans,B42,200,Making,Recipe
66pontiacLeMansMakeHood,,66pontiacLeMans,B42,200,Welding,Recipe
66pontiacGTOMakeHood,,66pontiacLeMans,B42,200,Welding,Recipe
66pontiacLeMansMakeFrontDoor,,66pontiacLeMans,B42,200,Welding,Recipe
66pontiacLeMansMakeTrunkLid,,66pontiacLeMans,B42,200,Welding,Recipe
66pontiacLeMansMakeFrontSeat,,66pontiacLeMans,B42,200,Making,Recipe
66pontiacLeMansMakeRearSeat,,66pontiacLeMans,B42,200,Making,Recipe
66pontiacLeMansMakeFrontWindshield,,66pontiacLeMans,B42,200,Making,Recipe
66pontiacLeMansMakeFrontSideWindow,,66pontiacLeMans,B42,200,Making,Recipe
66pontiacLeMansMakeRearWindshield,,66pontiacLeMans,B42,200,Making,Recipe
66pontiacLeMansMakeFrontWindowArmor,,66pontiacLeMans,B42,200,Welding,Recipe
66pontiacLeMansMakeFrontWindshieldArmor,,66pontiacLeMans,B42,200,Welding,Recipe
66pontiacLeMansMakeRearWindshieldArmor,,66pontiacLeMans,B42,200,Welding,Recipe
66pontiacLeMansMakeFrontBumper,,66pontiacLeMans,B42,200,Welding,Recipe
66pontiacLeMansMakeRearBumper,,66pontiacLeMans,B42,200,Welding,Recipe
66pontiacLeMansMakeFrontBullbar,,66pontiacLeMans,B42,200,Welding,Recipe
66pontiacLeMansMakeReinforcedFrontBumper,,66pontiacLeMans,B42,200,Making,Recipe
66pontiacLeMansMakeRoofrack,,66pontiacLeMans,B42,200,Welding,Recipe
84jeepXJMakeTire,,84jeepXJ,B42,200,Making,Recipe
84jeepXJMakeHood,,84jeepXJ,B42,200,Welding,Recipe
84jeepXJMakeFrontDoor,,84jeepXJ,B42,200,Welding,Recipe
84jeepXJMakeRearDoor,,84jeepXJ,B42,200,Welding,Recipe
84jeepXJMakeTrunkLid,,84jeepXJ,B42,200,Welding,Recipe
84jeepXJMakeFrontSeat,,84jeepXJ,B42,200,Making,Recipe
84jeepXJMakeRearSeat,,84jeepXJ,B42,200,Making,Recipe
84jeepXJMakeFrontWindshield,,84jeepXJ,B42,200,Making,Recipe
84jeepXJMakeFrontSideWindow,,84jeepXJ,B42,200,Making,Recipe
84jeepXJMakeRearSideWindow,,84jeepXJ,B42,200,Making,Recipe
84jeepXJMakeBackSideWindow,,84jeepXJ,B42,200,Making,Recipe
84jeepXJMakeRearWindshield,,84jeepXJ,B42,200,Making,Recipe
84jeepXJMakeFrontWindshieldArmor,,84jeepXJ,B42,200,Welding,Recipe
84jeepXJMakeFrontWindowArmor,,84jeepXJ,B42,200,Welding,Recipe
84jeepXJMakeRearWindowArmor,,84jeepXJ,B42,200,Welding,Recipe
84jeepXJMakeBackWindowArmor,,84jeepXJ,B42,200,Welding,Recipe
84jeepXJMakeRearWindshieldArmor,,84jeepXJ,B42,200,Welding,Recipe
84jeepXJMakeFrontBumper,,84jeepXJ,B42,200,Welding,Recipe
84jeepXJMakeFrontPushBumper,,84jeepXJ,B42,200,Welding,Recipe
84jeepXJMakeFrontBullbar,,84jeepXJ,B42,200,Welding,Recipe
84jeepXJMakeRearBumper,,84jeepXJ,B42,200,Welding,Recipe
84jeepXJMakeRoofrack,,84jeepXJ,B42,200,Welding,Recipe
IGSmashGlassJar,,GreenHouse,B41,15.0,,Recipe
IGSmashGlassPane,,GreenHouse,B41,34.0,,Recipe
IGSmashWindshield,,GreenHouse,B41,120.0,,Recipe
IGSmashWindows,,GreenHouse,B41,100.0,,Recipe
IGPrepareGlassShards,,GreenHouse,B41,10.0,,Recipe
IGUnprepareGlassShards,,GreenHouse,B41,10.0,,Recipe
IGRemoveGlassPane,,GreenHouse,B41,30.0,,Recipe
78amgeneralM35A2MakeHood,,78amgeneralM35A2,B42,200,Welding,Recipe
78amgeneralM35A2MakeFrontDoor,,78amgeneralM35A2,B42,200,Welding,Recipe
78amgeneralM35A2MakeTailgate,,78amgeneralM35A2,B42,200,Welding,Recipe
78amgeneralM35A2MakeTrunkLid,,78amgeneralM35A2,B42,200,Welding,Recipe
78amgeneralM35A2MakeFrontWindshield,,78amgeneralM35A2,B42,200,Making,Recipe
78amgeneralM35A2MakeFrontSideWindow,,78amgeneralM35A2,B42,200,Making,Recipe
78amgeneralM35A2MakeFrontWindshieldArmor,,78amgeneralM35A2,B42,200,Welding,Recipe
78amgeneralM35A2MakeFrontWindowArmor,,78amgeneralM35A2,B42,200,Welding,Recipe
78amgeneralM35A2MakeFrontBumper,,78amgeneralM35A2,B42,200,Welding,Recipe
78amgeneralM35A2MakeFrontGrille,,78amgeneralM35A2,B42,200,Welding,Recipe
78amgeneralM35A2MakeMudflaps,,78amgeneralM35A2,B42,200,Making,Recipe
78amgeneralM35A2MakeBedStakesConstruction,,78amgeneralM35A2,B42,200,Welding,Recipe
78amgeneralM35A2MakeSoftBedCover,,78amgeneralM35A2,B42,200,Making,Recipe
78amgeneralM35A2MakeBedStakes,,78amgeneralM35A2,B42,200,Welding,Recipe
78amgeneralM35A2MakeMuffler,,78amgeneralM35A2,B42,200,Welding,Recipe
78amgeneralM35A2MakeHardCabCover,,78amgeneralM35A2,B42,200,Welding,Recipe
78amgeneralM35A2MakeSoftCabCover,,78amgeneralM35A2,B42,200,Making,Recipe
Cutinto4Pieces,,SapphCookingB42,B42,20,UnPackBox_Small,Recipe
Cutinto8Pieces,,SapphCookingB42,B42,20,UnPackBox_Small,Recipe
Cutinto2Pieces,,SapphCookingB42,B42,80,DiceFood_Surface,Recipe
MakePopsicle2,,SapphCookingB42,B42,20,Sapph_SkewerAddHand,Recipe
CleanBowl,,SapphCookingB42,B42,10,EmptyPan,Recipe
SliceVegetables,,SapphCookingB42,B42,20,DiceFood_Surface,Recipe
SliceMeat,,SapphCookingB42,B42,20,DiceFood_Surface,Recipe
DiceVegetables,,SapphCookingB42,B42,20,DiceFood_Surface,Recipe
PrepareBloodSausage,,SapphCookingB42,B42,50,SliceFood_Surface,Recipe
OpenCannedFood,,SapphCookingB42,B42,70,OpenTinCan,Recipe
OpenCannedFoodWithKnifeOrSharpStoneFlake,,SapphCookingB42,B42,80,OpenTinCanWithKnife,Recipe
PlaceRiceInSaucepan,,SapphCookingB42,B42,50,MixingSaucepan,Recipe
PrepareCeviche,,SapphCookingB42,B42,80,MixingBowl,Recipe
PrepareCurry,,SapphCookingB42,B42,50,MixingSaucepan,Recipe
Juice,,SapphCookingB42,B42,20,MixBottle,Recipe
BlendContents,,SapphCookingB42,B42,60,BlendContents,Recipe
PourMilkshakeInto,,SapphCookingB42,B42,30,EmptyPan,Recipe
PourSmoothieInto,,SapphCookingB42,B42,30,EmptyPan,Recipe
PourPureeInto,,SapphCookingB42,B42,30,EmptyPan,Recipe
PourJuiceInto,,SapphCookingB42,B42,30,EmptyPan,Recipe
MakeCoffeeMugSapph,,SapphCookingB42,B42,20,Making,Recipe
MakeCappuccinoMugSapph,,SapphCookingB42,B42,30,CoffeBrew,Recipe
MakeLatteMugSapph,,SapphCookingB42,B42,30,CoffeBrew,Recipe
MakeAmericanoMugSapph,,SapphCookingB42,B42,30,CoffeBrew,Recipe
MakeFrappeMugSapph,,SapphCookingB42,B42,30,CoffeBrew,Recipe
MakeIrishCoffeeMugSapph,,SapphCookingB42,B42,30,CoffeBrew,Recipe
MakeMochaMugSapph,,SapphCookingB42,B42,30,CoffeBrew,Recipe
PourInThermos,,SapphCookingB42,B42,30,EmptyPan,Recipe
CookOmelette2,,SapphCookingB42,B42,80,CookingEggWok,Recipe
CookBaconandEggs2,,SapphCookingB42,B42,250,CookingBaconEggsPan,Recipe
CookScrambledEggs,,SapphCookingB42,B42,60,CookingOmeletteWok,Recipe
PrepareRavioli,,SapphCookingB42,B42,60,CookingYakisobaWok,Recipe
MakeTrayofBeefJerky,,SapphCookingB42,B42,60,PackingTray_Small,Recipe
RemoveMacaronsfromTray,,SapphCookingB42,B42,10,UnPackBox_Small,Recipe
Make2BowlsFood,,SapphCookingB42,B42,100,MixingBowl,Recipe
Make4BowlsFood,,SapphCookingB42,B42,100,MixingBowl,Recipe
MakeTrayofFood,,SapphCookingB42,B42,100,MixingBowl,Recipe
MakeBowlofJello,,SapphCookingB42,B42,250,MixingBowl,Recipe
89dodgeCaravanMakeTire,,89dodgeCaravan,B42,200,Making,Recipe
89dodgeCaravanMakeOffroadTire,,89dodgeCaravan,B42,200,Making,Recipe
89dodgeCaravanMakeHood,,89dodgeCaravan,B42,200,Welding,Recipe
89dodgeCaravanMakeFrontDoor,,89dodgeCaravan,B42,200,Welding,Recipe
89dodgeCaravanMakeRearDoor,,89dodgeCaravan,B42,200,Welding,Recipe
89dodgeCaravanMakeTrunkLid,,89dodgeCaravan,B42,200,Welding,Recipe
89dodgeCaravanMakeFrontSeat,,89dodgeCaravan,B42,200,Making,Recipe
89dodgeCaravanMakeFrontWindshield,,89dodgeCaravan,B42,200,Making,Recipe
89dodgeCaravanMakeFrontSideWindow,,89dodgeCaravan,B42,200,Making,Recipe
89dodgeCaravanMakeRearSideWindow,,89dodgeCaravan,B42,200,Making,Recipe
89dodgeCaravanMakeRearWindshield,,89dodgeCaravan,B42,200,Making,Recipe
89dodgeCaravanMakeFrontWindshieldArmor,,89dodgeCaravan,B42,200,Welding,Recipe
89dodgeCaravanMakeFrontWindowArmor,,89dodgeCaravan,B42,200,Welding,Recipe
89dodgeCaravanMakeRearWindowArmor,,89dodgeCaravan,B42,200,Welding,Recipe
89dodgeCaravanMakeBackWindowArmor,,89dodgeCaravan,B42,200,Welding,Recipe
89dodgeCaravanMakeRearWindshieldArmor,,89dodgeCaravan,B42,200,Welding,Recipe
89dodgeCaravanMakeFrontBumper,,89dodgeCaravan,B42,200,Welding,Recipe
89dodgeCaravanMakeFrontBullbar,,89dodgeCaravan,B42,200,Welding,Recipe
89dodgeCaravanMakeReinforcedFrontBumper,,89dodgeCaravan,B42,200,Making,Recipe
89dodgeCaravanMakeRearBumper,,89dodgeCaravan,B42,200,Welding,Recipe
89dodgeCaravanMakeRoofrack,,89dodgeCaravan,B42,200,Welding,Recipe
89dodgeCaravanMakeMudflaps,,89dodgeCaravan,B42,200,Making,Recipe
89dodgeCaravanMakeSidesteps,,89dodgeCaravan,B42,200,Welding,Recipe
DrawingPaper,,DrawOnMap,B42,2,,Recipe
SewSlingbag,,EFTBackpacks,B42,400,SewingCloth,Recipe
SewMBSS,,EFTBackpacks,B42,500,SewingCloth,Recipe
Sew3Daypack,,EFTBackpacks,B42,500,SewingCloth,Recipe
SewPatrolpack,,EFTBackpacks,B42,500,SewingCloth,Recipe
SewPillbox,,EFTBackpacks,B42,500,SewingCloth,Recipe
SewBerkutBackpack,,EFTBackpacks,B42,500,SewingCloth,Recipe
SewMechanismBag,,EFTBackpacks,B42,600,SewingCloth,Recipe
SewRush100bag,,EFTBackpacks,B42,700,SewingCloth,Recipe
SewRaidbag,,EFTBackpacks,B42,850,SewingCloth,Recipe
SewBeta2,,EFTBackpacks,B42,700,SewingCloth,Recipe
SewCamelbak,,EFTBackpacks,B42,700,SewingCloth,Recipe
SewSwitchblade,,EFTBackpacks,B42,500,SewingCloth,Recipe
SewParatus,,EFTBackpacks,B42,700,SewingCloth,Recipe
commonPontiacMakeTire1,,65banshee,B42,200,Making,Recipe
commonPontiacMakeTire2,,65banshee,B42,200,Making,Recipe
commonPontiacMakeTire3,,65banshee,B42,200,Making,Recipe
commonPontiacMakeTire4,,65banshee,B42,200,Making,Recipe
commonPontiacMakeTire5,,65banshee,B42,200,Making,Recipe
commonPontiacMakeTire6,,65banshee,B42,200,Making,Recipe
65bansheeMakeHood1,,65banshee,B42,200,Welding,Recipe
65bansheeMakeHood2,,65banshee,B42,200,Welding,Recipe
65bansheeMakeFrontDoor,,65banshee,B42,200,Welding,Recipe
65bansheeMakeTrunkLid,,65banshee,B42,200,Welding,Recipe
65bansheeMakeFrontSeat,,65banshee,B42,200,Making,Recipe
65bansheeMakeFrontWindshield,,65banshee,B42,200,Making,Recipe
65bansheeMakeFrontSideWindow,,65banshee,B42,200,Making,Recipe
65bansheeMakeRearWindshield,,65banshee,B42,200,Making,Recipe
65bansheeMakeFrontWindowArmor,,65banshee,B42,200,Welding,Recipe
65bansheeMakeFrontWindshieldArmor,,65banshee,B42,200,Welding,Recipe
65bansheeMakeRearWindshieldArmor,,65banshee,B42,200,Welding,Recipe
65bansheeMakeFrontBumper,,65banshee,B42,200,Welding,Recipe
65bansheeMakeRearBumper,,65banshee,B42,200,Welding,Recipe
65bansheeMakeReinforcedFrontBumper,,65banshee,B42,200,Welding,Recipe
65bansheeMakeReinforcedRearBumper,,65banshee,B42,200,Welding,Recipe
65bansheeMakeSmallVintageRoofrack,,65banshee,B42,200,Welding,Recipe
65bansheeMakeMetalRoof,,65banshee,B42,200,Welding,Recipe
65bansheeMakeRollbar,,65banshee,B42,200,Welding,Recipe
92fordCVPIMakeHood,,92fordCVPI,B42,200,Welding,Recipe
92fordCVPIMakeFrontDoor,,92fordCVPI,B42,200,Welding,Recipe
92fordCVPIMakeRearDoor,,92fordCVPI,B42,200,Welding,Recipe
92fordCVPIMakeTrunkLid,,92fordCVPI,B42,200,Welding,Recipe
92fordCVPIMakeFrontSeat,,92fordCVPI,B42,200,Making,Recipe
92fordCVPIMakeRearSeat,,92fordCVPI,B42,200,Making,Recipe
92fordCVPIMakeFrontWindshield,,92fordCVPI,B42,200,Making,Recipe
92fordCVPIMakeFrontSideWindow,,92fordCVPI,B42,200,Making,Recipe
92fordCVPIMakeRearSideWindow,,92fordCVPI,B42,200,Making,Recipe
92fordCVPIMakeRearWindshield,,92fordCVPI,B42,200,Making,Recipe
92fordCVPIMakePushBumper1,,92fordCVPI,B42,200,Welding,Recipe
92fordCVPIMakePushBumper2,,92fordCVPI,B42,200,Welding,Recipe
92fordCVPIMakePushBumper3,,92fordCVPI,B42,200,Welding,Recipe
92fordCVPICabBarrier,,92fordCVPI,B42,200,Welding,Recipe
86chevyCUCVMakeHood,,86chevyCUCV,B42,200,Welding,Recipe
86chevyM1008MakeTrunkLid,,86chevyCUCV,B42,200,Welding,Recipe
80chevyM1010MakeTrunkLid,,86chevyCUCV,B42,200,Welding,Recipe
80chevyM1028MakeTrunkLid,,86chevyCUCV,B42,200,Welding,Recipe
80chevyM1031MakeTrunkLid,,86chevyCUCV,B42,200,Welding,Recipe
86chevyK5MakeTrunkLid,,86chevyCUCV,B42,200,Welding,Recipe
86chevyCUCVMakeTrunkLid,,86chevyCUCV,B42,200,Welding,Recipe
86chevyCUCVMakeTrunkLids,,86chevyCUCV,B42,200,Welding,Recipe
86chevyCUCVMakeFrontSeat,,86chevyCUCV,B42,200,Making,Recipe
86chevyCUCVMakeRearSeat,,86chevyCUCV,B42,200,Making,Recipe
86chevyCUCVMakeFrontWindshieldArmor,,86chevyCUCV,B42,200,Welding,Recipe
86chevyCUCVMakeFrontWindowArmor,,86chevyCUCV,B42,200,Welding,Recipe
86chevyCUCVMakeBackWindowArmor,,86chevyCUCV,B42,200,Welding,Recipe
86chevyCUCVMakeRearWindshieldArmor,,86chevyCUCV,B42,200,Welding,Recipe
86chevyM1010MakeRearWindshieldArmor,,86chevyCUCV,B42,200,Welding,Recipe
86chevyCUCVMakeFrontHeavyBullbar,,86chevyCUCV,B42,200,Welding,Recipe
86chevyCUCVMakePDBullbar,,86chevyCUCV,B42,200,Welding,Recipe
86chevyCUCVMakeRearBumper,,86chevyCUCV,B42,200,Welding,Recipe
86chevyCUCVMakeRearBumperMudflaps,,86chevyCUCV,B42,200,Welding,Recipe
86chevyCUCVMakeBedTarp,,86chevyCUCV,B42,200,Making,Recipe
86chevyCUCVMakeBedPlanks,,86chevyCUCV,B42,200,Welding,Recipe
86chevy1028MakeMudflaps,,86chevyCUCV,B42,200,Making,Recipe
Tangdao,,Willowbrook Bastion! (items part),B42,300,MakingHammer_Surface,Recipe
Liuyedao,,Willowbrook Bastion! (items part),B42,300,MakingHammer_Surface,Recipe
Miaodao,,Willowbrook Bastion! (items part),B42,300,MakingHammer_Surface,Recipe
HanHuanshoudao,,Willowbrook Bastion! (items part),B42,260,MakingHammer_Surface,Recipe
Taishanbaohuan,,Willowbrook Bastion! (items part),B42,520,MakingHammer_Surface,Recipe
Yuchangjian,,Willowbrook Bastion! (items part),B42,290,MakingHammer_Surface,Recipe
Modao,,Willowbrook Bastion! (items part),B42,350,MakingHammer_Surface,Recipe
Zilongchangqiang,,Willowbrook Bastion! (items part),B42,350,MakingHammer_Surface,Recipe
Mashuo,,Willowbrook Bastion! (items part),B42,400,MakingHammer_Surface,Recipe
Daxialongque,,Willowbrook Bastion! (items part),B42,600,MakingHammer_Surface,Recipe
93fordF350MakeTire,,93fordF350,B42,200,Making,Recipe
93fordF350MakeDoubleTires,,93fordF350,B42,250,Making,Recipe
93fordF350DismantleDoubleTires,,93fordF350,B42,250,Making,Recipe
93fordF350MakeHood,,93fordF350,B42,200,Welding,Recipe
93fordF350MakeFrontDoor,,93fordF350,B42,200,Welding,Recipe
93fordF350MakeRearDoor,,93fordF350,B42,200,Welding,Recipe
93fordF350MakeTrunkLid,,93fordF350,B42,200,Welding,Recipe
93fordF350MakeFrontSeat,,93fordF350,B42,200,Making,Recipe
93fordF350MakeRearSeat,,93fordF350,B42,200,Making,Recipe
93fordF350MakeFrontWindshield,,93fordF350,B42,200,Making,Recipe
93fordF350MakeFrontSideWindow,,93fordF350,B42,200,Making,Recipe
93fordF350MakeRearSideWindow,,93fordF350,B42,200,Making,Recipe
93fordF350MakeRearWindshield,,93fordF350,B42,200,Making,Recipe
93fordF350MakeFrontWindshieldArmor,,93fordF350,B42,200,Welding,Recipe
93fordF350MakeFrontWindowArmor,,93fordF350,B42,200,Welding,Recipe
93fordF350MakeRearWindowArmor,,93fordF350,B42,200,Welding,Recipe
93fordF350utilityMakeRearWindshieldArmor,,93fordF350,B42,200,Welding,Recipe
93fordF350MakeHeadacheRackWithToolbox,,93fordF350,B42,200,Welding,Recipe
93fordF350MakeFrontBullbar,,93fordF350,B42,200,Welding,Recipe
93fordF350MakeFrontBumper,,93fordF350,B42,200,Welding,Recipe
93fordF350MakeReinforcedFrontBumperB,,93fordF350,B42,200,Welding,Recipe
93fordF350MakeReinforcedFrontBumperC,,93fordF350,B42,200,Welding,Recipe
93fordF350MakeCageBullbar,,93fordF350,B42,200,Welding,Recipe
93fordF350MakeRearBumper,,93fordF350,B42,200,Welding,Recipe
93fordF350MakeMudflaps,,93fordF350,B42,200,Making,Recipe
93fordF350MakeSidesteps,,93fordF350,B42,200,Welding,Recipe
93fordF350CombineSidesteps,,93fordF350,B42,50,Making,Recipe
93fordF350MakeSidestepsLong,,93fordF350,B42,200,Welding,Recipe
93fordF150MakeSidesteps,,93fordF350,B42,200,Welding,Recipe
93fordF150MakeSidestepsLong,,93fordF350,B42,200,Welding,Recipe
93fordF350MakeBedCover,,93fordF350,B42,200,Making,Recipe
93fordF350MakeRoofrack,,93fordF350,B42,200,Welding,Recipe
AssembleLegendaryLightCap,,LegendaryCap,B42,100,MakingElectrical,Recipe
AssembleLegendaryCap_Grey,,LegendaryCap,B42,300,SewingCloth,Recipe
AssembleLegendaryCap_Green,,LegendaryCap,B42,300,SewingCloth,Recipe
AssembleLegendaryCap_Brown,,LegendaryCap,B42,300,SewingCloth,Recipe
AssembleLegendaryCap_Black,,LegendaryCap,B42,300,SewingCloth,Recipe
AssembleLegendaryCap_Pink,,LegendaryCap,B42,300,SewingCloth,Recipe
AssembleLegendaryCap_Orange,,LegendaryCap,B42,300,SewingCloth,Recipe
AssembleLegendaryCap_Purple,,LegendaryCap,B42,300,SewingCloth,Recipe
AssembleLegendaryCap_Blue,,LegendaryCap,B42,300,SewingCloth,Recipe
AssembleLegendaryCap_Red,,LegendaryCap,B42,300,SewingCloth,Recipe
AssembleLegendaryCap_White,,LegendaryCap,B42,300,SewingCloth,Recipe
91nissan240sxMakeTire1,,91nissan240sx,B42,200,Making,Recipe
91nissan240sxMakeTire2,,91nissan240sx,B42,200,Making,Recipe
91nissan240sxMakeTire3,,91nissan240sx,B42,200,Making,Recipe
91nissan240sxMakeTire4,,91nissan240sx,B42,200,Making,Recipe
91nissan240sxMakeHood,,91nissan240sx,B42,200,Welding,Recipe
91nissan240sxMakeFrontDoor,,91nissan240sx,B42,200,Welding,Recipe
91nissan240sxMakeTrunkLid,,91nissan240sx,B42,200,Welding,Recipe
91nissan240sxMakeFrontSeat,,91nissan240sx,B42,200,Making,Recipe
91nissan240sxMakeRearSeat,,91nissan240sx,B42,200,Making,Recipe
91nissan240sxMakeFrontWindshield,,91nissan240sx,B42,200,Making,Recipe
91nissan240sxMakeFrontSideWindow,,91nissan240sx,B42,200,Making,Recipe
91nissan240sxMakeRearSideWindow,,91nissan240sx,B42,200,Making,Recipe
91nissan240sxMakeRearWindshield,,91nissan240sx,B42,200,Making,Recipe
91nissan240sxMakeSunroof,,91nissan240sx,B42,200,Making,Recipe
91nissan240sxMakeFrontWindshieldArmor,,91nissan240sx,B42,200,Welding,Recipe
91nissan240sxMakeFrontWindowArmor,,91nissan240sx,B42,200,Welding,Recipe
91nissan240sxMakeRearWindowArmor,,91nissan240sx,B42,200,Welding,Recipe
91nissan240sxMakeRearWindshieldArmor,,91nissan240sx,B42,200,Welding,Recipe
91nissan240sxMakeFrontBullbar,,91nissan240sx,B42,200,Welding,Recipe
91nissan240sxMakeFrontReinforcedBumper1,,91nissan240sx,B42,200,Welding,Recipe
91nissan240sxMakeFrontReinforcedBumper2,,91nissan240sx,B42,200,Welding,Recipe
91nissan240sxMakeSmallModernRoofrack,,91nissan240sx,B42,200,Welding,Recipe
93mustangSSPMakeTire,,93mustangSSP,B42,200,Making,Recipe
93mustangSSPMakeTire2,,93mustangSSP,B42,200,Making,Recipe
93mustangGTMakeTire,,93mustangSSP,B42,200,Making,Recipe
93mustangGTMakeTire2,,93mustangSSP,B42,200,Making,Recipe
93mustangSVTMakeTire,,93mustangSSP,B42,200,Making,Recipe
93mustangSSPMakeHood,,93mustangSSP,B42,200,Welding,Recipe
93mustangSVTMakeHood,,93mustangSSP,B42,200,Welding,Recipe
93mustangSSPMakeFrontDoor,,93mustangSSP,B42,200,Welding,Recipe
93mustangSSPMakeTrunkLid,,93mustangSSP,B42,200,Welding,Recipe
93mustangGTMakeTrunkLid,,93mustangSSP,B42,200,Welding,Recipe
93mustangSSPMakeFrontSeat,,93mustangSSP,B42,200,Making,Recipe
93mustangSSPMakeRearSeat,,93mustangSSP,B42,200,Making,Recipe
93mustangSSPMakeFrontWindshield,,93mustangSSP,B42,200,Making,Recipe
93mustangSSPMakeFrontSideWindow,,93mustangSSP,B42,200,Making,Recipe
93mustangSSPMakeRearSideWindow,,93mustangSSP,B42,200,Making,Recipe
93mustangGTMakeRearSideWindow,,93mustangSSP,B42,200,Making,Recipe
93mustangSSPMakeRearWindshield,,93mustangSSP,B42,200,Making,Recipe
93mustangSSPMakeFrontWindshieldArmor,,93mustangSSP,B42,200,Welding,Recipe
93mustangSSPMakeFrontWindowArmor,,93mustangSSP,B42,200,Welding,Recipe
93mustangSSPMakeRearWindowArmor,,93mustangSSP,B42,200,Welding,Recipe
93mustangSSPMakeRearWindshieldArmor,,93mustangSSP,B42,200,Welding,Recipe
93mustangSSPMakeFrontPushBumper,,93mustangSSP,B42,200,Welding,Recipe
93mustangSSPMakeMudflaps,,93mustangSSP,B42,200,Making,Recipe
MakeBlackPowderCartridges,,Cedar Hill,B42,200,Making,Recipe
85buickLeSabreMakeHood,,85buickLeSabre,B42,200,Welding,Recipe
85buickLeSabreMakeTrunkLid,,85buickLeSabre,B42,200,Welding,Recipe
85buickLeSabreMakeFrontSeat,,85buickLeSabre,B42,200,Making,Recipe
85buickLeSabreMakeRearSeat,,85buickLeSabre,B42,200,Making,Recipe
85buickLeSabreMakeFrontBumper,,85buickLeSabre,B42,200,Welding,Recipe
85buickLeSabreMakeReinforcedFrontBumper,,85buickLeSabre,B42,200,Making,Recipe
85buickLeSabreMakeRearBumper,,85buickLeSabre,B42,200,Welding,Recipe
92jeepYJMakeTire,,92jeepYJ,B42,200,Making,Recipe
92jeepYJMakeHood,,92jeepYJ,B42,200,Welding,Recipe
92jeepYJMakeFrontDoor,,92jeepYJ,B42,200,Welding,Recipe
92jeepYJMakeDoorFrame,,92jeepYJ,B42,200,Welding,Recipe
92jeepYJMakeWindshieldFrame,,92jeepYJ,B42,200,Welding,Recipe
92jeepYJMakeTrunkLid,,92jeepYJ,B42,200,Welding,Recipe
92jeepYJMakeFrontSeat,,92jeepYJ,B42,200,Making,Recipe
92jeepYJMakeRearSeat,,92jeepYJ,B42,200,Making,Recipe
92jeepYJMakeFrontWindshield,,92jeepYJ,B42,200,Making,Recipe
92jeepYJMakeFrontSideWindow,,92jeepYJ,B42,200,Making,Recipe
92jeepYJMakeRearSideWindow,,92jeepYJ,B42,200,Making,Recipe
92jeepYJMakeRearWindshield,,92jeepYJ,B42,200,Making,Recipe
92jeepYJMakeFrontWindshieldArmor,,92jeepYJ,B42,200,Welding,Recipe
92jeepYJMakeFrontWindowArmor,,92jeepYJ,B42,200,Welding,Recipe
92jeepYJMakeRearWindowArmor,,92jeepYJ,B42,200,Welding,Recipe
92jeepYJMakeRearWindshieldArmor,,92jeepYJ,B42,200,Welding,Recipe
92jeepYJMakeFrontBumper,,92jeepYJ,B42,200,Welding,Recipe
92jeepYJMakeFrontBumper2,,92jeepYJ,B42,200,Welding,Recipe
92jeepYJMakeFrontBullbar,,92jeepYJ,B42,200,Welding,Recipe
92jeepYJMakeRearBumper,,92jeepYJ,B42,200,Welding,Recipe
92jeepYJMakeRearBumper2,,92jeepYJ,B42,200,Welding,Recipe
92jeepYJMakeRoofrack,,92jeepYJ,B42,200,Welding,Recipe
92jeepYJMakeFamilyRollbar,,92jeepYJ,B42,200,Welding,Recipe
92jeepYJMakeSportRollbar,,92jeepYJ,B42,200,Welding,Recipe
92jeepYJMakeSoftTop,,92jeepYJ,B42,200,Making,Recipe
92jeepYJMakeHardTop,,92jeepYJ,B42,200,Welding,Recipe
92jeepYJMakeLightbar,,92jeepYJ,B42,200,Welding,Recipe
92jeepYJMakeWinch,,92jeepYJ,B42,150,Welding,Recipe
84buickElectraMakeHood,,84buickElectra,B42,200,Welding,Recipe
84buickElectraMakeTrunkLid,,84buickElectra,B42,200,Welding,Recipe
84buickElectraMakeFrontSeat,,84buickElectra,B42,200,Making,Recipe
84buickElectraMakeRearSeat,,84buickElectra,B42,200,Making,Recipe
84buickElectraMakeFrontBumper,,84buickElectra,B42,200,Welding,Recipe
84buickElectraMakeReinforcedFrontBumper,,84buickElectra,B42,200,Making,Recipe
84buickElectraMakeRearBumper,,84buickElectra,B42,200,Welding,Recipe
OpenJapaneseUmbrella,,RandomClothing,B42,20,Making,Recipe
CloseJapaneseUmbrella,,RandomClothing,B42,20,Making,Recipe
SewPowerFumo,,RandomClothing,B42,2000,SewingCloth,Recipe
SewSparkleFumo,,RandomClothing,B42,2000,SewingCloth,Recipe
SewMikuFumo,,RandomClothing,B42,2000,SewingCloth,Recipe
ConvertShirtLumberjackIntoVest,,SpongieOpenJackets,B42,60,SewingCloth,Recipe
ConvertShirtDenimIntoVest,,SpongieOpenJackets,B42,60,SewingCloth,Recipe
89volvo200MakeTire0,,89volvo200,B42,200,Making,Recipe
89volvo200MakeTire1,,89volvo200,B42,200,Making,Recipe
89volvo200MakeTire2,,89volvo200,B42,200,Making,Recipe
89volvo240MakeHood,,89volvo200,B42,200,Welding,Recipe
89volvo242MakeHood,,89volvo200,B42,200,Welding,Recipe
89volvo200MakeFrontDoor,,89volvo200,B42,200,Welding,Recipe
89volvo200MakeRearDoor,,89volvo200,B42,200,Welding,Recipe
89volvo240MakeTrunkLid,,89volvo200,B42,200,Welding,Recipe
89volvo245MakeTrunkLid,,89volvo200,B42,200,Welding,Recipe
89volvo200MakeFrontSeat,,89volvo200,B42,200,Making,Recipe
89volvo200MakeRearSeat,,89volvo200,B42,200,Making,Recipe
89volvo200MakeFrontWindshield,,89volvo200,B42,200,Making,Recipe
89volvo200MakeFrontSideWindow,,89volvo200,B42,200,Making,Recipe
89volvo240MakeRearSideWindow,,89volvo200,B42,200,Making,Recipe
89volvo242MakeRearSideWindow,,89volvo200,B42,200,Making,Recipe
89volvo245MakeBackSideWindow,,89volvo200,B42,200,Making,Recipe
89volvo244MakeBackSideWindow,,89volvo200,B42,200,Making,Recipe
89volvo240MakeRearWindshield,,89volvo200,B42,200,Making,Recipe
89volvo245MakeRearWindshield,,89volvo200,B42,200,Making,Recipe
89volvo200MakeFrontWindshieldArmor,,89volvo200,B42,200,Welding,Recipe
89volvo200MakeFrontWindowArmor,,89volvo200,B42,200,Welding,Recipe
89volvo200MakeRearWindowArmor,,89volvo200,B42,200,Welding,Recipe
89volvo245MakeBackWindowArmor,,89volvo200,B42,200,Welding,Recipe
89volvo244MakeBackWindowArmor,,89volvo200,B42,200,Welding,Recipe
89volvo200MakeRearWindshieldArmor,,89volvo200,B42,200,Welding,Recipe
89volvo200MakeFrontWindshieldWoodenArmor,,89volvo200,B42,200,Making,Recipe
89volvo200MakeFrontWindowWoodenArmor,,89volvo200,B42,200,Making,Recipe
89volvo200MakeRearWindowWoodenArmor,,89volvo200,B42,200,Making,Recipe
89volvo245MakeBackWindowWoodenArmor,,89volvo200,B42,200,Making,Recipe
89volvo244MakeBackWindowWoodenArmor,,89volvo200,B42,200,Making,Recipe
89volvo200MakeRearWindshieldWoodenArmor,,89volvo200,B42,200,Making,Recipe
89volvo200MakeFrontBullbar,,89volvo200,B42,200,Welding,Recipe
89volvo200MakeReinforcedFrontBumper,,89volvo200,B42,200,Making,Recipe
89volvo200MakeWoodReinforcedFrontBumper,,89volvo200,B42,200,Making,Recipe
89volvo200MakeWoodReinforcedFrontBumperWlights,,89volvo200,B42,200,Making,Recipe
89volvo240MakeRoofrack,,89volvo200,B42,200,Welding,Recipe
89volvo245MakeRoofrack,,89volvo200,B42,200,Welding,Recipe
89volvo200MakeMudflaps,,89volvo200,B42,200,Making,Recipe
AssembleLegendaryBackpack_Grey,,LegendaryBackpack,B42,1200,SewingCloth,Recipe
AssembleLegendaryBackpack_Pink,,LegendaryBackpack,B42,1200,SewingCloth,Recipe
AssembleLegendaryBackpack_Black,,LegendaryBackpack,B42,1200,SewingCloth,Recipe
AssembleLegendaryBackpack_Green,,LegendaryBackpack,B42,1200,SewingCloth,Recipe
AssembleLegendaryBackpack_Brown,,LegendaryBackpack,B42,1200,SewingCloth,Recipe
AssembleLegendaryBackpack_Orange,,LegendaryBackpack,B42,1200,SewingCloth,Recipe
AssembleLegendaryBackpack_Purple,,LegendaryBackpack,B42,1200,SewingCloth,Recipe
AssembleLegendaryBackpack_Blue,,LegendaryBackpack,B42,1200,SewingCloth,Recipe
AssembleLegendaryBackpack_Red,,LegendaryBackpack,B42,1200,SewingCloth,Recipe
AssembleLegendaryBackpack_White,,LegendaryBackpack,B42,1200,SewingCloth,Recipe
CraftWoodchipsBag,,STA_BetterHutches,B42,100,SharpenStakeWood,Recipe
CraftM9Sheath,,AliceMod,B42,200,SewingCloth,Recipe
Add2CanteenPouches,,AliceMod,B42,200,SewingCloth,Recipe
Add2AmmoPouches,,AliceMod,B42,200,SewingCloth,Recipe
AddCanteenAndHolster,,AliceMod,B42,200,SewingCloth,Recipe
AddCanteenAndEtoolPouches,,AliceMod,B42,200,SewingCloth,Recipe
Add2AmmoPouches2,,AliceMod,B42,200,SewingCloth,Recipe
Add2AmmoPouches3,,AliceMod,B42,200,SewingCloth,Recipe
Add2CanteenPouches2,,AliceMod,B42,200,SewingCloth,Recipe
AddCanteenAndEtoolPouches2,,AliceMod,B42,200,SewingCloth,Recipe
AddCanteenAndHolster2,,AliceMod,B42,200,SewingCloth,Recipe
TurnIntoBase,,AliceMod,B42,200,SewingCloth,Recipe
RepairTitaniumBat,,Tikitown,B42,400,Welding,Recipe
MakeWoodenBatDisplayMount,,Tikitown,B42,200,Making,Recipe
MakeGlassBatDisplayCover,,Tikitown,B42,250,Making,Recipe
MountSpecialBat,,Tikitown,B42,50,Making,Recipe
RemoveSpecialBat,,Tikitown,B42,50,Making,Recipe
FillPlushShelf,,Tikitown,B42,50,Making,Recipe
CraftPlushShelf,,Tikitown,B42,200,Making,Recipe
OpenPocketPalsCan,,Tikitown,B42,100,OpenTinCan,Recipe
Craft_Industrial_Filter,,TikitownPowerPlant,B42,200,Making,Recipe
Forge_Powerplant_Pump_Blade,,TikitownPowerPlant,B42,500,MakingHammer_Surface,Recipe
Forge_Powerplant_Check_Valve,,TikitownPowerPlant,B42,1000,MakingHammer_Surface,Recipe
Forge_Powerplant_Discharge_Nozzle,,TikitownPowerPlant,B42,1000,MakingHammer_Surface,Recipe
Forge_Powerplant_Suction_Nozzle,,TikitownPowerPlant,B42,1000,MakingHammer_Surface,Recipe
Forge_Powerplant_Impeller,,TikitownPowerPlant,B42,1000,MakingHammer_Surface,Recipe
Forge_Powerplant_Seals,,TikitownPowerPlant,B42,500,MakingHammer_Surface,Recipe
Assemble_Powerplant_Rotor,,TikitownPowerPlant,B42,1000,MakingHammer_Surface,Recipe
Assemble_Powerplant_Stator,,TikitownPowerPlant,B42,1000,MakingElectrical,Recipe
Slake_Lime,,TikitownPowerPlant,B42,200,MixingBowl,Recipe
Cook_Lard_Soap_Base,,TikitownPowerPlant,B42,200,Making,Recipe
Store_Industrial_Grease,,TikitownPowerPlant,B42,200,Making,Recipe
Mix_Corrosion_Inhibitor,,TikitownPowerPlant,B42,200,MixingBowl,Recipe
Mix_Coolant_Base,,TikitownPowerPlant,B42,200,MixingBowl,Recipe
Store_Antifreeze,,TikitownPowerPlant,B42,200,Making,Recipe
Cond_Store_Antifreeze,,TikitownPowerPlant,B42,200,Making,Recipe
Combine_Fats_Oil,,TikitownPowerPlant,B42,200,MixingBowl,Recipe
Clarify_Fats_Oil,,TikitownPowerPlant,B42,200,MixingBowl,Recipe
Store_Oil,,TikitownPowerPlant,B42,200,Making,Recipe
Craft_Turbine_Control_Sys,,TikitownPowerPlant,B42,400,Making,Recipe
Craft_Furnace_Control_Sys,,TikitownPowerPlant,B42,400,Making,Recipe
RepairTurbineRotor,,TikitownPowerPlant,B42,400,Welding,Recipe
RepairTurbineStator,,TikitownPowerPlant,B42,400,Making,Recipe
RepairTurbineControlSystem,,TikitownPowerPlant,B42,400,Making,Recipe
RepairFurnaceControlSystem,,TikitownPowerPlant,B42,400,Making,Recipe
RepairPumpImpeller,,TikitownPowerPlant,B42,400,Welding,Recipe
RepairPumpSeals,,TikitownPowerPlant,B42,400,Making,Recipe
RepairPumpSuction,,TikitownPowerPlant,B42,400,Welding,Recipe
RepairPumpDisch,,TikitownPowerPlant,B42,400,Welding,Recipe
RepairPumpCheckValve,,TikitownPowerPlant,B42,400,Welding,Recipe
CraftTurbineBlades,,TikitownPowerPlant,B42,750,MakingHammer_Surface,Recipe
EmptyIndustrialCan,,TikitownPowerPlant,B42,150,,Recipe
70dodgeMakeTire,,70dodge,B42,200,Making,Recipe
70dodgeRTMakeHood,,70dodge,B42,200,Welding,Recipe
70dodgePDMakeHood,,70dodge,B42,200,Welding,Recipe
70dodgeTAMakeHood,,70dodge,B42,200,Welding,Recipe
70dodgeMakeFrontDoor,,70dodge,B42,200,Welding,Recipe
70dodgeMakeTrunkLid,,70dodge,B42,200,Welding,Recipe
70dodgeMakeFrontSeat,,70dodge,B42,200,Making,Recipe
70dodgeMakeRearSeat,,70dodge,B42,200,Making,Recipe
70dodgeMakeFrontWindshield,,70dodge,B42,200,Making,Recipe
70dodgeMakeFrontSideWindow,,70dodge,B42,200,Making,Recipe
70dodgeMakeRearSideWindow,,70dodge,B42,200,Making,Recipe
70dodgeMakeRearWindshield,,70dodge,B42,200,Making,Recipe
70dodgeMakeFrontWindowArmor,,70dodge,B42,200,Welding,Recipe
70dodgeMakeFrontWindshieldArmor,,70dodge,B42,200,Welding,Recipe
70dodgeBMakeFrontWindshieldArmor,,70dodge,B42,200,Welding,Recipe
70dodgeMakeRearWindshieldArmor,,70dodge,B42,200,Welding,Recipe
70dodgeMakeFrontBumper,,70dodge,B42,200,Welding,Recipe
70dodgeMakeRearBumper,,70dodge,B42,200,Welding,Recipe
70dodgeMakeFrontBullbarA,,70dodge,B42,200,Welding,Recipe
70dodgeMakeFrontBullbarB,,70dodge,B42,200,Welding,Recipe
70dodgeMakeFrontBullbarC,,70dodge,B42,200,Welding,Recipe
70dodgeMakeRearBullbarA,,70dodge,B42,200,Welding,Recipe
70dodgeMakeRearBullbarB,,70dodge,B42,200,Welding,Recipe
70dodgeMakeRearBullbarC,,70dodge,B42,200,Welding,Recipe
70dodgeMakeRoofrack,,70dodge,B42,200,Welding,Recipe
88toyotaHiluxMakeTire,,88toyotaHilux,B42,200,Making,Recipe
88toyotaHiluxMakeHood,,88toyotaHilux,B42,200,Welding,Recipe
88toyotaHiluxMakeFrontDoor,,88toyotaHilux,B42,200,Welding,Recipe
88toyotaHiluxMakeTrunkLid,,88toyotaHilux,B42,200,Welding,Recipe
88toyotaHiluxMakeFrontSeat,,88toyotaHilux,B42,200,Making,Recipe
88toyotaHiluxMakeRearSeat,,88toyotaHilux,B42,200,Making,Recipe
88toyotaHiluxMakeFrontWindshield,,88toyotaHilux,B42,200,Making,Recipe
88toyotaHiluxMakeFrontSideWindow,,88toyotaHilux,B42,200,Making,Recipe
88toyotaHiluxMakeBackSideWindow,,88toyotaHilux,B42,200,Making,Recipe
88toyotaHiluxMakeRearWindshield,,88toyotaHilux,B42,200,Making,Recipe
88toyotaHiluxMakeFrontWindshieldArmor,,88toyotaHilux,B42,200,Welding,Recipe
88toyotaHiluxMakeFrontWindowArmor,,88toyotaHilux,B42,200,Welding,Recipe
88toyotaHiluxMakeBackWindowArmor,,88toyotaHilux,B42,200,Welding,Recipe
88toyotaHiluxMakeRearWindshieldArmor,,88toyotaHilux,B42,200,Welding,Recipe
88toyotaHiluxMakeFrontBumper,,88toyotaHilux,B42,200,Welding,Recipe
88toyotaHiluxMakeRearBumper,,88toyotaHilux,B42,200,Welding,Recipe
88toyotaHiluxMakeFrontBullbar,,88toyotaHilux,B42,200,Welding,Recipe
88toyotaHiluxMakeRearBullbar,,88toyotaHilux,B42,200,Welding,Recipe
88toyotaHiluxMakeRollbar,,88toyotaHilux,B42,200,Welding,Recipe
88toyotaHiluxMakeMudflaps,,88toyotaHilux,B42,200,Making,Recipe
88toyotaHiluxMakeSidesteps,,88toyotaHilux,B42,200,Welding,Recipe
88toyotaHiluxMakeBedCap,,88toyotaHilux,B42,200,Welding,Recipe
88toyotaHiluxMakeRoofrack,,88toyotaHilux,B42,200,Welding,Recipe
69chargerMakeTire,,69charger,B42,200,Making,Recipe
69chargerMakeTire2,,69charger,B42,200,Making,Recipe
69chargerMakeTire3,,69charger,B42,200,Making,Recipe
69chargerMakeHood,,69charger,B42,200,Welding,Recipe
69chargerMakeHood2,,69charger,B42,200,Welding,Recipe
69chargerMakeFrontDoor,,69charger,B42,200,Welding,Recipe
69chargerMakeTrunkLid,,69charger,B42,200,Welding,Recipe
69chargerDaytonaMakeTrunkLid,,69charger,B42,200,Welding,Recipe
69chargerMakeFrontSeat,,69charger,B42,200,Making,Recipe
69chargerMakeRearSeat,,69charger,B42,200,Making,Recipe
69chargerMakeFrontSeat2,,69charger,B42,200,Making,Recipe
69chargerMakeFrontWindshield,,69charger,B42,200,Making,Recipe
69chargerMakeFrontSideWindow,,69charger,B42,200,Making,Recipe
69chargerMakeRearSideWindow,,69charger,B42,200,Making,Recipe
69chargerMakeRearWindshield,,69charger,B42,200,Making,Recipe
69chargerMakeFrontWindowArmor,,69charger,B42,200,Welding,Recipe
69chargerMakeRearWindowArmor,,69charger,B42,200,Welding,Recipe
69chargerMakeFrontWindshieldArmor,,69charger,B42,200,Welding,Recipe
69chargerMakeRearWindshieldArmor,,69charger,B42,200,Welding,Recipe
69chargerMakeFrontBumper,,69charger,B42,200,Welding,Recipe
69chargerMakeFrontBullbar,,69charger,B42,200,Welding,Recipe
69chargerMakeReinforcedFrontBumper,,69charger,B42,200,Making,Recipe
69chargerDaytonaMakeReinforcedFrontBumper,,69charger,B42,200,Making,Recipe
69chargerMakeRearBumper,,69charger,B42,200,Welding,Recipe
69chargerMakeFrontBullbar2,,69charger,B42,200,Welding,Recipe
69chargerMakeRearBullbar2,,69charger,B42,200,Welding,Recipe
69chargerMakeSmallVintageRoofrack,,69charger,B42,200,Welding,Recipe
MakeLegendaryNaginataWood,,LegendaryNaginata,B42,2000,Making,Recipe
MakeLegendaryNaginataGrey,,LegendaryNaginata,B42,2000,Making,Recipe
MakeLegendaryNaginataGreen,,LegendaryNaginata,B42,2000,Making,Recipe
MakeLegendaryNaginataBrown,,LegendaryNaginata,B42,2000,Making,Recipe
MakeLegendaryNaginataBlack,,LegendaryNaginata,B42,2000,Making,Recipe
MakeLegendaryNaginataPink,,LegendaryNaginata,B42,2000,Making,Recipe
MakeLegendaryNaginataOrange,,LegendaryNaginata,B42,2000,Making,Recipe
MakeLegendaryNaginataPurple,,LegendaryNaginata,B42,2000,Making,Recipe
MakeLegendaryNaginataBlue,,LegendaryNaginata,B42,2000,Making,Recipe
MakeLegendaryNaginataRed,,LegendaryNaginata,B42,2000,Making,Recipe
MakeLegendaryNaginataWhite,,LegendaryNaginata,B42,2000,Making,Recipe
90pierceArrowMakeTire,,90pierceArrow,B42,200,Making,Recipe
90pierceArrowMakeDoubleTires,,90pierceArrow,B42,250,Making,Recipe
90pierceArrowDismantleDoubleTires,,90pierceArrow,B42,250,Making,Recipe
90pierceArrowMakeHood,,90pierceArrow,B42,200,Welding,Recipe
90pierceArrowMakeFrontDoor,,90pierceArrow,B42,200,Welding,Recipe
90pierceArrowMakeRearDoor,,90pierceArrow,B42,200,Welding,Recipe
90pierceArrowMakeTrunkLid,,90pierceArrow,B42,200,Welding,Recipe
90pierceArrowMakeTrunkLidsLeft,,90pierceArrow,B42,200,Welding,Recipe
90pierceArrowMakeTrunkLidsRight,,90pierceArrow,B42,200,Welding,Recipe
90pierceArrowMakeFrontSeat,,90pierceArrow,B42,200,Making,Recipe
90pierceArrowMakeFrontWindshield,,90pierceArrow,B42,200,Making,Recipe
90pierceArrowMakeSideWindow,,90pierceArrow,B42,200,Making,Recipe
90pierceArrowMakeRearWindshield,,90pierceArrow,B42,200,Making,Recipe
90pierceArrowMakeFrontWindshieldArmor,,90pierceArrow,B42,200,Welding,Recipe
90pierceArrowMakeSideWindowArmor,,90pierceArrow,B42,200,Welding,Recipe
90pierceArrowMakeRearWindshieldArmor,,90pierceArrow,B42,200,Welding,Recipe
90pierceArrowMakeFrontBumper,,90pierceArrow,B42,200,Welding,Recipe
90pierceArrowMakeReinforcedFrontBumper,,90pierceArrow,B42,200,Welding,Recipe
90pierceArrowMakeMudflaps,,90pierceArrow,B42,200,Making,Recipe
Craft_TurretPart,,AutoTurret,B42,140,CrushLimestone,Recipe
Craft_AmmoCan,,AutoTurret,B42,140,CrushLimestone,Recipe
Craft_Silencer,,AutoTurret,B42,140,CrushLimestone,Recipe
Craft_Senser,,AutoTurret,B42,140,CrushLimestone,Recipe
Craft_SignalSystem,,AutoTurret,B42,140,CrushLimestone,Recipe
Craft_TurretLight,,AutoTurret,B42,140,CrushLimestone,Recipe
CraftSolarLamp,,SolarFloodlight,B42,240,MakingElectrical,Recipe
84oldsmobile98MakeHood,,84oldsmobile98,B42,200,Welding,Recipe
84oldsmobile98MakeTrunkLid,,84oldsmobile98,B42,200,Welding,Recipe
84oldsmobile98MakeFrontSeat,,84oldsmobile98,B42,200,Making,Recipe
84oldsmobile98MakeRearSeat,,84oldsmobile98,B42,200,Making,Recipe
84oldsmobile98MakeFrontBumper,,84oldsmobile98,B42,200,Welding,Recipe
84oldsmobile98MakeReinforcedFrontBumper,,84oldsmobile98,B42,200,Making,Recipe
84oldsmobile98MakeRearBumper,,84oldsmobile98,B42,200,Welding,Recipe
MakeYidefuren02,,Sector-7 Breach,B42,100,MakingHammer_Surface,Recipe
86oshkoshP19AMakeHood,,86oshkoshP19A,B42,200,Welding,Recipe
86oshkoshP19AMakeFrontDoor,,86oshkoshP19A,B42,200,Welding,Recipe
86oshkoshP19AMakeRoofHatch,,86oshkoshP19A,B42,200,Welding,Recipe
86oshkoshP19AMakeTrunkLid,,86oshkoshP19A,B42,200,Welding,Recipe
86oshkoshP19AMakeFrontWindshield,,86oshkoshP19A,B42,200,Making,Recipe
86oshkoshP19AMakeFrontSideWindow,,86oshkoshP19A,B42,200,Making,Recipe
86oshkoshP19AMakeFrontWindshieldArmor,,86oshkoshP19A,B42,200,Welding,Recipe
86oshkoshP19AMakeFrontWindowArmor,,86oshkoshP19A,B42,200,Welding,Recipe
86oshkoshP19AMakeRoofrack,,86oshkoshP19A,B42,220,Welding,Recipe
86oshkoshP19AMakeSideTireMount,,86oshkoshP19A,B42,220,Welding,Recipe
86oshkoshP19AMakeRoofTireMount,,86oshkoshP19A,B42,220,Welding,Recipe
86oshkoshP19AMakeRearLeftFender,,86oshkoshP19A,B42,200,Welding,Recipe
86oshkoshP19AMakeRearLeftMakeshiftFender,,86oshkoshP19A,B42,200,Welding,Recipe
86oshkoshP19AMakeRearRightFender,,86oshkoshP19A,B42,200,Welding,Recipe
86oshkoshP19AMakeRearRightMakeshiftFender,,86oshkoshP19A,B42,200,Welding,Recipe
M1082MakeTrunkLid,,86oshkoshP19A,B42,200,Welding,Recipe
M1082MakeMudflaps,,86oshkoshP19A,B42,200,Making,Recipe
M1082MakeBedTarp,,86oshkoshP19A,B42,200,Making,Recipe
ConvertFlashlightToLamp,,Bicycle,B42,20,Making,Recipe
ConvertLampToFlashlight,,Bicycle,B42,20,Making,Recipe
MakeWoodenBicycleCrate,,Bicycle,B42,120,Making,Recipe
ConvertFrontWheel,,Bicycle,B42,2,Making,Recipe
ConvertRearWheel,,Bicycle,B42,2,Making,Recipe
RepairFlatStreetWheelFront,,Bicycle,B42,5,Making,Recipe
RepairFlatStreetWheelRear,,Bicycle,B42,5,Making,Recipe
RepairFlatOffroadWheelFront,,Bicycle,B42,5,Making,Recipe
RepairFlatOffroadWheelRear,,Bicycle,B42,5,Making,Recipe
readcfbook,,菲特家具城,B41,50.0,,Recipe
拆解简易木钳,,bin2_extension,B41,5.0,,Recipe
89trooperMakeTire,,89trooper,B42,200,Making,Recipe
89trooperMakeHood,,89trooper,B42,200,Welding,Recipe
89trooperMakeFrontDoor,,89trooper,B42,200,Welding,Recipe
89trooperMakeRearDoor,,89trooper,B42,200,Welding,Recipe
89trooperMakeTrunkLid,,89trooper,B42,200,Welding,Recipe
89trooperMakeFrontSeat,,89trooper,B42,200,Making,Recipe
89trooperMakeRearSeat,,89trooper,B42,200,Making,Recipe
89trooperMakeFrontWindshield,,89trooper,B42,200,Making,Recipe
89trooperMakeSideWindow,,89trooper,B42,200,Making,Recipe
89trooperMakeRearWindshield,,89trooper,B42,200,Making,Recipe
89trooperMakeFrontWindshieldArmor,,89trooper,B42,200,Welding,Recipe
89trooperMakeFrontWindowArmor,,89trooper,B42,200,Welding,Recipe
89trooperMakeRearWindowArmor,,89trooper,B42,200,Welding,Recipe
89trooperMakeBackWindowArmor,,89trooper,B42,200,Welding,Recipe
89trooperMakeRearWindshieldArmor,,89trooper,B42,200,Welding,Recipe
89trooperMakeFrontBullbar,,89trooper,B42,200,Welding,Recipe
89trooperMakeReinforcedFrontBumper,,89trooper,B42,200,Making,Recipe
89trooperMakeRoofrack,,89trooper,B42,200,Welding,Recipe
89trooperMakeMudflaps,,89trooper,B42,200,Making,Recipe
89trooperMakeSidesteps,,89trooper,B42,200,Welding,Recipe
80sPickupMakeTire,,82jeepJ10,B42,200,Making,Recipe
82jeepJ10MakeHood,,82jeepJ10,B42,200,Welding,Recipe
82jeepJ10MakeFrontDoor,,82jeepJ10,B42,200,Welding,Recipe
82jeepJ10MakeTrunkLid,,82jeepJ10,B42,200,Welding,Recipe
82jeepJ10MakeTopTrunkLid,,82jeepJ10,B42,200,Welding,Recipe
82jeepJ10MakeFrontWindshield,,82jeepJ10,B42,200,Making,Recipe
82jeepJ10MakeFrontSideWindow,,82jeepJ10,B42,200,Making,Recipe
82jeepJ10MakeRearWindshield,,82jeepJ10,B42,200,Making,Recipe
82jeepJ10MakeFrontBumper,,82jeepJ10,B42,200,Welding,Recipe
82jeepJ10MakeRearBumper,,82jeepJ10,B42,200,Welding,Recipe
82jeepJ10MakeReinforcedFrontBumper,,82jeepJ10,B42,200,Welding,Recipe
82jeepJ10MakeBedCap,,82jeepJ10,B42,200,Welding,Recipe
CleanBandageWithAlcohol,,CommonSense,B42,40,ScrubClothWithSoap,Recipe
CutSheetWithClothes,,CommonSense,B42,60,SewingCloth,Recipe
87toyotaMR2MakeTire,,87toyotaMR2,B42,200,Making,Recipe
87toyotaMR2MakeTire2,,87toyotaMR2,B42,200,Making,Recipe
87toyotaMR2MakeHood,,87toyotaMR2,B42,200,Welding,Recipe
87toyotaMR2MakeFrontDoor,,87toyotaMR2,B42,200,Welding,Recipe
87toyotaMR2MakeFrontTrunkLid,,87toyotaMR2,B42,200,Welding,Recipe
87toyotaMR2MakeRearTrunkLid,,87toyotaMR2,B42,200,Welding,Recipe
87toyotaMR2MakeFrontSeat,,87toyotaMR2,B42,200,Making,Recipe
87toyotaMR2MakeFrontWindshield,,87toyotaMR2,B42,200,Making,Recipe
87toyotaMR2MakeFrontSideWindow,,87toyotaMR2,B42,200,Making,Recipe
87toyotaMR2MakeRearSideWindow,,87toyotaMR2,B42,200,Making,Recipe
87toyotaMR2MakeRearWindshield,,87toyotaMR2,B42,200,Making,Recipe
87toyotaMR2MakeSunRoof,,87toyotaMR2,B42,200,Making,Recipe
87toyotaMR2MakeFrontWindshieldArmor,,87toyotaMR2,B42,200,Welding,Recipe
87toyotaMR2MakeFrontWindowArmor,,87toyotaMR2,B42,200,Welding,Recipe
87toyotaMR2MakeRearWindshieldArmor,,87toyotaMR2,B42,200,Welding,Recipe
87toyotaMR2MakeRoofrack,,87toyotaMR2,B42,200,Welding,Recipe
87toyotaMR2MakeFrontBullbar,,87toyotaMR2,B42,200,Welding,Recipe
87toyotaMR2MakeReinforcedBumper,,87toyotaMR2,B42,150,Making,Recipe
xxpontiacMakeTire1,,68firebird,B42,200,Making,Recipe
xxpontiacMakeTire3,,68firebird,B42,200,Making,Recipe
68firebirdMakeHood1,,68firebird,B42,200,Welding,Recipe
68firebirdMakeHood2,,68firebird,B42,200,Welding,Recipe
68firebirdMakeHood3,,68firebird,B42,200,Welding,Recipe
68firebirdMakeFrontDoor,,68firebird,B42,200,Welding,Recipe
68firebirdMakeTrunkLid,,68firebird,B42,200,Welding,Recipe
68firebirdMakeFrontSeat,,68firebird,B42,200,Making,Recipe
68firebirdMakeRearSeat,,68firebird,B42,200,Making,Recipe
68firebirdMakeFrontWindshield,,68firebird,B42,200,Making,Recipe
68firebirdMakeFrontSideWindow,,68firebird,B42,200,Making,Recipe
68firebirdMakeRearSideWindow,,68firebird,B42,200,Making,Recipe
68firebirdMakeRearWindshield,,68firebird,B42,200,Making,Recipe
68firebirdMakeFrontWindowArmor,,68firebird,B42,200,Welding,Recipe
68firebirdMakeFrontWindshieldArmor,,68firebird,B42,200,Welding,Recipe
68firebirdMakeRearWindshieldArmor,,68firebird,B42,200,Welding,Recipe
68firebirdMakeFrontBumper,,68firebird,B42,200,Welding,Recipe
68firebirdMakeRearBumper,,68firebird,B42,200,Welding,Recipe
68firebirdMakeReinforcedFrontBumper,,68firebird,B42,200,Welding,Recipe
68firebirdMakeReinforcedRearBumper,,68firebird,B42,200,Welding,Recipe
68firebirdMakeSmallVintageRoofrack,,68firebird,B42,200,Welding,Recipe
68firebirdMakeFoamSeal1,,68firebird,B42,200,Making,Recipe
68firebirdMakeFoamSeal3,,68firebird,B42,200,Making,Recipe
84mercW460MakeTire,,84mercW460,B42,200,Making,Recipe
84mercW460MakeWideTire,,84mercW460,B42,200,Making,Recipe
84mercW460MakeModernTire,,84mercW460,B42,200,Making,Recipe
84mercW460MakeMilitaryTire,,84mercW460,B42,200,Making,Recipe
84mercW460MakeHood,,84mercW460,B42,200,Welding,Recipe
84mercW460MakeFrontDoor,,84mercW460,B42,200,Welding,Recipe
84mercW460MakeRearDoor,,84mercW460,B42,200,Welding,Recipe
84mercW460MakeTrunkLid,,84mercW460,B42,200,Welding,Recipe
84mercW460MakeSplitTrunkLid,,84mercW460,B42,200,Welding,Recipe
84mercW460MakeFrontSeat,,84mercW460,B42,200,Making,Recipe
84mercW460MakeRearSeat,,84mercW460,B42,200,Making,Recipe
84mercW460MakeFrontWindshield,,84mercW460,B42,200,Making,Recipe
84mercW460MakeSideWindow,,84mercW460,B42,200,Making,Recipe
84mercW460MakeRearWindshield,,84mercW460,B42,200,Making,Recipe
84mercW460MakeFrontWindshieldArmor,,84mercW460,B42,200,Welding,Recipe
84mercW460MakeFrontWindowArmor,,84mercW460,B42,200,Welding,Recipe
84mercW460MakeRearWindowArmor,,84mercW460,B42,200,Welding,Recipe
84mercW460MakeBackWindowArmor,,84mercW460,B42,200,Welding,Recipe
84mercW460MakeRearWindshieldArmor,,84mercW460,B42,200,Welding,Recipe
84mercW460MakeRearSplitWindshieldArmor,,84mercW460,B42,200,Welding,Recipe
84mercW460MakeLightGuards,,84mercW460,B42,200,Welding,Recipe
84mercW460MakeFrontBullbar,,84mercW460,B42,200,Welding,Recipe
84mercW460MakeFrontReinforcedBumper,,84mercW460,B42,200,Welding,Recipe
84mercW460MakeFrontMilitaryBullbar,,84mercW460,B42,200,Welding,Recipe
84mercW460MakeMudflaps,,84mercW460,B42,200,Making,Recipe
84mercW460MakeRoofrack,,84mercW460,B42,200,Welding,Recipe
84mercW460MakeMilitaryRoofrack,,84mercW460,B42,200,Welding,Recipe
GatherGunpowder,,Escape from Kentucky4215,B42,30,Making,Recipe
OpenBoxOfBullets50,,Escape from Kentucky4215,B42,0,OpenAmmoBox,Recipe
OpenBoxOfBullets20,,Escape from Kentucky4215,B42,0,OpenAmmoBox,Recipe
OpenBoxOfShotgunShells,,Escape from Kentucky4215,B42,0,OpenShellsBox,Recipe
place_ammo_in_box,,Escape from Kentucky4215,B42,0,PlaceAmmoInBox,Recipe
69camaroMakeTire,,69camaro,B42,200,Making,Recipe
69camaroRSMakeHood,,69camaro,B42,200,Welding,Recipe
69camaroSSMakeHood,,69camaro,B42,200,Welding,Recipe
69camaroMakeFrontDoor,,69camaro,B42,200,Welding,Recipe
69camaroMakeTrunkLid,,69camaro,B42,200,Welding,Recipe
69camaroMakeFrontSeat,,69camaro,B42,200,Making,Recipe
69camaroMakeRearSeat,,69camaro,B42,200,Making,Recipe
69camaroMakeFrontWindshield,,69camaro,B42,200,Making,Recipe
69camaroMakeFrontSideWindow,,69camaro,B42,200,Making,Recipe
69camaroMakeRearSideWindow,,69camaro,B42,200,Making,Recipe
69camaroMakeRearWindshield,,69camaro,B42,200,Making,Recipe
69camaroMakeFrontWindowArmor,,69camaro,B42,200,Welding,Recipe
69camaroMakeFrontWindshieldArmor,,69camaro,B42,200,Welding,Recipe
69camaroMakeRearWindshieldArmor,,69camaro,B42,200,Welding,Recipe
69camaroMakeFrontBumper1,,69camaro,B42,200,Welding,Recipe
69camaroMakeFrontBumper2,,69camaro,B42,200,Welding,Recipe
69camaroMakeRearBumper,,69camaro,B42,200,Welding,Recipe
69camaroMakeFrontBullbar,,69camaro,B42,200,Welding,Recipe
69camaroMakeReinforcedFrontBumper,,69camaro,B42,200,Making,Recipe
69camaroMakeRearBullbar,,69camaro,B42,200,Welding,Recipe
69camaroMakeReinforcedRearBumper,,69camaro,B42,200,Making,Recipe
69camaroMakeRoofrack,,69camaro,B42,200,Welding,Recipe
SawIronBar,,XantjiRecycleEverything,B42,230,SawSmallItemMetal,Recipe
SawIronBarHalf,,XantjiRecycleEverything,B42,230,SawSmallItemMetal,Recipe
SawHeavyChain,,XantjiRecycleEverything,B42,500,SawSmallItemMetal,Recipe
CarveStake,,XantjiRecycleEverything,B42,100,SharpenStakeWood,Recipe
MakeBoxOfWoodJunkSmallBase,,XantjiRecycleEverything,B42,1,Making,Recipe
MakeBoxOfWoodJunkMediumBase,,XantjiRecycleEverything,B42,1,Making,Recipe
MakeBoxOfWoodJunkMediumAlt,,XantjiRecycleEverything,B42,1,Making,Recipe
MakeBoxOfWoodJunkMediumPlusBase,,XantjiRecycleEverything,B42,1,Making,Recipe
MakeBoxOfWoodJunkMediumPlusBase2,,XantjiRecycleEverything,B42,1,Making,Recipe
MakeBoxOfWoodJunkMediumPlusAlt,,XantjiRecycleEverything,B42,1,Making,Recipe
MakeBoxOfWoodJunkMediumLargeBase,,XantjiRecycleEverything,B42,1,Making,Recipe
MakeBoxOfWoodJunkMediumLargeBase2,,XantjiRecycleEverything,B42,1,Making,Recipe
MakeBoxOfWoodJunkMediumLargeAlt,,XantjiRecycleEverything,B42,1,Making,Recipe
MakeBoxOfIronJunkSmallBase,,XantjiRecycleEverything,B42,1,Making,Recipe
MakeBoxOfIronJunkMediumBase,,XantjiRecycleEverything,B42,1,Making,Recipe
MakeBoxOfIronJunkMediumAlt,,XantjiRecycleEverything,B42,1,Making,Recipe
MakeBoxOfIronJunkMediumPlusBase,,XantjiRecycleEverything,B42,1,Making,Recipe
MakeBoxOfIronJunkMediumPlusBase2,,XantjiRecycleEverything,B42,1,Making,Recipe
MakeBoxOfIronJunkMediumPlusAlt,,XantjiRecycleEverything,B42,1,Making,Recipe
MakeBoxOfIronJunkMediumLargeBase,,XantjiRecycleEverything,B42,1,Making,Recipe
MakeBoxOfIronJunkMediumLargeBase2,,XantjiRecycleEverything,B42,1,Making,Recipe
MakeBoxOfIronJunkMediumLargeAlt,,XantjiRecycleEverything,B42,1,Making,Recipe
MakeWireFromMetalPlate,,XantjiRecycleEverything,B42,500,CutWire,Recipe
MakeSpring,,XantjiRecycleEverything,B42,200,CutWire,Recipe
MakeWeldingRods,,XantjiRecycleEverything,B42,200,CutWire,Recipe
CutWallet,,XantjiRecycleEverything,B42,120,Making,Recipe
ScrapWatches,,XantjiRecycleEverything,B42,150,Making,Recipe
ScrapLock,,XantjiRecycleEverything,B42,240,SawSmallItemMetal,Recipe
ScrapBuckle,,XantjiRecycleEverything,B42,240,SawSmallItemMetal,Recipe
ScrapEmptyCan,,XantjiRecycleEverything,B42,60,Making,Recipe
ScrapEmptyTinCan,,XantjiRecycleEverything,B42,60,Making,Recipe
ScrapCan,,XantjiRecycleEverything,B42,60,Making,Recipe
SmashAnimalBone,,XantjiRecycleEverything,B42,300,MakingHammer_Surface,Recipe
SmashLargeAnimalBone,,XantjiRecycleEverything,B42,300,MakingHammer_Surface,Recipe
SmashJawbone,,XantjiRecycleEverything,B42,300,MakingHammer_Surface,Recipe
ForgeMufflerIntoScrap,,XantjiRecycleEverything,B42,250,MakingHammer_Surface,Recipe
ForgeTrunkDoorIntoScrap,,XantjiRecycleEverything,B42,250,MakingHammer_Surface,Recipe
MakeStonesFromLargeStone,,XantjiRecycleEverything,B42,1000,MakingHammer_Surface,Recipe
MakeStonesAndGravelFromLargeStone,,XantjiRecycleEverything,B42,1000,MakingHammer_Surface,Recipe
MakeStonesFromFlatStone,,XantjiRecycleEverything,B42,300,MakingHammer_Surface,Recipe
MakeStonesAndGravelFromFlatStone,,XantjiRecycleEverything,B42,300,MakingHammer_Surface,Recipe
MakeFlatStonesFromLargeStone,,XantjiRecycleEverything,B42,500,MakingHammer_Surface,Recipe
MakeFlatStonesAndGravelFromLargeStone,,XantjiRecycleEverything,B42,500,MakingHammer_Surface,Recipe
SmeltSmallerIronItem,,XantjiRecycleEverything,B42,200,,Recipe
SewSmallLeatherTogether,,XantjiRecycleEverything,B42,300,Making,Recipe
SewMediumLeatherTogether,,XantjiRecycleEverything,B42,300,Making,Recipe
MakeWoodCharcoalTiny,,XantjiRecycleEverything,B42,20,Making_With_Kiln,Recipe
MakeWoodAsh,,XantjiRecycleEverything,B42,20,Making_With_Kiln,Recipe
HardenSpring,,XantjiRecycleEverything,B42,250,Making_With_Kiln,Recipe
SawPlank,,XantjiRecycleEverything,B42,300,SawLogs,Recipe
RipShoes,,XantjiRecycleEverything,B42,40,Making,Recipe
RipBoots,,XantjiRecycleEverything,B42,80,Making,Recipe
MakeGunpowder,,XantjiRecycleEverything,B42,500,Making,Recipe
MakeRubberProjectiles,,XantjiRecycleEverything,B42,20,Making,Recipe
MakeMetalProjectilesFromBar,,XantjiRecycleEverything,B42,500,SawSmallItemMetal,Recipe
MakeMetalProjectilesFromBarHalf,,XantjiRecycleEverything,B42,250,SawSmallItemMetal,Recipe
MakeMetalProjectilesFromBarQuarter,,XantjiRecycleEverything,B42,125,SawSmallItemMetal,Recipe
MakeBlunderbussShells,,XantjiRecycleEverything,B42,200,Making,Recipe
OpenBoxOfProjectiles50,,XantjiRecycleEverything,B42,5,OpenShellsBox,Recipe
PlaceProjectiles50,,XantjiRecycleEverything,B42,5,PlaceAmmoInBox,Recipe
OpenBoxOfShells25,,XantjiRecycleEverything,B42,5,OpenShellsBox,Recipe
PlaceShells25,,XantjiRecycleEverything,B42,5,PlaceAmmoInBox,Recipe
MakeImprovisedGlovesSurgical,,XantjiRecycleEverything,B42,200,Making,Recipe
ConvertVarmintRifle,,XantjiRecycleEverything,B42,500,Welding,Recipe
ChangeVarmintRifleAmmoType,,XantjiRecycleEverything,B42,1,Making,Recipe
AssembleScrappyBlunderbuss,,XantjiRecycleEverything,B42,500,Welding,Recipe
MakeGolfclub,,XantjiRecycleEverything,B42,300,Welding,Recipe
CastSheetMetal,,XantjiRecycleEverything,B42,200,,Recipe
MakeFliesCureFromCigar,,XantjiRecycleEverything,B42,40,Making,Recipe
85oldsmobileDelta88MakeHood,,85oldsmobileDelta88,B42,200,Welding,Recipe
85oldsmobileDelta88MakeTrunkLid,,85oldsmobileDelta88,B42,200,Welding,Recipe
85oldsmobileDelta88MakeFrontSeat,,85oldsmobileDelta88,B42,200,Making,Recipe
85oldsmobileDelta88MakeRearSeat,,85oldsmobileDelta88,B42,200,Making,Recipe
85oldsmobileDelta88MakeFrontBumper,,85oldsmobileDelta88,B42,200,Welding,Recipe
85oldsmobileDelta88MakeReinforcedFrontBumper,,85oldsmobileDelta88,B42,200,Making,Recipe
85oldsmobileDelta88MakeRearBumper,,85oldsmobileDelta88,B42,200,Welding,Recipe
OpenRandombox_Normal,,RPGSkillTree,B42,50,Making,Recipe
OpenRandombox_Rare,,RPGSkillTree,B42,50,Making,Recipe
OpenRandombox_Legendary,,RPGSkillTree,B42,50,Making,Recipe
ExchangeOpenedBox,,RPGSkillTree,B42,50,Making,Recipe
49powerWagonMakeTire,,49powerWagon,B42,200,Making,Recipe
49powerWagonPAMakeTire,,49powerWagon,B42,200,Making,Recipe
49powerWagonMakeHood,,49powerWagon,B42,200,Welding,Recipe
49powerWagonMakeFrontDoor,,49powerWagon,B42,200,Welding,Recipe
49powerWagonMakeRearDoor,,49powerWagon,B42,200,Welding,Recipe
49powerWagonMakeTrunkLid,,49powerWagon,B42,200,Welding,Recipe
49powerWagonMakeFrontSeat,,49powerWagon,B42,200,Making,Recipe
49powerWagonMakeTruckBedSeat,,49powerWagon,B42,200,Making,Recipe
49powerWagonMakeFrontWindshield,,49powerWagon,B42,200,Making,Recipe
49powerWagonMakeFrontSideWindow,,49powerWagon,B42,200,Making,Recipe
49powerWagonMakeRearWindshield,,49powerWagon,B42,200,Making,Recipe
49powerWagonMakeFrontWindshieldArmor,,49powerWagon,B42,200,Welding,Recipe
49powerWagonMakeFrontWindowArmor,,49powerWagon,B42,200,Welding,Recipe
49powerWagonMakeRearWindowArmor,,49powerWagon,B42,200,Welding,Recipe
49powerWagonMakeRearWindshieldArmor,,49powerWagon,B42,200,Welding,Recipe
49powerWagonMakeFrontBumper,,49powerWagon,B42,200,Welding,Recipe
49powerWagonMakeFrontBullbar,,49powerWagon,B42,250,Welding,Recipe
49powerWagonMakeReinforcedFrontBumper,,49powerWagon,B42,250,Welding,Recipe
49powerWagonMakeFrontFender,,49powerWagon,B42,250,Welding,Recipe
49powerWagonMakeRearFender,,49powerWagon,B42,250,Welding,Recipe
49powerWagonMakeMakeshiftFrontFender,,49powerWagon,B42,200,Welding,Recipe
49powerWagonMakeMakeshiftRearFender,,49powerWagon,B42,200,Welding,Recipe
49powerWagonMakeSideskirts,,49powerWagon,B42,200,Welding,Recipe
49powerWagonMakeMakeshiftSideskirts,,49powerWagon,B42,200,Welding,Recipe
LabTableMorgue1,,VaccinDrReapersMP,B41,900.0,,Recipe
LabTableMorgue2,,VaccinDrReapersMP,B41,900.0,,Recipe
DecAssembleSkeleton,,VaccinDrReapersMP,B41,400.0,,Recipe
DecAssembleVirusModel,,VaccinDrReapersMP,B41,280.0,,Recipe
DecAssembleCaduceus,,VaccinDrReapersMP,B41,620.0,,Recipe
DecPaintSexyNursePoster,,VaccinDrReapersMP,B41,320.0,,Recipe
DecAssemblePharmacyNeonSign,,VaccinDrReapersMP,B41,360.0,,Recipe
DecAssemblePizzaNeonSign,,VaccinDrReapersMP,B41,360.0,,Recipe
FrnMakeSyringe,,VaccinDrReapersMP,B41,45.0,,Recipe
FrnMakeIngotMold,,VaccinDrReapersMP,B41,310.0,,Recipe
FrnMakeGolgIngot,,VaccinDrReapersMP,B41,200.0,,Recipe
FrnMakeSilverIngot,,VaccinDrReapersMP,B41,200.0,,Recipe
ChmMakeSyringe,,VaccinDrReapersMP,B41,45.0,,Recipe
OthShatterEmptyBottle,,VaccinDrReapersMP,B41,45.0,,Recipe
OthShatterSmashedBottle,,VaccinDrReapersMP,B41,45.0,,Recipe
OpenPackOfArizonas,,TLK_ArizonaTea,B42,80,UnPackBox,Recipe
Fill_Empty_Palette_with_Paint,,Lifestyle,B42,150,Making,Recipe
ConvertPartsMech,,Lifestyle,B42,150,ChoppingBlock_Hammer,Recipe
ConvertPartsElec,,Lifestyle,B42,150,ChoppingBlock_Hammer,Recipe
ConvertPartsPlumb,,Lifestyle,B42,150,ChoppingBlock_Hammer,Recipe
ConvertPartsWood,,Lifestyle,B42,150,ChoppingBlock_Hammer,Recipe
Carve_Art_Paintbrush,,Lifestyle,B42,200,SharpenStakeWood,Recipe
Carve_Art_Palette,,Lifestyle,B42,200,CraftWeapon1H,Recipe
Create_Mop,,Lifestyle,B42,300,SharpenStakeWood,Recipe
Create_Music_Sheet_Book,,Lifestyle,B42,600,Making,Recipe
UnimogWindshield,,CytU1550L,B42,250,Craft_Glassmaking,Recipe
UnimogWindow,,CytU1550L,B42,250,Craft_Glassmaking,Recipe
UnimogRearWindshield,,CytU1550L,B42,250,Craft_Glassmaking,Recipe
UnimogBullbar,,CytU1550L,B42,250,Welding,Recipe
UnimogWindshieldCage,,CytU1550L,B42,250,Welding,Recipe
UnimogWindowArmor,,CytU1550L,B42,250,Welding,Recipe
UnimogFortifiedChassisandBody,,CytU1550L,B42,250,Welding,Recipe
MakeUnimogTarp,,CytU1550L,B42,200,SewingCloth,Recipe
MakeSharpRevolver,,MoreKatanaB42,B42,1500,CraftWeapon1H,Recipe
MakeSharpRevolverShort,,MoreKatanaB42,B42,1000,CraftWeapon1H,Recipe
MakeSharpRevolverLong,,MoreKatanaB42,B42,2000,CraftWeapon1H,Recipe
MakeSharpAssaultRifle,,MoreKatanaB42,B42,2000,CraftWeapon1H,Recipe
MakeSharpDoubleBarrelShotgun,,MoreKatanaB42,B42,2000,CraftWeapon1H,Recipe
MakeSharpDoubleBarrelShotgunSawnoff,,MoreKatanaB42,B42,2000,CraftWeapon1H,Recipe
ResetGunsRevolver,,MoreKatanaB42,B42,100,CraftWeapon1H,Recipe
ResetGunsRevolverShort,,MoreKatanaB42,B42,100,CraftWeapon1H,Recipe
ResetGunsRevolverLong,,MoreKatanaB42,B42,100,CraftWeapon1H,Recipe
ResetGunsAssaultRifle,,MoreKatanaB42,B42,100,CraftWeapon1H,Recipe
ResetGunsDoubleBarrelShotgun,,MoreKatanaB42,B42,100,CraftWeapon1H,Recipe
ResetGunsDoubleBarrelShotgunSawnoff,,MoreKatanaB42,B42,100,CraftWeapon1H,Recipe
CleanGunsRevolver,,MoreKatanaB42,B42,750,CraftWeapon1H,Recipe
CleanGunsRevolverShort,,MoreKatanaB42,B42,500,CraftWeapon1H,Recipe
CleanGunsRevolverLong,,MoreKatanaB42,B42,1000,CraftWeapon1H,Recipe
CleanGunsAssaultRifle,,MoreKatanaB42,B42,1000,CraftWeapon1H,Recipe
CleanGunsDoubleBarrelShotgun,,MoreKatanaB42,B42,1000,CraftWeapon1H,Recipe
CleanGunsDoubleBarrelShotgunSawnoff,,MoreKatanaB42,B42,1000,CraftWeapon1H,Recipe
CleanGasmaskFilter,,MoreKatanaB42,B42,200,Making,Recipe
CleanRespiratorFilters,,MoreKatanaB42,B42,200,Making,Recipe
MakeSturdyKatana,,MoreKatanaB42,B42,2000,Welding,Recipe
MakeSturdyMacheteForged,,MoreKatanaB42,B42,1500,CraftWeapon1H,Recipe
MakeSturdyAxe,,MoreKatanaB42,B42,1000,CraftWeapon1H,Recipe
MakeSturdyHandAxe,,MoreKatanaB42,B42,1000,CraftWeapon1H,Recipe
MakeSturdyWoodAxe,,MoreKatanaB42,B42,1000,CraftWeapon1H,Recipe
MakeSturdyMeatCleaverForged,,MoreKatanaB42,B42,1000,CraftWeapon1H,Recipe
MakeSturdyHuntingKnife,,MoreKatanaB42,B42,1000,CraftWeapon1H,Recipe
MakeSturdyNightstick,,MoreKatanaB42,B42,1000,CraftWeapon1H,Recipe
ResetSturdyKatana,,MoreKatanaB42,B42,200,ChoppingBlock_Hammer,Recipe
ResetSturdyMacheteForged,,MoreKatanaB42,B42,200,ChoppingBlock_Hammer,Recipe
ResetSturdyAxe,,MoreKatanaB42,B42,200,ChoppingBlock_Hammer,Recipe
ResetSturdyHandAxe,,MoreKatanaB42,B42,200,ChoppingBlock_Hammer,Recipe
ResetSturdyWoodAxe,,MoreKatanaB42,B42,200,ChoppingBlock_Hammer,Recipe
ResetSturdyMeatCleaverForged,,MoreKatanaB42,B42,200,ChoppingBlock_Hammer,Recipe
ResetSturdyHuntingKnife,,MoreKatanaB42,B42,200,ChoppingBlock_Hammer,Recipe
ResetSturdyNightstick,,MoreKatanaB42,B42,200,ChoppingBlock_Hammer,Recipe
CleanSturdyKatana,,MoreKatanaB42,B42,500,CraftWeapon1H,Recipe
CleanSturdyMacheteForged,,MoreKatanaB42,B42,500,CraftWeapon1H,Recipe
CleanSturdyAxe,,MoreKatanaB42,B42,500,CraftWeapon1H,Recipe
CleanSturdyHandAxe,,MoreKatanaB42,B42,500,CraftWeapon1H,Recipe
CleanSturdyWoodAxe,,MoreKatanaB42,B42,500,CraftWeapon1H,Recipe
CleanSturdyMeatCleaverForged,,MoreKatanaB42,B42,500,CraftWeapon1H,Recipe
CleanSturdyHuntingKnife,,MoreKatanaB42,B42,500,,Recipe
CleanSturdyNightstick,,MoreKatanaB42,B42,500,,Recipe
90bmwE30MakeTire,,90bmwE30,B42,200,Making,Recipe
90bmwE30m3MakeTire,,90bmwE30,B42,200,Making,Recipe
90bmwE30MakeHood,,90bmwE30,B42,200,Welding,Recipe
90bmwE30SedanMakeFrontDoor,,90bmwE30,B42,200,Welding,Recipe
90bmwE30CabrioMakeFrontDoor,,90bmwE30,B42,200,Welding,Recipe
90bmwE30SedanMakeRearDoor,,90bmwE30,B42,200,Welding,Recipe
90bmwE30TouringMakeRearDoor,,90bmwE30,B42,200,Welding,Recipe
90bmwE30SedanMakeTrunkLid,,90bmwE30,B42,200,Welding,Recipe
90bmwE30m3MakeTrunkLid,,90bmwE30,B42,200,Welding,Recipe
90bmwE30TouringMakeTrunkLid,,90bmwE30,B42,200,Welding,Recipe
90bmwE30CabrioRoofLid,,90bmwE30,B42,200,Welding,Recipe
90bmwE30MakeFrontSeat,,90bmwE30,B42,200,Making,Recipe
90bmwE30MakeRearSeat,,90bmwE30,B42,200,Making,Recipe
90bmwE30MakeFrontWindshield,,90bmwE30,B42,200,Making,Recipe
90bmwE30MakeFrontSideWindow,,90bmwE30,B42,200,Making,Recipe
90bmwE30CabrioMakeSideWindows,,90bmwE30,B42,200,Making,Recipe
90bmwE30SedanMakeRearSideWindow,,90bmwE30,B42,200,Making,Recipe
90bmwE30TouringMakeRearSideWindow,,90bmwE30,B42,200,Making,Recipe
90bmwE30TouringMakeBackSideWindow,,90bmwE30,B42,200,Making,Recipe
90bmwE30MakeRearWindshield,,90bmwE30,B42,200,Making,Recipe
90bmwE30MakeFrontWindshieldArmor,,90bmwE30,B42,200,Welding,Recipe
90bmwE30MakeFrontWindowArmor,,90bmwE30,B42,200,Welding,Recipe
90bmwE30CabrioMakeSideArmor,,90bmwE30,B42,50,Making,Recipe
90bmwE30SedanMakeRearWindowArmor,,90bmwE30,B42,200,Welding,Recipe
90bmwE30TouringMakeRearWindowArmor,,90bmwE30,B42,200,Welding,Recipe
90bmwE30TouringMakeBackWindowArmor,,90bmwE30,B42,200,Welding,Recipe
90bmwE30MakeRearWindshieldArmor,,90bmwE30,B42,200,Welding,Recipe
90bmwE30MakeFrontBullbar,,90bmwE30,B42,200,Welding,Recipe
90bmwE30MakeReinforcedBumper,,90bmwE30,B42,150,Making,Recipe
90bmwE30MakeReinforcedMBumper,,90bmwE30,B42,150,Making,Recipe
90bmwE30MakeRoofrack,,90bmwE30,B42,200,Welding,Recipe
TTF_ReplaceGasMaskFilter,,TwisTonFire - QoL Modpack,B42,60,Making,Recipe
TTF_ReplaceRespiratorFilters,,TwisTonFire - QoL Modpack,B42,60,Making,Recipe
TTF_ReplaceImprovisedGasMaskRag,,TwisTonFire - QoL Modpack,B42,60,Making,Recipe
SpaceMarine_BackPack,,The Space Marine,B41,60.0,,Recipe
SpaceMarine_BackPack_BlackTemplar,,The Space Marine,B41,60.0,,Recipe
SpaceMarine_Helmet,,The Space Marine,B41,60.0,,Recipe
SpaceMarine_Helmet_BlackTemplar,,The Space Marine,B41,60.0,,Recipe
SpaceMarine_Armor,,The Space Marine,B41,60.0,,Recipe
SpaceMarine_Armor_Plates,,The Space Marine,B41,60.0,,Recipe
SpaceMarine_Armor_BlackTemplar,,The Space Marine,B41,60.0,,Recipe
SpaceMarine_Armor_Shoulders,,The Space Marine,B41,60.0,,Recipe
SpaceMarine_Armor_Shoulders_Plates,,The Space Marine,B41,60.0,,Recipe
SpaceMarine_Armor_Shoulders_BlackTemplar,,The Space Marine,B41,60.0,,Recipe
MakeLegendaryKatanaBlade,,LegendaryKatanaWakizashi,B42,1500,Welding,Recipe
MakeLegendaryKatanaHandle,,LegendaryKatanaWakizashi,B42,1000,Making,Recipe
MakeLegendaryKatanaBlack,,LegendaryKatanaWakizashi,B42,2000,Making,Recipe
MakeLegendaryKatanaGrey,,LegendaryKatanaWakizashi,B42,2000,Making,Recipe
MakeLegendaryKatanaGreen,,LegendaryKatanaWakizashi,B42,2000,Making,Recipe
MakeLegendaryKatanaBrown,,LegendaryKatanaWakizashi,B42,2000,Making,Recipe
MakeLegendaryKatanaOrange,,LegendaryKatanaWakizashi,B42,2000,Making,Recipe
MakeLegendaryKatanaPink,,LegendaryKatanaWakizashi,B42,2000,Making,Recipe
MakeLegendaryKatanaPurple,,LegendaryKatanaWakizashi,B42,2000,Making,Recipe
MakeLegendaryKatanaRed,,LegendaryKatanaWakizashi,B42,2000,Making,Recipe
MakeLegendaryKatanaWhite,,LegendaryKatanaWakizashi,B42,2000,Making,Recipe
MakeLegendaryKatanaBlue,,LegendaryKatanaWakizashi,B42,2000,Making,Recipe
MakeLegendaryKatanaSheathWood,,LegendaryKatanaWakizashi,B42,500,Making,Recipe
MakeLegendaryKatanaSheathGrey,,LegendaryKatanaWakizashi,B42,500,Making,Recipe
MakeLegendaryKatanaSheathGreen,,LegendaryKatanaWakizashi,B42,500,Making,Recipe
MakeLegendaryKatanaSheathBrown,,LegendaryKatanaWakizashi,B42,500,Making,Recipe
MakeLegendaryKatanaSheathOrange,,LegendaryKatanaWakizashi,B42,500,Making,Recipe
MakeLegendaryKatanaSheathPink,,LegendaryKatanaWakizashi,B42,500,Making,Recipe
MakeLegendaryKatanaSheathPurple,,LegendaryKatanaWakizashi,B42,500,Making,Recipe
MakeLegendaryKatanaSheathRed,,LegendaryKatanaWakizashi,B42,500,Making,Recipe
MakeLegendaryKatanaSheathWhite,,LegendaryKatanaWakizashi,B42,500,Making,Recipe
MakeLegendaryKatanaSheathBlue,,LegendaryKatanaWakizashi,B42,500,Making,Recipe
MakeLegendaryKatanaSheathBlack,,LegendaryKatanaWakizashi,B42,500,Making,Recipe
MakeLegendaryWakizashiBlack,,LegendaryKatanaWakizashi,B42,2000,Making,Recipe
MakeLegendaryWakizashiGrey,,LegendaryKatanaWakizashi,B42,2000,Making,Recipe
MakeLegendaryWakizashiGreen,,LegendaryKatanaWakizashi,B42,2000,Making,Recipe
MakeLegendaryWakizashiBrown,,LegendaryKatanaWakizashi,B42,2000,Making,Recipe
MakeLegendaryWakizashiOrange,,LegendaryKatanaWakizashi,B42,2000,Making,Recipe
MakeLegendaryWakizashiPink,,LegendaryKatanaWakizashi,B42,2000,Making,Recipe
MakeLegendaryWakizashiPurple,,LegendaryKatanaWakizashi,B42,2000,Making,Recipe
MakeLegendaryWakizashiRed,,LegendaryKatanaWakizashi,B42,2000,Making,Recipe
MakeLegendaryWakizashiWhite,,LegendaryKatanaWakizashi,B42,2000,Making,Recipe
MakeLegendaryWakizashiBlue,,LegendaryKatanaWakizashi,B42,2000,Making,Recipe
MakeLegendaryWakizashiSheathWood,,LegendaryKatanaWakizashi,B42,500,Making,Recipe
MakeLegendaryWakizashiSheathGrey,,LegendaryKatanaWakizashi,B42,500,Making,Recipe
MakeLegendaryWakizashiSheathGreen,,LegendaryKatanaWakizashi,B42,500,Making,Recipe
MakeLegendaryWakizashiSheathRed,,LegendaryKatanaWakizashi,B42,500,Making,Recipe
MakeLegendaryWakizashiSheathBlue,,LegendaryKatanaWakizashi,B42,500,Making,Recipe
MakeLegendaryWakizashiSheathPurple,,LegendaryKatanaWakizashi,B42,500,Making,Recipe
MakeLegendaryWakizashiSheathPink,,LegendaryKatanaWakizashi,B42,500,Making,Recipe
MakeLegendaryWakizashiSheathOrange,,LegendaryKatanaWakizashi,B42,500,Making,Recipe
MakeLegendaryWakizashiSheathBrown,,LegendaryKatanaWakizashi,B42,500,Making,Recipe
MakeLegendaryWakizashiSheathWhite,,LegendaryKatanaWakizashi,B42,500,Making,Recipe
MakeLegendaryWakizashiSheathBlack,,LegendaryKatanaWakizashi,B42,500,Making,Recipe
RepairKatanaSheet,,LegendaryKatanaWakizashi,B42,180,CraftWeapon1H,Recipe
RepairKatanaScrap,,LegendaryKatanaWakizashi,B42,180,CraftWeapon1H,Recipe
RepairWakizashiSheet,,LegendaryKatanaWakizashi,B42,180,CraftWeapon1H,Recipe
RepairWakizashiScrap,,LegendaryKatanaWakizashi,B42,180,CraftWeapon1H,Recipe
RepairLegendaryKatanaWakizashiSheet,,LegendaryKatanaWakizashi,B42,180,CraftWeapon1H,Recipe
RepairLegendaryKatanaWakizashiScrap,,LegendaryKatanaWakizashi,B42,180,CraftWeapon1H,Recipe
84cadillacDeVilleMakeHood,,84cadillacDeVille,B42,200,Welding,Recipe
84cadillacDeVilleMakeTrunkLid,,84cadillacDeVille,B42,200,Welding,Recipe
84cadillacDeVilleMakeFrontSeat,,84cadillacDeVille,B42,200,Making,Recipe
84cadillacDeVilleMakeRearSeat,,84cadillacDeVille,B42,200,Making,Recipe
84cadillacDeVilleMakeFrontBumper,,84cadillacDeVille,B42,200,Welding,Recipe
84cadillacDeVilleMakeReinforcedFrontBumper,,84cadillacDeVille,B42,200,Making,Recipe
84cadillacDeVilleMakeRearBumper,,84cadillacDeVille,B42,200,Welding,Recipe
97bushmasterMakeHood,,97bushmaster,B42,200,Welding,Recipe
97bushmasterMakeDoor,,97bushmaster,B42,200,Welding,Recipe
97bushmasterMakeHatch,,97bushmaster,B42,200,Welding,Recipe
97bushmasterMakeSmallStorageLid,,97bushmaster,B42,200,Welding,Recipe
97bushmasterMakeLargeStorageLid,,97bushmaster,B42,200,Welding,Recipe
97bushmasterMakeFrontWindshield,,97bushmaster,B42,200,Making,Recipe
97bushmasterMakeFrontSideWindow,,97bushmaster,B42,200,Making,Recipe
97bushmasterMakeSideWindow,,97bushmaster,B42,200,Making,Recipe
97bushmasterMakeRearWindshield,,97bushmaster,B42,200,Making,Recipe
97bushmasterMakeRoofCrates,,97bushmaster,B42,500,Making,Recipe
97bushmasterMakeFrontBullbar,,97bushmaster,B42,200,Welding,Recipe
97bushmasterMakeMudflaps,,97bushmaster,B42,200,Making,Recipe
97bushmasterMakeGastank,,97bushmaster,B42,200,Welding,Recipe
97bushmasterMakeLeftFender,,97bushmaster,B42,200,Welding,Recipe
97bushmasterMakeRightFender,,97bushmaster,B42,200,Welding,Recipe
97bushmasterMakeLeftStorage,,97bushmaster,B42,200,Welding,Recipe
97bushmasterMakeRightStorage,,97bushmaster,B42,200,Welding,Recipe
97bushmasterMakeSeat,,97bushmaster,B42,200,Making,Recipe
97bushmasterMakeGunnerSeat,,97bushmaster,B42,200,Making,Recipe
63Type2VanMakeTire1,,63Type2Van,B42,200,Making,Recipe
63Type2VanMakeTire2,,63Type2Van,B42,200,Making,Recipe
63Type2VanMakeHood,,63Type2Van,B42,200,Welding,Recipe
63Type2VanMakeFrontDoor,,63Type2Van,B42,200,Welding,Recipe
63Type2VanMakeRearDoor,,63Type2Van,B42,200,Welding,Recipe
63Type2VanMakeRearSplitDoor,,63Type2Van,B42,200,Welding,Recipe
63Type2VanMakeTrunkLid,,63Type2Van,B42,200,Welding,Recipe
63Type2VanMakeTruckBedLid,,63Type2Van,B42,200,Welding,Recipe
63Type2VanMakeFrontSeat,,63Type2Van,B42,200,Making,Recipe
63Type2VanMakeRearSeat,,63Type2Van,B42,200,Making,Recipe
63Type2VanMakeFrontWindshield,,63Type2Van,B42,200,Making,Recipe
63Type2VanMakeFrontSideWindow,,63Type2Van,B42,200,Making,Recipe
63Type2VanMakeRearSideWindow,,63Type2Van,B42,200,Making,Recipe
63Type2VanMakeRearDoubleWindow,,63Type2Van,B42,250,Making,Recipe
63Type2VanMakeRearWindshield,,63Type2Van,B42,200,Making,Recipe
63Type2VanMakeFrontWindshieldArmor,,63Type2Van,B42,200,Welding,Recipe
63Type2VanMakeFrontWindowArmor,,63Type2Van,B42,200,Welding,Recipe
63Type2VanMakeRearWindowArmor,,63Type2Van,B42,200,Welding,Recipe
63Type2VanMakeRearDoubleWindowArmor,,63Type2Van,B42,250,Making,Recipe
63Type2VanMakeRearWindshieldArmor,,63Type2Van,B42,200,Welding,Recipe
63Type2VanMakeFrontBumper,,63Type2Van,B42,200,Welding,Recipe
63Type2VanMakeFrontBumperMK2,,63Type2Van,B42,200,Welding,Recipe
63Type2VanMakeFrontBullbar,,63Type2Van,B42,200,Welding,Recipe
63Type2VanMakeRearBumper,,63Type2Van,B42,200,Welding,Recipe
63Type2VanMakeRearBumperMK2,,63Type2Van,B42,200,Welding,Recipe
63Type2VanMakeRearCage,,63Type2Van,B42,200,Welding,Recipe
63Type2VanMakeSidesteps,,63Type2Van,B42,200,Welding,Recipe
63Type2VanMakeLightGuard,,63Type2Van,B42,200,Welding,Recipe
63Type2VanMakeRoofrack,,63Type2Van,B42,200,Welding,Recipe
63Type2VanMakeLargeRoofrack,,63Type2Van,B42,210,Welding,Recipe
63Type2VanMakeBedCover,,63Type2Van,B42,200,Making,Recipe
63Type2VanMakeMudflaps,,63Type2Van,B42,200,Making,Recipe
90fordF350MakeTire,,90fordF350ambulance,B42,200,Making,Recipe
90fordF350MakeDoubleTires,,90fordF350ambulance,B42,250,Making,Recipe
90fordF350DismantleDoubleTires,,90fordF350ambulance,B42,250,Making,Recipe
90fordF350MakeRearDoor,,90fordF350ambulance,B42,200,Welding,Recipe
90fordF350MakeBackDoors,,90fordF350ambulance,B42,200,Welding,Recipe
90fordF350MakeRearSideWindow,,90fordF350ambulance,B42,200,Making,Recipe
90fordF350MakeBackWindows,,90fordF350ambulance,B42,200,Making,Recipe
90fordF350MakeFrontWindshieldArmor,,90fordF350ambulance,B42,200,Welding,Recipe
90fordF350MakeFrontWindowArmor,,90fordF350ambulance,B42,200,Welding,Recipe
90fordF350MakeRearWindowArmor,,90fordF350ambulance,B42,200,Welding,Recipe
90fordF350MakeRearWindshieldArmor,,90fordF350ambulance,B42,200,Welding,Recipe
90fordF350MakeFrontBumper,,90fordF350ambulance,B42,200,Welding,Recipe
90fordF350MakeFrontBullbar,,90fordF350ambulance,B42,200,Welding,Recipe
90fordF350MakeReinforcedBumper,,90fordF350ambulance,B42,150,Making,Recipe
90fordF350MakeRearBumper,,90fordF350ambulance,B42,200,Welding,Recipe
90fordF350MakeSidesteps,,90fordF350ambulance,B42,200,Welding,Recipe
MakeSteelLadder,,Ladders,B42,500,Welding,Recipe
MakeWoodenLadder,,Ladders,B42,350,Making,Recipe
ChmDiscardBloodFromSyringe,,ZVirusVaccine42BETA,B42,25,PourLiqOut,Recipe
ChmSterilizeGlasses,,ZVirusVaccine42BETA,B42,25,SterilizeTubes,Recipe
ChmSterilizeGlassesHW,,ZVirusVaccine42BETA,B42,25,SterilizeTubes,Recipe
ChmSterilizeGlassesHWPot,,ZVirusVaccine42BETA,B42,35,SterilizeTubes,Recipe
ChmSterilizeGlassesHWPot2,,ZVirusVaccine42BETA,B42,35,SterilizeTubes,Recipe
ChmSterilizeGlassesHWBucket,,ZVirusVaccine42BETA,B42,50,SterilizeTubes,Recipe
ChmSterilizeGlassesHWBucket2,,ZVirusVaccine42BETA,B42,50,SterilizeTubes,Recipe
OthClearWithChlorineTablets,,ZVirusVaccine42BETA,B42,15,LabClearWater,Recipe
OthShatterCarGlassWindshields,,ZVirusVaccine42BETA,B42,40,LabBreakGlass,Recipe
OthMakeCottonBalls,,ZVirusVaccine42BETA,B42,150,Making_Surface,Recipe
ChmExtractBrainFromSkull,,ZVirusVaccine42BETA,B42,30,LabSawOffSkull,Recipe
OthFixSkull,,ZVirusVaccine42BETA,B42,15,Making_Surface,Recipe
TurnHBoneIntoWP,,ZVirusVaccine42BETA,B42,5,Making,Recipe
ChmLabFlaskPourWaterOut,,ZVirusVaccine42BETA,B42,30,PourLiqOut,Recipe
ChmLabTestTubePourWaterOut,,ZVirusVaccine42BETA,B42,30,PourLiqOut,Recipe
MakeHBoneClub,,ZVirusVaccine42BETA,B42,200,CraftWeapon1H,Recipe
MakeHScrapMorningstar,,ZVirusVaccine42BETA,B42,600,Welding_Surface,Recipe
MakeHSpikedClub,,ZVirusVaccine42BETA,B42,500,MakingHammer_Surface,Recipe
ChmExtractFluidFromBrain,,ZVirusVaccine42BETA,B42,250,Making,Recipe
LabPaintLightGreen,,ZVirusVaccine42BETA,B42,400,Making_Surface,Recipe
LabPaintLightRed,,ZVirusVaccine42BETA,B42,400,Making_Surface,Recipe
LabPaintLightBlue,,ZVirusVaccine42BETA,B42,400,Making_Surface,Recipe
LabPaintLightYellow,,ZVirusVaccine42BETA,B42,400,Making_Surface,Recipe
LabPaintLightCyan,,ZVirusVaccine42BETA,B42,400,Making_Surface,Recipe
LabPaintLightOrange,,ZVirusVaccine42BETA,B42,400,Making_Surface,Recipe
LabPaintLightPurple,,ZVirusVaccine42BETA,B42,400,Making_Surface,Recipe
LabPaintLightPink,,ZVirusVaccine42BETA,B42,400,Making_Surface,Recipe
FrnMakeAluminum,,ZVirusVaccine42BETA,B42,200,BlowTorchB,Recipe
ChmSterilizeTestTubeDisinfectant,,ZVirusVaccine42BETA,B42,75,ApplyAlcohol,Recipe
ChmSterilizeFlaskDisinfectant,,ZVirusVaccine42BETA,B42,75,ApplyAlcohol,Recipe
ChmLabFlaskFillWater,,ZVirusVaccine42BETA,B42,15,PutInBag,Recipe
ChmPourInfectedBlood,,ZVirusVaccine42BETA,B42,60,Making_Surface,Recipe
PourAFlaskOut,,ZVirusVaccine42BETA,B42,60,EmptyPan,Recipe
ChmSterilizeLabSyringeReusableDisinfectant,,ZVirusVaccine42BETA,B42,75,Making_Surface,Recipe
OthShatterPerfumeVialCologne,,ZVirusVaccine42BETA,B42,45,BuildLowHammer,Recipe
59meteorMakeTire,,59 Cadillac Miller-Meteor,B42,200,Making,Recipe
59meteorMakeReinforcedTire,,59 Cadillac Miller-Meteor,B42,200,Making,Recipe
59meteorMakeHood,,59 Cadillac Miller-Meteor,B42,200,Welding,Recipe
59meteorMakeFrontDoor,,59 Cadillac Miller-Meteor,B42,200,Welding,Recipe
59meteorMakeRearDoor,,59 Cadillac Miller-Meteor,B42,200,Welding,Recipe
59meteorMakeTrunkLid,,59 Cadillac Miller-Meteor,B42,200,Welding,Recipe
59meteorMakeLeftSeat,,59 Cadillac Miller-Meteor,B42,200,Making,Recipe
59meteorMakeRightSeat,,59 Cadillac Miller-Meteor,B42,200,Making,Recipe
59meteorMakeSmallRearSeat,,59 Cadillac Miller-Meteor,B42,200,Making,Recipe
59meteorMakeFrontWindshield,,59 Cadillac Miller-Meteor,B42,200,Making,Recipe
59meteorMakeSideWindow,,59 Cadillac Miller-Meteor,B42,200,Making,Recipe
59meteorMakeRearWindshield,,59 Cadillac Miller-Meteor,B42,200,Making,Recipe
59meteorMakeFrontWindshieldArmor,,59 Cadillac Miller-Meteor,B42,200,Welding,Recipe
59meteorMakeFrontWindowArmor,,59 Cadillac Miller-Meteor,B42,200,Welding,Recipe
59meteorMakeRearWindowArmor,,59 Cadillac Miller-Meteor,B42,200,Welding,Recipe
59meteorMakeRearWindshieldArmor,,59 Cadillac Miller-Meteor,B42,200,Welding,Recipe
59meteorMakeFrontBumper,,59 Cadillac Miller-Meteor,B42,200,Welding,Recipe
59meteorMakeFrontBullbar,,59 Cadillac Miller-Meteor,B42,200,Welding,Recipe
59meteorMakeReinforcedFrontBumper,,59 Cadillac Miller-Meteor,B42,200,Welding,Recipe
59meteorMakeRearBumper,,59 Cadillac Miller-Meteor,B42,200,Welding,Recipe
59meteorMakeRoofrack,,59 Cadillac Miller-Meteor,B42,200,Welding,Recipe
MakeCarBatterySledge,,MadCrafter,B42,300,CraftWeapon2H,Recipe
MakeCleaverAxe,,MadCrafter,B42,220,CraftWeapon2H,Recipe
MakeDaggerTrident,,MadCrafter,B42,350,CraftWeapon2H,Recipe
MakeElectricAxe,,MadCrafter,B42,300,CraftWeapon2H,Recipe
MakeElectricBaseballBat,,MadCrafter,B42,300,CraftWeapon2H,Recipe
MakeElectricRailSpikeSpear,,MadCrafter,B42,300,CraftWeapon2H,Recipe
MakeElectricShovel,,MadCrafter,B42,300,CraftWeapon2H,Recipe
MakeElectricSword,,MadCrafter,B42,300,CraftWeapon2H,Recipe
MakeFireExtinguisherSledge,,MadCrafter,B42,180,CraftWeapon2H,Recipe
MakeRailSpikeSpear,,MadCrafter,B42,150,CraftWeapon2H,Recipe
MakeSawBoltCutters,,MadCrafter,B42,300,CraftWeapon2H,Recipe
MakeDaggerHandAxe,,MadCrafter,B42,250,CraftWeapon2H,Recipe
MakeElectricMachete,,MadCrafter,B42,300,CraftWeapon2H,Recipe
MakeElectricMosquitoSwatter,,MadCrafter,B42,300,CraftWeapon2H,Recipe
MakeNailShortSword,,MadCrafter,B42,200,CraftWeapon2H,Recipe
MakePipeWrenchAxe,,MadCrafter,B42,180,CraftWeapon2H,Recipe
MakeSawBladeClaw,,MadCrafter,B42,250,CraftWeapon2H,Recipe
MakeWrenchKnife,,MadCrafter,B42,200,CraftWeapon2H,Recipe
MakeZuluShortSpear,,MadCrafter,B42,200,CraftWeapon2H,Recipe
OpenBoxOfCannedFood,,Vanilla Foods Expanded,B42,50,,Recipe
PackCannedFood,,Vanilla Foods Expanded,B42,50,,Recipe
MakeJar,,Vanilla Foods Expanded,B42,50,,Recipe
OpenJarOfFood,,Vanilla Foods Expanded,B42,50,,Recipe
PlacePastaInSaucepan2,,Vanilla Foods Expanded,B42,50,,Recipe
PlacePastaInCookingPot2,,Vanilla Foods Expanded,B42,50,,Recipe
PlaceRiceInSaucepan2,,Vanilla Foods Expanded,B42,50,,Recipe
PlaceRiceInCookingPot2,,Vanilla Foods Expanded,B42,50,,Recipe
OpenPackOfBeer,,Vanilla Foods Expanded,B42,50,,Recipe
OpenBagOfFrozenFood,,Vanilla Foods Expanded,B42,50,,Recipe
VFX_OpenInsectCan,,Vanilla Foods Expanded,B42,20,,Recipe
VFX_OpenBoxOfSmallCannedFood,,Vanilla Foods Expanded,B42,100,UnPackBox_Small,Recipe
VFX_PackBoxOfSmallCannedFood,,Vanilla Foods Expanded,B42,100,PackingBox_Small,Recipe
VFX_OpenJar,,Vanilla Foods Expanded,B42,15,,Recipe
VFX_OpenJarofPickles,,Vanilla Foods Expanded,B42,15,,Recipe
VFX_OpenBoxSoupSachet,,Vanilla Foods Expanded,B42,30,,Recipe
VFX_PrepareSoup_Pumpkin,,Vanilla Foods Expanded,B42,40,,Recipe
VFX_PrepareSoup_PeaAndHam,,Vanilla Foods Expanded,B42,40,,Recipe
VFX_PrepareSoup_ChickenNoodle,,Vanilla Foods Expanded,B42,40,,Recipe
VFX_PrepareSoup_Tomato,,Vanilla Foods Expanded,B42,40,,Recipe
VFX_OpenBoxRamen,,Vanilla Foods Expanded,B42,30,,Recipe
VFX_OpenPacketRamen,,Vanilla Foods Expanded,B42,10,,Recipe
VFX_PrepareRamen,,Vanilla Foods Expanded,B42,60,,Recipe
VFX_PreparePacketPasta,,Vanilla Foods Expanded,B42,50,,Recipe
VFX_PreparePacketRice,,Vanilla Foods Expanded,B42,50,,Recipe
VFX_PrepareFreshPastaSaucepan,,Vanilla Foods Expanded,B42,50,,Recipe
VFX_PrepareFreshPastaPot,,Vanilla Foods Expanded,B42,50,,Recipe
VFX_PrepareMarinara,,Vanilla Foods Expanded,B42,50,,Recipe
VFX_PrepareSpicyMarinara,,Vanilla Foods Expanded,B42,50,,Recipe
VFX_PrepareMeatSauce,,Vanilla Foods Expanded,B42,50,,Recipe
VFX_PrepareBasilPesto,,Vanilla Foods Expanded,B42,50,,Recipe
VFX_PrepareAlfredoSauce,,Vanilla Foods Expanded,B42,50,,Recipe
VFX_PrepareBechamelSauce,,Vanilla Foods Expanded,B42,50,,Recipe
VFX_OpenHomemadePastaSauce,,Vanilla Foods Expanded,B42,15,,Recipe
VFX_MakeBowlOfCereal,,Vanilla Foods Expanded,B42,30,,Recipe
VFX_MakeBowlOfGranola,,Vanilla Foods Expanded,B42,30,,Recipe
VFX_TakeBouillonCubeFromBox,,Vanilla Foods Expanded,B42,10,,Recipe
VFX_OpenSnackCakeBox,,Vanilla Foods Expanded,B42,15,,Recipe
VFX_OpenToasterStrudelBox,,Vanilla Foods Expanded,B42,15,,Recipe
VFX_OpenPackagedStrudel,,Vanilla Foods Expanded,B42,10,,Recipe
VFX_OpenPuddingBox,,Vanilla Foods Expanded,B42,15,,Recipe
VFX_OpenJelloBox,,Vanilla Foods Expanded,B42,15,,Recipe
VFX_OpenFruitCupBox,,Vanilla Foods Expanded,B42,15,,Recipe
VFX_OpenGranolaBarBox,,Vanilla Foods Expanded,B42,15,,Recipe
VFX_MakeCakeBatter,,Vanilla Foods Expanded,B42,50,,Recipe
VFX_PutCakeInBakingPan,,Vanilla Foods Expanded,B42,20,,Recipe
VFX_SliceCake,,Vanilla Foods Expanded,B42,20,SliceFood_Surface,Recipe
VFX_PrepareFrenchVanillaCake,,Vanilla Foods Expanded,B42,50,,Recipe
VFX_PrepareCarrotCake,,Vanilla Foods Expanded,B42,50,,Recipe
VFX_PrepareChocolateCake,,Vanilla Foods Expanded,B42,50,,Recipe
VFX_PrepareRedVelvetCake,,Vanilla Foods Expanded,B42,50,,Recipe
VFX_PrepareStrawberryCake,,Vanilla Foods Expanded,B42,50,,Recipe
VFX_PrepareCaramelCake,,Vanilla Foods Expanded,B42,50,,Recipe
VFX_PrepareOrangePoppyseedCake,,Vanilla Foods Expanded,B42,50,,Recipe
VFX_PrepareConfettiCake,,Vanilla Foods Expanded,B42,50,,Recipe
VFX_PrepareSpiceCake,,Vanilla Foods Expanded,B42,50,,Recipe
VFX_PrepareYellowCake,,Vanilla Foods Expanded,B42,50,,Recipe
VFX_MakeMuffinBatter,,Vanilla Foods Expanded,B42,50,,Recipe
VFX_PrepareMuffinTray,,Vanilla Foods Expanded,B42,60,,Recipe
VFX_GetMuffinsFromTray,,Vanilla Foods Expanded,B42,60,,Recipe
VFX_PrepareAppleCinnamonMuffins,,Vanilla Foods Expanded,B42,50,,Recipe
VFX_PrepareBlueberryMuffins,,Vanilla Foods Expanded,B42,50,,Recipe
VFX_PrepareChocolateChipMuffins,,Vanilla Foods Expanded,B42,50,,Recipe
VFX_PrepareDoubleChocolateMuffins,,Vanilla Foods Expanded,B42,50,,Recipe
VFX_PrepareCornMuffins,,Vanilla Foods Expanded,B42,50,,Recipe
VFX_PrepareLemonPoppyMuffins,,Vanilla Foods Expanded,B42,50,,Recipe
VFX_MakeBrownieBatter,,Vanilla Foods Expanded,B42,50,,Recipe
VFX_PrepareBrownieTray,,Vanilla Foods Expanded,B42,60,,Recipe
VFX_GetBrowniesFromTray,,Vanilla Foods Expanded,B42,60,,Recipe
VFX_PrepareBrownies,,Vanilla Foods Expanded,B42,50,,Recipe
VFX_MakeCookieDough,,Vanilla Foods Expanded,B42,50,,Recipe
VFX_Get6Cookies,,Vanilla Foods Expanded,B42,60,,Recipe
VFX_PreparePeanutButterCookieDough,,Vanilla Foods Expanded,B42,40,,Recipe
VFX_PrepareGingerbreadCookieDough,,Vanilla Foods Expanded,B42,40,,Recipe
VFX_PrepareSnickerdoodleCookieDough,,Vanilla Foods Expanded,B42,40,,Recipe
VFX_PrepareDessertBread,,Vanilla Foods Expanded,B42,50,,Recipe
VFX_SliceDessertBread,,Vanilla Foods Expanded,B42,20,SliceFood_Surface,Recipe
VFX_PrepareBananaBread,,Vanilla Foods Expanded,B42,50,,Recipe
VFX_PreparePumpkinBread,,Vanilla Foods Expanded,B42,50,,Recipe
VFX_PrepareChocolateSwirlBread,,Vanilla Foods Expanded,B42,50,,Recipe
VFX_PrepareCinnamonSwirlBread,,Vanilla Foods Expanded,B42,50,,Recipe
VFX_PrepareCranberryBread,,Vanilla Foods Expanded,B42,50,,Recipe
VFX_PrepareBiscuits,,Vanilla Foods Expanded,B42,50,,Recipe
VFX_Get6Biscuits,,Vanilla Foods Expanded,B42,60,,Recipe
VFX_PrepareCheddarBiscuits,,Vanilla Foods Expanded,B42,40,,Recipe
VFX_PrepareHomestyleBiscuits,,Vanilla Foods Expanded,B42,40,,Recipe
VFX_PreparePuddingMix,,Vanilla Foods Expanded,B42,50,,Recipe
VFX_PrepareCaramelFrosting,,Vanilla Foods Expanded,B42,50,,Recipe
VFX_PrepareChocolateFrosting,,Vanilla Foods Expanded,B42,50,,Recipe
VFX_PrepareLemonFrosting,,Vanilla Foods Expanded,B42,50,,Recipe
VFX_PrepareStrawberryFrosting,,Vanilla Foods Expanded,B42,50,,Recipe
VFX_PrepareCreamCheeseFrosting,,Vanilla Foods Expanded,B42,50,,Recipe
VFX_PrepareConfettiFrosting,,Vanilla Foods Expanded,B42,50,,Recipe
VFX_PrepareVanillaFrosting,,Vanilla Foods Expanded,B42,50,,Recipe
VFX_SliceBakingPie,,Vanilla Foods Expanded,B42,40,SliceFood_Surface,Recipe
VFX_PreparePieFilling,,Vanilla Foods Expanded,B42,80,,Recipe
VFX_PrepareApplePie,,Vanilla Foods Expanded,B42,80,,Recipe
VFX_PrepareCherryPie,,Vanilla Foods Expanded,B42,80,,Recipe
VFX_PrepareBlueberryPie,,Vanilla Foods Expanded,B42,80,,Recipe
VFX_PrepareStrawberryPie,,Vanilla Foods Expanded,B42,80,,Recipe
VFX_PreparePeachPie,,Vanilla Foods Expanded,B42,80,,Recipe
VFX_PrepareMixedBerryPie,,Vanilla Foods Expanded,B42,80,,Recipe
VFX_PrepareLemonCreamPie,,Vanilla Foods Expanded,B42,80,,Recipe
VFX_PrepareBlackberryPie,,Vanilla Foods Expanded,B42,80,,Recipe
VFX_PrepareRaspberryPie,,Vanilla Foods Expanded,B42,80,,Recipe
VFX_PreparePumpkinPie,,Vanilla Foods Expanded,B42,80,,Recipe
VFX_PrepareSweetPotatoPie,,Vanilla Foods Expanded,B42,80,,Recipe
VFX_PreparePecanPie,,Vanilla Foods Expanded,B42,80,,Recipe
VFX_SlicePizza,,Vanilla Foods Expanded,B42,50,SliceMeat_Surface,Recipe
VFX_OpenUncrustablesBox,,Vanilla Foods Expanded,B42,15,,Recipe
VFX_OpenPizzaRollBox,,Vanilla Foods Expanded,B42,15,,Recipe
VFX_OpenBreakfastSandwichBox,,Vanilla Foods Expanded,B42,15,,Recipe
VFX_ScoopIceCream,,Vanilla Foods Expanded,B42,30,,Recipe
VFX_SliceFrozenPie,,Vanilla Foods Expanded,B42,40,SliceFood_Surface,Recipe
VFX_OpenPackSausages,,Vanilla Foods Expanded,B42,20,,Recipe
VFX_OpenPackMeatballs,,Vanilla Foods Expanded,B42,20,,Recipe
VFX_SlicePotato,,Vanilla Foods Expanded,B42,50,SliceFood_Surface,Recipe
VFX_PrepareMashedPotato,,Vanilla Foods Expanded,B42,100,,Recipe
VFX_OpenCandyBag,,Vanilla Foods Expanded,B42,30,,Recipe
VFX_MakePancakes,,Vanilla Foods Expanded,B42,60,,Recipe
VFX_MakeGravy,,Vanilla Foods Expanded,B42,60,,Recipe
VFX_MakeFrostedDoughnuts,,Vanilla Foods Expanded,B42,30,,Recipe
VFX_Make2Bowls,,Vanilla Foods Expanded,B42,80,,Recipe
VFX_Make4Bowls,,Vanilla Foods Expanded,B42,80,,Recipe
VFX_Make2Plates,,Vanilla Foods Expanded,B42,80,,Recipe
VFX_Make4Plates,,Vanilla Foods Expanded,B42,80,,Recipe
VFX_MakeDrinkMixPitcher,,Vanilla Foods Expanded,B42,30,,Recipe
VFX_TakeTeaBagFromBox,,Vanilla Foods Expanded,B42,10,,Recipe
VFX_MakeProteinShake,,Vanilla Foods Expanded,B42,30,,Recipe
VFX_OpenBottleOfBeer,,Vanilla Foods Expanded,B42,15,OpenBeerBottle,Recipe
VFX_PrepareShephardsPie,,Vanilla Foods Expanded,B42,200,,Recipe
VFX_PrepareTunaCasserole,,Vanilla Foods Expanded,B42,200,,Recipe
VFX_PrepareBakedZiti,,Vanilla Foods Expanded,B42,200,,Recipe
VFX_PrepareStuffedBellPeppers,,Vanilla Foods Expanded,B42,200,,Recipe
VFX_GetStuffedBellPeppers,,Vanilla Foods Expanded,B42,20,,Recipe
VFX_PrepareChickenPotPie,,Vanilla Foods Expanded,B42,200,,Recipe
VFX_PrepareMoussaka,,Vanilla Foods Expanded,B42,200,,Recipe
VFX_PrepareChickenDivan,,Vanilla Foods Expanded,B42,200,,Recipe
VFX_PrepareSalisburySteak,,Vanilla Foods Expanded,B42,200,,Recipe
VFX_PrepareFishandChips,,Vanilla Foods Expanded,B42,50,,Recipe
VFX_PrepareBangersandMash,,Vanilla Foods Expanded,B42,50,,Recipe
VFX_PrepareFullEnglishBreakfast,,Vanilla Foods Expanded,B42,50,,Recipe
VFX_PrepareHalfEnglishBreakfast,,Vanilla Foods Expanded,B42,50,,Recipe
VFX_PrepareScotchEgg,,Vanilla Foods Expanded,B42,100,,Recipe
VFX_PrepareSausageAndAppleFry,,Vanilla Foods Expanded,B42,200,,Recipe
VFX_PrepareBeansOnToast,,Vanilla Foods Expanded,B42,100,,Recipe
VFX_PrepareButterChicken,,Vanilla Foods Expanded,B42,200,,Recipe
VFX_PrepareThaiGreenCurry,,Vanilla Foods Expanded,B42,200,,Recipe
VFX_PrepareMassamanCurry,,Vanilla Foods Expanded,B42,200,,Recipe
VFX_PrepareChanaMasala,,Vanilla Foods Expanded,B42,200,,Recipe
VFX_PrepareSweetPotatoChickpeaCurry,,Vanilla Foods Expanded,B42,200,,Recipe
VFX_PrepareTofuCurry,,Vanilla Foods Expanded,B42,200,,Recipe
VFX_PrepareLasagna,,Vanilla Foods Expanded,B42,80,,Recipe
VFX_PrepareMeatloaf,,Vanilla Foods Expanded,B42,80,,Recipe
VFX_PrepareBakedPotato,,Vanilla Foods Expanded,B42,80,,Recipe
VFX_PrepareScallopedPotatoBake,,Vanilla Foods Expanded,B42,80,,Recipe
VFX_PrepareQuiche,,Vanilla Foods Expanded,B42,80,,Recipe
VFX_PrepareNachos,,Vanilla Foods Expanded,B42,80,,Recipe
VFX_PrepareEnchilada,,Vanilla Foods Expanded,B42,80,,Recipe
VFX_PrepareCheesecake,,Vanilla Foods Expanded,B42,80,,Recipe
VFX_PrepareMilkshake,,Vanilla Foods Expanded,B42,80,,Recipe
VFX_PrepareSushi,,Vanilla Foods Expanded,B42,80,,Recipe
VFX_PrepareFriedRice,,Vanilla Foods Expanded,B42,80,,Recipe
VFX_GetBakedPotato,,Vanilla Foods Expanded,B42,20,,Recipe
VFX_SliceCheesecake,,Vanilla Foods Expanded,B42,20,SliceFood_Surface,Recipe
VFX_MakeSpiceRackSmallLight,,Vanilla Foods Expanded,B42,60,MakingHammer_Surface,Recipe
VFX_MakeSpiceRackSmallDark,,Vanilla Foods Expanded,B42,60,MakingHammer_Surface,Recipe
VFX_MakeSpiceRackLargeLight,,Vanilla Foods Expanded,B42,60,MakingHammer_Surface,Recipe
VFX_MakeSpiceRackLargeDark,,Vanilla Foods Expanded,B42,60,MakingHammer_Surface,Recipe
OpenCan,,Vanilla Foods Expanded,B42,100,OpenTinCan,Recipe
OpenCanKnifeOrSharpStoneFlake,,Vanilla Foods Expanded,B42,80,OpenTinCan,Recipe
OpenInsectCan,,Vanilla Foods Expanded,B42,20,,Recipe
OpenBoxOfSmallCannedFood,,Vanilla Foods Expanded,B42,100,UnPackBox_Small,Recipe
PackBoxOfCannedFood,,Vanilla Foods Expanded,B42,100,PackingBox,Recipe
PackBoxOfSmallCannedFood,,Vanilla Foods Expanded,B42,100,PackingBox_Small,Recipe
OpenJar,,Vanilla Foods Expanded,B42,15,,Recipe
OpenJarofPickles,,Vanilla Foods Expanded,B42,15,,Recipe
OpenJarCanning,,Vanilla Foods Expanded,B42,15,,Recipe
MakeJarCanning,,Vanilla Foods Expanded,B42,100,,Recipe
OpenBoxSoupSachet,,Vanilla Foods Expanded,B42,30,,Recipe
PrepareSoup_Pumpkin,,Vanilla Foods Expanded,B42,40,,Recipe
PrepareSoup_PeaAndHam,,Vanilla Foods Expanded,B42,40,,Recipe
PrepareSoup_ChickenNoodle,,Vanilla Foods Expanded,B42,40,,Recipe
PrepareSoup_Tomato,,Vanilla Foods Expanded,B42,40,,Recipe
OpenBoxRamen,,Vanilla Foods Expanded,B42,30,,Recipe
OpenPacketRamen,,Vanilla Foods Expanded,B42,10,,Recipe
PrepareRamen,,Vanilla Foods Expanded,B42,60,,Recipe
PreparePacketPasta,,Vanilla Foods Expanded,B42,50,,Recipe
PreparePacketRice,,Vanilla Foods Expanded,B42,50,,Recipe
PrepareBrownRiceSaucepan,,Vanilla Foods Expanded,B42,50,,Recipe
PrepareJasmineRiceSaucepan,,Vanilla Foods Expanded,B42,50,,Recipe
PrepareBasmatiRiceSaucepan,,Vanilla Foods Expanded,B42,50,,Recipe
PrepareArborioRiceSaucepan,,Vanilla Foods Expanded,B42,50,,Recipe
PrepareBrownRicePot,,Vanilla Foods Expanded,B42,50,,Recipe
PrepareJasmineRicePot,,Vanilla Foods Expanded,B42,50,,Recipe
PrepareBasmatiRicePot,,Vanilla Foods Expanded,B42,50,,Recipe
PrepareArborioRicePot,,Vanilla Foods Expanded,B42,50,,Recipe
PrepareMacaroniSaucepan,,Vanilla Foods Expanded,B42,50,,Recipe
PrepareFettuccineSaucepan,,Vanilla Foods Expanded,B42,50,,Recipe
PreparePenneSaucepan,,Vanilla Foods Expanded,B42,50,,Recipe
PrepareMacaroniPot,,Vanilla Foods Expanded,B42,50,,Recipe
PrepareFettuccinePot,,Vanilla Foods Expanded,B42,50,,Recipe
PreparePennePot,,Vanilla Foods Expanded,B42,50,,Recipe
PrepareFreshPastaSaucepan,,Vanilla Foods Expanded,B42,50,,Recipe
PrepareFreshPastaPot,,Vanilla Foods Expanded,B42,50,,Recipe
PrepareMarinara,,Vanilla Foods Expanded,B42,50,,Recipe
PrepareSpicyMarinara,,Vanilla Foods Expanded,B42,50,,Recipe
PrepareMeatSauce,,Vanilla Foods Expanded,B42,50,,Recipe
PrepareBasilPesto,,Vanilla Foods Expanded,B42,50,,Recipe
PrepareAlfredoSauce,,Vanilla Foods Expanded,B42,50,,Recipe
PrepareBechamelSauce,,Vanilla Foods Expanded,B42,50,,Recipe
OpenHomemadePastaSauce,,Vanilla Foods Expanded,B42,15,,Recipe
MakeBowlOfCereal,,Vanilla Foods Expanded,B42,30,,Recipe
MakeBowlOfGranola,,Vanilla Foods Expanded,B42,30,,Recipe
TakeBouillonCubeFromBox,,Vanilla Foods Expanded,B42,10,,Recipe
OpenSnackCakeBox,,Vanilla Foods Expanded,B42,15,,Recipe
OpenToasterStrudelBox,,Vanilla Foods Expanded,B42,15,,Recipe
OpenPackagedStrudel,,Vanilla Foods Expanded,B42,10,,Recipe
OpenPuddingBox,,Vanilla Foods Expanded,B42,15,,Recipe
OpenJelloBox,,Vanilla Foods Expanded,B42,15,,Recipe
OpenFruitCupBox,,Vanilla Foods Expanded,B42,15,,Recipe
OpenGranolaBarBox,,Vanilla Foods Expanded,B42,15,,Recipe
MakeCakeBatter,,Vanilla Foods Expanded,B42,50,,Recipe
PutCakeInBakingPan,,Vanilla Foods Expanded,B42,20,,Recipe
SliceCake,,Vanilla Foods Expanded,B42,20,SliceFood_Surface,Recipe
PrepareFrenchVanillaCake,,Vanilla Foods Expanded,B42,50,,Recipe
PrepareCarrotCake,,Vanilla Foods Expanded,B42,50,,Recipe
PrepareChocolateCake,,Vanilla Foods Expanded,B42,50,,Recipe
PrepareRedVelvetCake,,Vanilla Foods Expanded,B42,50,,Recipe
PrepareStrawberryCake,,Vanilla Foods Expanded,B42,50,,Recipe
PrepareCaramelCake,,Vanilla Foods Expanded,B42,50,,Recipe
PrepareOrangePoppyseedCake,,Vanilla Foods Expanded,B42,50,,Recipe
PrepareConfettiCake,,Vanilla Foods Expanded,B42,50,,Recipe
PrepareSpiceCake,,Vanilla Foods Expanded,B42,50,,Recipe
PrepareYellowCake,,Vanilla Foods Expanded,B42,50,,Recipe
MakeMuffinBatter,,Vanilla Foods Expanded,B42,50,,Recipe
PrepareMuffinTray,,Vanilla Foods Expanded,B42,60,,Recipe
GetMuffinsFromTray,,Vanilla Foods Expanded,B42,60,,Recipe
PrepareAppleCinnamonMuffins,,Vanilla Foods Expanded,B42,50,,Recipe
PrepareBlueberryMuffins,,Vanilla Foods Expanded,B42,50,,Recipe
PrepareChocolateChipMuffins,,Vanilla Foods Expanded,B42,50,,Recipe
PrepareDoubleChocolateMuffins,,Vanilla Foods Expanded,B42,50,,Recipe
PrepareCornMuffins,,Vanilla Foods Expanded,B42,50,,Recipe
PrepareLemonPoppyMuffins,,Vanilla Foods Expanded,B42,50,,Recipe
MakeBrownieBatter,,Vanilla Foods Expanded,B42,50,,Recipe
PrepareBrownieTray,,Vanilla Foods Expanded,B42,60,,Recipe
GetBrowniesFromTray,,Vanilla Foods Expanded,B42,60,,Recipe
PrepareBrownies,,Vanilla Foods Expanded,B42,50,,Recipe
MakeCookieDough,,Vanilla Foods Expanded,B42,50,,Recipe
Get6Cookies,,Vanilla Foods Expanded,B42,60,,Recipe
PreparePeanutButterCookieDough,,Vanilla Foods Expanded,B42,40,,Recipe
PrepareGingerbreadCookieDough,,Vanilla Foods Expanded,B42,40,,Recipe
PrepareSnickerdoodleCookieDough,,Vanilla Foods Expanded,B42,40,,Recipe
PrepareDessertBread,,Vanilla Foods Expanded,B42,50,,Recipe
SliceDessertBread,,Vanilla Foods Expanded,B42,20,SliceFood_Surface,Recipe
PrepareBananaBread,,Vanilla Foods Expanded,B42,50,,Recipe
PreparePumpkinBread,,Vanilla Foods Expanded,B42,50,,Recipe
PrepareChocolateSwirlBread,,Vanilla Foods Expanded,B42,50,,Recipe
PrepareCinnamonSwirlBread,,Vanilla Foods Expanded,B42,50,,Recipe
PrepareCranberryBread,,Vanilla Foods Expanded,B42,50,,Recipe
PrepareBiscuits,,Vanilla Foods Expanded,B42,50,,Recipe
Get6Biscuits,,Vanilla Foods Expanded,B42,60,,Recipe
PrepareCheddarBiscuits,,Vanilla Foods Expanded,B42,40,,Recipe
PrepareHomestyleBiscuits,,Vanilla Foods Expanded,B42,40,,Recipe
PreparePuddingMix,,Vanilla Foods Expanded,B42,50,,Recipe
PrepareCaramelFrosting,,Vanilla Foods Expanded,B42,50,,Recipe
PrepareChocolateFrosting,,Vanilla Foods Expanded,B42,50,,Recipe
PrepareLemonFrosting,,Vanilla Foods Expanded,B42,50,,Recipe
PrepareStrawberryFrosting,,Vanilla Foods Expanded,B42,50,,Recipe
PrepareCreamCheeseFrosting,,Vanilla Foods Expanded,B42,50,,Recipe
PrepareConfettiFrosting,,Vanilla Foods Expanded,B42,50,,Recipe
PrepareVanillaFrosting,,Vanilla Foods Expanded,B42,50,,Recipe
SliceBakingPie,,Vanilla Foods Expanded,B42,40,SliceFood_Surface,Recipe
PreparePieFilling,,Vanilla Foods Expanded,B42,80,,Recipe
PrepareApplePie,,Vanilla Foods Expanded,B42,80,,Recipe
PrepareCherryPie,,Vanilla Foods Expanded,B42,80,,Recipe
PrepareBlueberryPie,,Vanilla Foods Expanded,B42,80,,Recipe
PrepareStrawberryPie,,Vanilla Foods Expanded,B42,80,,Recipe
PreparePeachPie,,Vanilla Foods Expanded,B42,80,,Recipe
PrepareMixedBerryPie,,Vanilla Foods Expanded,B42,80,,Recipe
PrepareLemonCreamPie,,Vanilla Foods Expanded,B42,80,,Recipe
PrepareBlackberryPie,,Vanilla Foods Expanded,B42,80,,Recipe
PrepareRaspberryPie,,Vanilla Foods Expanded,B42,80,,Recipe
PreparePumpkinPie,,Vanilla Foods Expanded,B42,80,,Recipe
PrepareSweetPotatoPie,,Vanilla Foods Expanded,B42,80,,Recipe
PreparePecanPie,,Vanilla Foods Expanded,B42,80,,Recipe
SlicePizza,,Vanilla Foods Expanded,B42,50,SliceMeat_Surface,Recipe
OpenBag,,Vanilla Foods Expanded,B42,20,,Recipe
OpenUncrustablesBox,,Vanilla Foods Expanded,B42,15,,Recipe
OpenPizzaRollBox,,Vanilla Foods Expanded,B42,15,,Recipe
OpenBreakfastSandwichBox,,Vanilla Foods Expanded,B42,15,,Recipe
ScoopIceCream,,Vanilla Foods Expanded,B42,30,,Recipe
SliceFrozenPie,,Vanilla Foods Expanded,B42,40,SliceFood_Surface,Recipe
OpenPackSausages,,Vanilla Foods Expanded,B42,20,,Recipe
OpenPackMeatballs,,Vanilla Foods Expanded,B42,20,,Recipe
SlicePotato,,Vanilla Foods Expanded,B42,50,SliceFood_Surface,Recipe
PrepareMashedPotato,,Vanilla Foods Expanded,B42,100,,Recipe
OpenCandyBag,,Vanilla Foods Expanded,B42,30,,Recipe
MakePancakes,,Vanilla Foods Expanded,B42,60,,Recipe
MakeWaffles,,Vanilla Foods Expanded,B42,60,,Recipe
MakeGravy,,Vanilla Foods Expanded,B42,60,,Recipe
MakeBagels,,Vanilla Foods Expanded,B42,60,,Recipe
MakePoppyBagels,,Vanilla Foods Expanded,B42,60,,Recipe
MakeSesameBagels,,Vanilla Foods Expanded,B42,60,,Recipe
MakeCornbread,,Vanilla Foods Expanded,B42,60,,Recipe
MakeCroissants,,Vanilla Foods Expanded,B42,60,,Recipe
MakeTortillas,,Vanilla Foods Expanded,B42,50,,Recipe
MakeDoughnuts,,Vanilla Foods Expanded,B42,60,,Recipe
MakeChocolateDoughnuts,,Vanilla Foods Expanded,B42,60,,Recipe
MakeFrostedDoughnuts,,Vanilla Foods Expanded,B42,30,,Recipe
MakeFriedOysters,,Vanilla Foods Expanded,B42,60,,Recipe
MakeFriedFish,,Vanilla Foods Expanded,B42,60,,Recipe
MakeFriedTofu,,Vanilla Foods Expanded,B42,60,,Recipe
MakeMeatDumplings,,Vanilla Foods Expanded,B42,60,,Recipe
MakeShrimpDumplings,,Vanilla Foods Expanded,B42,60,,Recipe
MakePotatoPancakes,,Vanilla Foods Expanded,B42,60,,Recipe
Make2Bowls,,Vanilla Foods Expanded,B42,80,,Recipe
Make4Bowls,,Vanilla Foods Expanded,B42,80,,Recipe
Make2Plates,,Vanilla Foods Expanded,B42,80,,Recipe
Make4Plates,,Vanilla Foods Expanded,B42,80,,Recipe
MakeLemonadePitcher,,Vanilla Foods Expanded,B42,30,,Recipe
MakePinkLemonadePitcher,,Vanilla Foods Expanded,B42,30,,Recipe
MakeFruitPunchPitcher,,Vanilla Foods Expanded,B42,30,,Recipe
MakeCherryDrinkPitcher,,Vanilla Foods Expanded,B42,30,,Recipe
MakeGrapeDrinkPitcher,,Vanilla Foods Expanded,B42,30,,Recipe
MakeSweetTeaPitcher,,Vanilla Foods Expanded,B42,30,,Recipe
TakeTeaBagFromBox,,Vanilla Foods Expanded,B42,10,,Recipe
MakeVanillaProteinShake,,Vanilla Foods Expanded,B42,30,,Recipe
MakeChocolateProteinShake,,Vanilla Foods Expanded,B42,30,,Recipe
MakeStrawberryProteinShake,,Vanilla Foods Expanded,B42,30,,Recipe
MakeBananaProteinShake,,Vanilla Foods Expanded,B42,30,,Recipe
OpenBottleOfWine,,Vanilla Foods Expanded,B42,30,UncorkBottle,Recipe
OpenBottleOfBeer,,Vanilla Foods Expanded,B42,15,OpenBeerBottle,Recipe
PrepareShephardsPie,,Vanilla Foods Expanded,B42,200,,Recipe
PrepareTunaCasserole,,Vanilla Foods Expanded,B42,200,,Recipe
PrepareBakedZiti,,Vanilla Foods Expanded,B42,200,,Recipe
PrepareStuffedBellPeppers,,Vanilla Foods Expanded,B42,200,,Recipe
GetStuffedBellPeppers,,Vanilla Foods Expanded,B42,20,,Recipe
PrepareChickenPotPie,,Vanilla Foods Expanded,B42,200,,Recipe
PrepareMoussaka,,Vanilla Foods Expanded,B42,200,,Recipe
PrepareChickenDivan,,Vanilla Foods Expanded,B42,200,,Recipe
PrepareSalisburySteak,,Vanilla Foods Expanded,B42,200,,Recipe
PrepareFishandChips,,Vanilla Foods Expanded,B42,50,,Recipe
PrepareBangersandMash,,Vanilla Foods Expanded,B42,50,,Recipe
PrepareFullEnglishBreakfast,,Vanilla Foods Expanded,B42,50,,Recipe
PrepareHalfEnglishBreakfast,,Vanilla Foods Expanded,B42,50,,Recipe
PrepareScotchEgg,,Vanilla Foods Expanded,B42,100,,Recipe
PrepareSausageAndAppleFry,,Vanilla Foods Expanded,B42,200,,Recipe
PrepareBeansOnToast,,Vanilla Foods Expanded,B42,100,,Recipe
PrepareButterChicken,,Vanilla Foods Expanded,B42,200,,Recipe
PrepareThaiGreenCurry,,Vanilla Foods Expanded,B42,200,,Recipe
PrepareMassamanCurry,,Vanilla Foods Expanded,B42,200,,Recipe
PrepareChanaMasala,,Vanilla Foods Expanded,B42,200,,Recipe
PrepareSweetPotatoChickpeaCurry,,Vanilla Foods Expanded,B42,200,,Recipe
PrepareTofuCurry,,Vanilla Foods Expanded,B42,200,,Recipe
PrepareLasagna,,Vanilla Foods Expanded,B42,80,,Recipe
PrepareMeatloaf,,Vanilla Foods Expanded,B42,80,,Recipe
PrepareBakedPotato,,Vanilla Foods Expanded,B42,80,,Recipe
PrepareScallopedPotatoBake,,Vanilla Foods Expanded,B42,80,,Recipe
PrepareQuiche,,Vanilla Foods Expanded,B42,80,,Recipe
PrepareNachos,,Vanilla Foods Expanded,B42,80,,Recipe
PrepareEnchilada,,Vanilla Foods Expanded,B42,80,,Recipe
PrepareCheesecake,,Vanilla Foods Expanded,B42,80,,Recipe
PrepareMilkshakeVanilla,,Vanilla Foods Expanded,B42,80,,Recipe
PrepareMilkshakeChocolate,,Vanilla Foods Expanded,B42,80,,Recipe
PrepareMilkshakeChocolateChip,,Vanilla Foods Expanded,B42,80,,Recipe
PrepareMilkshakeStrawberry,,Vanilla Foods Expanded,B42,80,,Recipe
PrepareMilkshakeNeapolitan,,Vanilla Foods Expanded,B42,80,,Recipe
PrepareMilkshakeButterPecan,,Vanilla Foods Expanded,B42,80,,Recipe
PrepareMilkshakeMintChocolateChip,,Vanilla Foods Expanded,B42,80,,Recipe
PrepareMilkshakeCookiesAndCream,,Vanilla Foods Expanded,B42,80,,Recipe
PrepareMilkshakeRockyRoad,,Vanilla Foods Expanded,B42,80,,Recipe
PrepareMilkshakePistachio,,Vanilla Foods Expanded,B42,80,,Recipe
PrepareSushi,,Vanilla Foods Expanded,B42,80,,Recipe
PrepareFriedRice,,Vanilla Foods Expanded,B42,80,,Recipe
GetBakedPotato,,Vanilla Foods Expanded,B42,20,,Recipe
SliceCheesecake,,Vanilla Foods Expanded,B42,20,SliceFood_Surface,Recipe
MakeSpiceRackSmallLight,,Vanilla Foods Expanded,B42,60,MakingHammer_Surface,Recipe
MakeSpiceRackSmallDark,,Vanilla Foods Expanded,B42,60,MakingHammer_Surface,Recipe
MakeSpiceRackLargeLight,,Vanilla Foods Expanded,B42,60,MakingHammer_Surface,Recipe
MakeSpiceRackLargeDark,,Vanilla Foods Expanded,B42,60,MakingHammer_Surface,Recipe
VFX_MakeSmallGlassJar,,Vanilla Foods Expanded,B42,100,Craft_Glassmaking,Recipe
VFX_MakeBeerBottle,,Vanilla Foods Expanded,B42,120,Craft_Glassmaking,Recipe
VFX_MakeWineBottle,,Vanilla Foods Expanded,B42,120,Craft_Glassmaking,Recipe
VFX_MakeJamJar,,Vanilla Foods Expanded,B42,120,Craft_Glassmaking,Recipe
VFX_MakeJarWithLid,,Vanilla Foods Expanded,B42,10,,Recipe
VFX_SeperateJarWithLid,,Vanilla Foods Expanded,B42,10,,Recipe
VFX_MakeSmallJarWithLid,,Vanilla Foods Expanded,B42,10,,Recipe
VFX_SeperateSmallJarWithLid,,Vanilla Foods Expanded,B42,10,,Recipe
VFX_MakeBottleCaps,,Vanilla Foods Expanded,B42,250,SawSmallItemMetal,Recipe
VFX_MakeWineCorks,,Vanilla Foods Expanded,B42,200,SharpenStakeWood,Recipe
VFX_WeldingMakeMetalFoodContainer,,Vanilla Foods Expanded,B42,150,Welding,Recipe
VFX_MakeWoodenCheeseMold,,Vanilla Foods Expanded,B42,150,Making,Recipe
VFX_MakeHeavyCream,,Vanilla Foods Expanded,B42,240,MixingBowl,Recipe
VFX_MakeSourCream,,Vanilla Foods Expanded,B42,120,MixingBowl,Recipe
VFX_MakeEvaporatedMilkPreparation,,Vanilla Foods Expanded,B42,15,,Recipe
VFX_GetEvaporatedMilk,,Vanilla Foods Expanded,B42,15,,Recipe
VFX_MakeCulturedButtermilk,,Vanilla Foods Expanded,B42,60,MixingBowl,Recipe
VFX_MakeYogurtPreparation,,Vanilla Foods Expanded,B42,15,,Recipe
VFX_MakeYogurt,,Vanilla Foods Expanded,B42,60,,Recipe
VFX_MakeGreekYogurt,,Vanilla Foods Expanded,B42,60,MixingBowl,Recipe
VFX_MakeIceCream,,Vanilla Foods Expanded,B42,180,MixingBowl,Recipe
VFX_CutCheeseWheeel,,Vanilla Foods Expanded,B42,30,SliceFood_Surface,Recipe
VFX_MakeCottageCheesePreparation,,Vanilla Foods Expanded,B42,30,,Recipe
VFX_StrainCottageCheese,,Vanilla Foods Expanded,B42,60,,Recipe
VFX_MakeCreamCheese,,Vanilla Foods Expanded,B42,30,,Recipe
VFX_MakeFrenchCheeseCurds,,Vanilla Foods Expanded,B42,30,,Recipe
VFX_PressBrieCheese,,Vanilla Foods Expanded,B42,120,MixingBowl,Recipe
VFX_PressCamembertCheese,,Vanilla Foods Expanded,B42,120,MixingBowl,Recipe
VFX_PressMozzarellaCheeseCurds,,Vanilla Foods Expanded,B42,60,MixingBowl,Recipe
VFX_StretchMozzarella,,Vanilla Foods Expanded,B42,30,MixingBowl,Recipe
VFX_MakeSwissCheeseCurds,,Vanilla Foods Expanded,B42,45,,Recipe
VFX_PressSwissCheese,,Vanilla Foods Expanded,B42,180,MixingBowl,Recipe
VFX_MakeParmesanCheeseCurds,,Vanilla Foods Expanded,B42,60,,Recipe
VFX_PressParmesanCheese,,Vanilla Foods Expanded,B42,240,MixingBowl,Recipe
VFX_MakeFetaCurds,,Vanilla Foods Expanded,B42,45,,Recipe
VFX_PressFetaCheese,,Vanilla Foods Expanded,B42,180,MixingBowl,Recipe
VFX_MakeBlueCheeseCurds,,Vanilla Foods Expanded,B42,45,,Recipe
VFX_PressBlueCheese,,Vanilla Foods Expanded,B42,180,MixingBowl,Recipe
VFX_MakeCheddarCheeseCurds,,Vanilla Foods Expanded,B42,60,,Recipe
VFX_PressCheddarCheese,,Vanilla Foods Expanded,B42,240,MixingBowl,Recipe
VFX_MakeBeerBreadToast,,Vanilla Foods Expanded,B42,20,Making,Recipe
VFX_MakeMilkBreadToast,,Vanilla Foods Expanded,B42,20,Making,Recipe
VFX_MakeBriocheToast,,Vanilla Foods Expanded,B42,20,Making,Recipe
VFX_MakeFocacciaBreadToast,,Vanilla Foods Expanded,B42,20,Making,Recipe
VFX_MakeBarleyBreadToast,,Vanilla Foods Expanded,B42,20,Making,Recipe
VFX_MakeBarleySourdoughToast,,Vanilla Foods Expanded,B42,20,Making,Recipe
VFX_MakeRyeBreadToast,,Vanilla Foods Expanded,B42,20,Making,Recipe
VFX_MakeRyeSourdoughToast,,Vanilla Foods Expanded,B42,20,Making,Recipe
VFX_MakePumpernickelToast,,Vanilla Foods Expanded,B42,20,Making,Recipe
VFX_PrepareSlowCookedBoneBroth,,Vanilla Foods Expanded,B42,50,,Recipe
VFX_MakeSourdoughHotDog,,Vanilla Foods Expanded,B42,15,,Recipe
VFX_MakeSausageHotdog,,Vanilla Foods Expanded,B42,15,,Recipe
VFX_MakeSourdoughSausageHotdog,,Vanilla Foods Expanded,B42,15,,Recipe
VFX_MakeSandwich,,Vanilla Foods Expanded,B42,40,,Recipe
VFX_MakeWaffles,,Vanilla Foods Expanded,B42,60,,Recipe
VFX_MakeBagelDough,,Vanilla Foods Expanded,B42,60,,Recipe
VFX_MakeBagels,,Vanilla Foods Expanded,B42,60,,Recipe
VFX_MakeCornbread,,Vanilla Foods Expanded,B42,60,,Recipe
VFX_MakeCroissantDough,,Vanilla Foods Expanded,B42,60,,Recipe
VFX_MakeCroissants,,Vanilla Foods Expanded,B42,60,,Recipe
VFX_MakeTortillas,,Vanilla Foods Expanded,B42,50,,Recipe
VFX_MakeDoughnutDough,,Vanilla Foods Expanded,B42,60,,Recipe
VFX_MakeChocolateDoughnut,,Vanilla Foods Expanded,B42,60,,Recipe
VFX_MakeSourdoughStarter,,Vanilla Foods Expanded,B42,30,,Recipe
VFX_FeedSourdoughStarter,,Vanilla Foods Expanded,B42,30,,Recipe
VFX_MakeSourdough,,Vanilla Foods Expanded,B42,50,,Recipe
VFX_MakeSourdoughBaguette,,Vanilla Foods Expanded,B42,50,,Recipe
VFX_MakeSourdoughHamburgerBuns,,Vanilla Foods Expanded,B42,50,,Recipe
VFX_MakeSourdoughHotdogBuns,,Vanilla Foods Expanded,B42,50,,Recipe
VFX_MakeSourdoughBreadsticks,,Vanilla Foods Expanded,B42,50,,Recipe
VFX_MakeHamburgerBuns,,Vanilla Foods Expanded,B42,50,,Recipe
VFX_MakeHotdogBuns,,Vanilla Foods Expanded,B42,50,,Recipe
VFX_MakeBrioche,,Vanilla Foods Expanded,B42,50,,Recipe
VFX_MakeBeerBread,,Vanilla Foods Expanded,B42,50,,Recipe
VFX_MakeMilkBread,,Vanilla Foods Expanded,B42,50,,Recipe
VFX_MakeFrybread,,Vanilla Foods Expanded,B42,50,,Recipe
VFX_MakeEnglishMuffins,,Vanilla Foods Expanded,B42,50,,Recipe
VFX_MakePitaBread,,Vanilla Foods Expanded,B42,50,,Recipe
VFX_MakeFocaccia,,Vanilla Foods Expanded,B42,50,,Recipe
VFX_MakeNaanBread,,Vanilla Foods Expanded,B42,50,,Recipe
VFX_MakeCrumpets,,Vanilla Foods Expanded,B42,50,,Recipe
VFX_MakeBreadsticks,,Vanilla Foods Expanded,B42,50,,Recipe
VFX_MakePretzels,,Vanilla Foods Expanded,B42,50,,Recipe
VFX_MakeRyeBread,,Vanilla Foods Expanded,B42,50,,Recipe
VFX_MakeRyeSourdough,,Vanilla Foods Expanded,B42,50,,Recipe
VFX_MakePumpernickel,,Vanilla Foods Expanded,B42,50,,Recipe
VFX_MakeBarleyBread,,Vanilla Foods Expanded,B42,50,,Recipe
VFX_MakeBarleySourdough,,Vanilla Foods Expanded,B42,50,,Recipe
VFX_MakeFlatbread,,Vanilla Foods Expanded,B42,50,,Recipe
VFX_MakeSoupDumplings,,Vanilla Foods Expanded,B42,50,,Recipe
VFX_MakeScones,,Vanilla Foods Expanded,B42,50,,Recipe
VFX_MakePizzaDough,,Vanilla Foods Expanded,B42,100,,Recipe
VFX_MakeSourdoughPizzaDough,,Vanilla Foods Expanded,B42,100,,Recipe
VFX_MakeFlatbreadPizzaDough,,Vanilla Foods Expanded,B42,50,,Recipe
VFX_MakeHomemadePasta,,Vanilla Foods Expanded,B42,50,,Recipe
VFX_MakeHomemadeGnocchi,,Vanilla Foods Expanded,B42,50,,Recipe
VFX_MillRyeFlour,,Vanilla Foods Expanded,B42,100,UseStoneQuern,Recipe
VFX_GrindRyeFlour,,Vanilla Foods Expanded,B42,300,UseStoneQuern,Recipe
VFX_MillBarleyFlour,,Vanilla Foods Expanded,B42,100,UseStoneQuern,Recipe
VFX_GrindBarleyFlour,,Vanilla Foods Expanded,B42,300,UseStoneQuern,Recipe
VFX_GrindOatFlour,,Vanilla Foods Expanded,B42,300,UseStoneQuern,Recipe
VFX_GrindAcornFlour,,Vanilla Foods Expanded,B42,300,UseStoneQuern,Recipe
VFX_GrindFlourMortarPestle,,Vanilla Foods Expanded,B42,600,,Recipe
VFX_GrindAcornFlourMortarPestle,,Vanilla Foods Expanded,B42,600,,Recipe
MakeSugarBeetPulpPot,,Vanilla Foods Expanded,B42,60,SliceFood_Surface,Recipe
GetSugarBeetSugar,,Vanilla Foods Expanded,B42,30,Making,Recipe
GetSugarBeetMolasses,,Vanilla Foods Expanded,B42,20,Making,Recipe
VFX_PrepareHomemadeJam,,Vanilla Foods Expanded,B42,50,,Recipe
VFX_PrepareHomemadeButter,,Vanilla Foods Expanded,B42,50,,Recipe
VFX_PreparePowderedSugar,,Vanilla Foods Expanded,B42,150,,Recipe
VFX_PrepareBrownSugar,,Vanilla Foods Expanded,B42,50,,Recipe
VFX_MakeBreadcrumbs,,Vanilla Foods Expanded,B42,60,SliceFood_Surface,Recipe
VFX_MakeBreadcrumbsCooked,,Vanilla Foods Expanded,B42,60,SliceFood_Surface,Recipe
VFX_MakeTomatoPulp,,Vanilla Foods Expanded,B42,60,,Recipe
VFX_GetTomatoPaste,,Vanilla Foods Expanded,B42,15,,Recipe
VFX_PrepareHomemadeSauceTomato,,Vanilla Foods Expanded,B42,50,,Recipe
VFX_PrepareHomemadeSauceOil,,Vanilla Foods Expanded,B42,50,,Recipe
VFX_PrepareHomemadeSauceCream,,Vanilla Foods Expanded,B42,50,,Recipe
VFX_PrepareHomemadeSauceStock,,Vanilla Foods Expanded,B42,50,,Recipe
VFX_PrepareHomemadeSauceVinegar,,Vanilla Foods Expanded,B42,50,,Recipe
VFX_MakePizza,,Vanilla Foods Expanded,B42,100,,Recipe
VFX_MakeFriedFood,,Vanilla Foods Expanded,B42,60,,Recipe
VFX_MakeDumplingWrappers,,Vanilla Foods Expanded,B42,60,,Recipe
VFX_MakeMeatDumplings,,Vanilla Foods Expanded,B42,60,,Recipe
VFX_MakeShrimpDumplings,,Vanilla Foods Expanded,B42,60,,Recipe
VFX_MakePotatoPancakes,,Vanilla Foods Expanded,B42,60,,Recipe
VFX_MakeGravyStock,,Vanilla Foods Expanded,B42,60,,Recipe
VFX_MakeVinegarStarterBeer,,Vanilla Foods Expanded,B42,30,,Recipe
VFX_MakeVinegarStarterWine,,Vanilla Foods Expanded,B42,30,,Recipe
VFX_MakeVinegarStarterSpirits,,Vanilla Foods Expanded,B42,30,,Recipe
VFX_MakeVinegarPreparation,,Vanilla Foods Expanded,B42,30,,Recipe
VFX_MakeVinegarYeast,,Vanilla Foods Expanded,B42,30,,Recipe
VFX_MakeVinegarAlcohol,,Vanilla Foods Expanded,B42,30,,Recipe
VFX_MakePotMash,,Vanilla Foods Expanded,B42,50,,Recipe
VFX_MakeJarBeerPreparation,,Vanilla Foods Expanded,B42,50,,Recipe
VFX_MakeHomemadeBeer,,Vanilla Foods Expanded,B42,50,,Recipe
VFX_SealHomemadeBeer,,Vanilla Foods Expanded,B42,50,,Recipe
VFX_MakeJarWinePreparation,,Vanilla Foods Expanded,B42,50,,Recipe
VFX_SealHomemadeWine,,Vanilla Foods Expanded,B42,50,,Recipe
VFX_MakeYeastStarter,,Vanilla Foods Expanded,B42,50,,Recipe
VFX_FeedYeastStarter,,Vanilla Foods Expanded,B42,50,,Recipe
VFX_PrepareMinceMeat,,Vanilla Foods Expanded,B42,300,SliceFood_Surface,Recipe
VFX_PreparePatty,,Vanilla Foods Expanded,B42,30,SliceFood_Surface,Recipe
VFX_PrepareMeatball,,Vanilla Foods Expanded,B42,6,SliceFood_Surface,Recipe
VFX_SplitChickenLeg,,Vanilla Foods Expanded,B42,15,SliceFood_Surface,Recipe
VFX_PreparePacketPastaCopper,,Vanilla Foods Expanded,B42,50,,Recipe
VFX_PreparePacketRiceCopper,,Vanilla Foods Expanded,B42,50,,Recipe
VFX_PrepareFreshPastaSaucepanCopper,,Vanilla Foods Expanded,B42,50,,Recipe
VFX_PrepareFreshPastaPotForged,,Vanilla Foods Expanded,B42,50,,Recipe
VFX_PreparePastaSaucepan,,Vanilla Foods Expanded,B42,50,,Recipe
VFX_PreparePastaSaucepanCopper,,Vanilla Foods Expanded,B42,50,,Recipe
VFX_PreparePastaPot,,Vanilla Foods Expanded,B42,50,,Recipe
VFX_PreparePastaPotForged,,Vanilla Foods Expanded,B42,50,,Recipe
VFX_PrepareRiceSaucepan,,Vanilla Foods Expanded,B42,50,,Recipe
VFX_PrepareRiceSaucepanCopper,,Vanilla Foods Expanded,B42,50,,Recipe
VFX_PrepareRicePot,,Vanilla Foods Expanded,B42,50,,Recipe
VFX_PrepareRicePotForged,,Vanilla Foods Expanded,B42,50,,Recipe
VFX_UnpackStarterBox,,Vanilla Foods Expanded,B42,15,UnPackBox,Recipe
VFX_UnpackStarterBoxVariety,,Vanilla Foods Expanded,B42,15,UnPackBox,Recipe
VFX_UnpackCheeseKit,,Vanilla Foods Expanded,B42,15,UnPackBox,Recipe
VFX_UnpackCheeseKitItalian,,Vanilla Foods Expanded,B42,15,UnPackBox,Recipe
VFX_UnpackCheeseKitBlue,,Vanilla Foods Expanded,B42,15,UnPackBox,Recipe
VFX_UnpackCheeseKitMaster,,Vanilla Foods Expanded,B42,15,UnPackBox,Recipe
VFX_MakeCannedBowl,,Vanilla Foods Expanded,B42,80,,Recipe
VFX_MakeFoodContainer,,Vanilla Foods Expanded,B42,10,,Recipe
VFX_MakeMetalFoodContainer,,Vanilla Foods Expanded,B42,10,,Recipe
GetAZomboxolone,,TheyKnew [B42],B42,15,Making,Recipe
GetAZomboxycycline,,TheyKnew [B42],B42,15,Making,Recipe
AssembleLegendarySatchel_Grey,,LegendarySatchel,B42,1200,SewingCloth,Recipe
AssembleLegendarySatchel_Green,,LegendarySatchel,B42,1200,SewingCloth,Recipe
AssembleLegendarySatchel_Brown,,LegendarySatchel,B42,1200,SewingCloth,Recipe
AssembleLegendarySatchel_Black,,LegendarySatchel,B42,1200,SewingCloth,Recipe
AssembleLegendarySatchel_Pink,,LegendarySatchel,B42,1200,SewingCloth,Recipe
AssembleLegendarySatchel_Orange,,LegendarySatchel,B42,1200,SewingCloth,Recipe
AssembleLegendarySatchel_Purple,,LegendarySatchel,B42,1200,SewingCloth,Recipe
AssembleLegendarySatchel_Blue,,LegendarySatchel,B42,1200,SewingCloth,Recipe
AssembleLegendarySatchel_Red,,LegendarySatchel,B42,1200,SewingCloth,Recipe
AssembleLegendarySatchel_White,,LegendarySatchel,B42,1200,SewingCloth,Recipe
AssembleLegendarySatchel_Yellow,,LegendarySatchel,B42,1200,SewingCloth,Recipe
CraftFlashlightBelt9tz,,HangLight,B41,30.0,,Recipe
CraftHandTorchBelt9tz,,HangLight,B41,30.0,,Recipe
CraftFlashlight9tz,,HangLight,B41,30.0,,Recipe
CraftHandTorch9tz,,HangLight,B41,30.0,,Recipe
OpenSparklersBox,,BravensThrowables,B41,510.0,,Recipe
OpenSpiffoBox,,Spiffomon42,B42,15,OpenAmmoBox,Recipe
RepairSpiffo,,Spiffomon42,B42,30,Sew,Recipe
85pontiacParisienneMakeHood,,85pontiacParisienne,B42,200,Welding,Recipe
85pontiacParisienneMakeTrunkLid,,85pontiacParisienne,B42,200,Welding,Recipe
85pontiacParisienneMakeFrontSeat,,85pontiacParisienne,B42,200,Making,Recipe
85pontiacParisienneMakeRearSeat,,85pontiacParisienne,B42,200,Making,Recipe
85pontiacParisienneMakeFrontBumper,,85pontiacParisienne,B42,200,Welding,Recipe
85pontiacParisienneMakeReinforcedFrontBumper,,85pontiacParisienne,B42,200,Making,Recipe
85pontiacParisienneMakeRearBumper,,85pontiacParisienne,B42,200,Welding,Recipe
93fordCF8000MakeTire,,93fordElgin,B42,200,Making,Recipe
93fordCF8000MakeDoubleTires,,93fordElgin,B42,250,Making,Recipe
93fordCF8000DismantleDoubleTires,,93fordElgin,B42,250,Making,Recipe
93fordCF8000MakeHood,,93fordElgin,B42,200,Welding,Recipe
93fordCF8000MakeFrontDoor,,93fordElgin,B42,200,Welding,Recipe
93fordCF8000MakeFrontSeat,,93fordElgin,B42,200,Making,Recipe
93fordCF8000MakeFrontWindshield,,93fordElgin,B42,200,Making,Recipe
93fordCF8000MakeFrontSideWindow,,93fordElgin,B42,200,Making,Recipe
93fordCF8000MakeRearWindshield,,93fordElgin,B42,200,Making,Recipe
93fordCF8000MakeMuffler,,93fordElgin,B42,200,Welding,Recipe
93fordCF8000MakeSweepingBrushes,,93fordElgin,B42,200,Welding,Recipe
93fordCF8000MakeFrontWindshieldArmor,,93fordElgin,B42,200,Welding,Recipe
93fordCF8000MakeFrontWindowArmor,,93fordElgin,B42,200,Welding,Recipe
93fordCF8000MakeRearWindshieldArmor,,93fordElgin,B42,200,Welding,Recipe
93fordCF8000MakeReinforcedFrontBumper,,93fordElgin,B42,200,Welding,Recipe
88ChevyS10MakeHood,,88chevyS10,B42,200,Welding,Recipe
88ChevyS10MakeFrontDoor,,88chevyS10,B42,200,Welding,Recipe
88ChevyS10MakeTrunkLid,,88chevyS10,B42,200,Welding,Recipe
88ChevyS10MakeTopTrunkLid,,88chevyS10,B42,200,Welding,Recipe
88ChevyS10MakeFrontWindshield,,88chevyS10,B42,200,Making,Recipe
88ChevyS10MakeFrontSideWindow,,88chevyS10,B42,200,Making,Recipe
88ChevyS10MakeRearWindshield,,88chevyS10,B42,200,Making,Recipe
88ChevyS10MakeFrontBumper,,88chevyS10,B42,200,Welding,Recipe
88ChevyS10MakeRearBumper,,88chevyS10,B42,200,Welding,Recipe
88ChevyS10MakeReinforcedFrontBumper,,88chevyS10,B42,200,Welding,Recipe
88ChevyS10MakeBedCap,,88chevyS10,B42,200,Welding,Recipe
制作土豆泥,,comprehensive,B41,150.0,,Recipe
制作工程大锤,,comprehensive,B41,300.0,,Recipe
制作伐木斧,,comprehensive,B41,300.0,,Recipe
制作单手斧,,comprehensive,B41,300.0,,Recipe
制作劣质棒球棒,,comprehensive,B41,150.0,,Recipe
制作烤盘,,comprehensive,B41,220.0,,Recipe
拆解弹夹,,comprehensive,B41,40.0,,Recipe
拆解大弹夹,,comprehensive,B41,40.0,,Recipe
树枝换松果,,comprehensive,B41,50.0,,Recipe
MakeEnginePart,,DIY_VehicleParts!,B41,50.0,,Recipe
86fordE150MakeTire,,86fordE150,B42,200,Making,Recipe
86fordE150MakeHood,,86fordE150,B42,200,Welding,Recipe
86fordE150MakeFrontDoor,,86fordE150,B42,200,Welding,Recipe
86fordE150MakeRearDoor,,86fordE150,B42,200,Welding,Recipe
86fordE150MakeRearDoorWin,,86fordE150,B42,200,Welding,Recipe
86fordE150MakeTrunkLid,,86fordE150,B42,200,Welding,Recipe
86fordE150MakeFrontSeat,,86fordE150,B42,200,Making,Recipe
86fordE150MakeFrontWindshield,,86fordE150,B42,200,Making,Recipe
86fordE150MakeFrontSideWindow,,86fordE150,B42,200,Making,Recipe
86fordE150MakeRearSideWindow,,86fordE150,B42,200,Making,Recipe
86fordE150MakeRearWindshield,,86fordE150,B42,200,Making,Recipe
86fordE150MakeFrontWindshieldArmor,,86fordE150,B42,200,Welding,Recipe
86fordE150MakeFrontWindowArmor,,86fordE150,B42,200,Welding,Recipe
86fordE150MakeRearWindowArmor,,86fordE150,B42,200,Welding,Recipe
86fordE150MakeRearWindshieldArmor,,86fordE150,B42,200,Welding,Recipe
86fordE150MakeFrontBumper,,86fordE150,B42,200,Welding,Recipe
86fordE150MakeFrontBullbar,,86fordE150,B42,200,Welding,Recipe
86fordE150MakeReinforcedFrontBumper,,86fordE150,B42,200,Making,Recipe
86fordE150MakeRearBumper,,86fordE150,B42,200,Welding,Recipe
86fordE150MakeRoofrack,,86fordE150,B42,200,Welding,Recipe
vacsOpenPackOfSoda,,vacs_drinks,B42,40,Making,Recipe
vacsPackSoda,,vacs_drinks,B42,40,PackingBox,Recipe
vacsOpenCanOfBeverage,,vacs_drinks,B42,10,OpenPopCan,Recipe
vacsMakeCanPipe,,vacs_drinks,B42,60,Making,Recipe
MakeImprovisedFlashlightSilencer,,FirearmsBETA,B42,200,Making,Recipe
MakeImprovisedBottleSilencer,,FirearmsBETA,B42,200,Making,Recipe
ToggleStock,,FirearmsBETA,B42,3,,Recipe
firearmsSawOffRifle,,FirearmsBETA,B42,200,SawOffShotgun,Recipe
firearmsSawOffShotgun,,FirearmsBETA,B42,200,SawOffShotgun,Recipe
RepairFirearm,,FirearmsBETA,B42,180,CraftWeapon1H,Recipe
RepairFirearmImprovised,,FirearmsBETA,B42,180,CraftWeapon1H,Recipe
ConvertAmmo,,FirearmsBETA,B42,1,,Recipe
firearmsOpenBoxOfBullets50,,FirearmsBETA,B42,15,OpenAmmoBox,Recipe
firearmsOpenBoxOfBullets20,,FirearmsBETA,B42,15,OpenAmmoBox,Recipe
firearmsPlaceAmmoInBox,,FirearmsBETA,B42,15,PlaceAmmoInBox,Recipe
firearmsOpenCartonOfBullets,,FirearmsBETA,B42,50,UnPackBox,Recipe
firearmsPlaceBoxesOfAmmoInCarton,,FirearmsBETA,B42,50,OpenAmmoBox,Recipe
PutGripOnRIS,,Firearms,B42,5,Making,Recipe
RemoveGripRISAdapter,,Firearms,B42,5,Making,Recipe
ExtendStock,,Firearms,B42,15,,Recipe
DetractStock,,Firearms,B42,15,,Recipe
Place223AmmoInBox,,Firearms,B42,15,PlaceAmmoInBox,Recipe
Place308AmmoInBox,,Firearms,B42,15,PlaceAmmoInBox,Recipe
Place762x51AmmoInBox,,Firearms,B42,15,PlaceAmmoInBox,Recipe
Place762x39AmmoInBox,,Firearms,B42,15,PlaceAmmoInBox,Recipe
Place10mmBulletsInBox,,Firearms,B42,15,PlaceAmmoInBox,Recipe
PlaceBullets22InBox,,Firearms,B42,15,PlaceAmmoInBox,Recipe
Place45AutoBulletsInBox,,Firearms,B42,15,PlaceAmmoInBox,Recipe
Place38SpecialBulletsInBox,,Firearms,B42,15,PlaceAmmoInBox,Recipe
Place357BulletsInBox,,Firearms,B42,15,PlaceAmmoInBox,Recipe
Place4440BulletsInBox,,Firearms,B42,15,PlaceAmmoInBox,Recipe
Place3006BulletsInBox,,Firearms,B42,15,PlaceAmmoInBox,Recipe
OpenCartonOfBullets_Firearms,,Firearms,B42,50,OpenAmmoBox,Recipe
PlaceBoxesOfBullets10mmAmmoInCarton,,Firearms,B42,50,Making,Recipe
PlaceBoxesOfBullets4440AmmoInCarton,,Firearms,B42,50,Making,Recipe
PlaceBoxesOfBullets357AmmoInCarton,,Firearms,B42,50,Making,Recipe
PlaceBoxesOf762x51BulletsAmmoInCarton,,Firearms,B42,50,Making,Recipe
PlaceBoxesOf762x39BulletsAmmoInCarton,,Firearms,B42,50,Making,Recipe
PlaceBoxesOfBullets22AmmoInCarton,,Firearms,B42,50,Making,Recipe
PlaceBoxesOfBullets3006AmmoInCarton,,Firearms,B42,50,Making,Recipe
ISOMakeContainerDoubleDoor,,isoContainers,B42,250,Welding,Recipe
ISOMakeContainerTankerLid,,isoContainers,B42,100,Welding,Recipe
89defenderMakeTire,,89defender,B42,200,Making,Recipe
89defenderMakeDakarTire,,89defender,B42,200,Making,Recipe
89defenderWolfMakeMilitaryTire,,89defender,B42,200,Making,Recipe
89defenderMakeHood,,89defender,B42,200,Welding,Recipe
89defenderMakeFrontDoor,,89defender,B42,200,Welding,Recipe
89defenderWolfMakeFrontDoor,,89defender,B42,200,Welding,Recipe
89defenderMakeRearDoor,,89defender,B42,200,Welding,Recipe
89defenderMakeTrunkDoor,,89defender,B42,200,Welding,Recipe
89defenderMakeTrunkLid,,89defender,B42,200,Welding,Recipe
89defenderWolfMakeStorageLid,,89defender,B42,200,Welding,Recipe
89defenderMakeFrontSeat,,89defender,B42,200,Making,Recipe
89defenderMakeRearSeat,,89defender,B42,200,Making,Recipe
89defenderMakeFrontWindshield,,89defender,B42,200,Making,Recipe
89defenderMakeFrontSideWindow,,89defender,B42,200,Making,Recipe
89defenderWolfMakeFrontSideWindow,,89defender,B42,200,Making,Recipe
89defenderMakeRearSideWindow,,89defender,B42,200,Making,Recipe
89defenderMakeBackSideWindow,,89defender,B42,200,Making,Recipe
89defenderMakeRearWindshield,,89defender,B42,200,Making,Recipe
89defenderMakeRearWindshield130,,89defender,B42,200,Making,Recipe
89defenderMakeFrontWindshieldArmor,,89defender,B42,200,Welding,Recipe
89defenderMakeFrontWindowArmor,,89defender,B42,200,Welding,Recipe
89defenderMakeRearWindowArmor,,89defender,B42,200,Welding,Recipe
89defenderMakeBackWindowArmor,,89defender,B42,200,Welding,Recipe
89defenderMakeRearWindshieldArmor,,89defender,B42,200,Welding,Recipe
89defenderMakeFrontBumper,,89defender,B42,200,Welding,Recipe
89defenderMakeFrontBullbar,,89defender,B42,200,Welding,Recipe
89defenderMakeRearBumper,,89defender,B42,200,Welding,Recipe
89defenderMakeRearBumperettes,,89defender,B42,200,Welding,Recipe
89defenderWolfMakeRearBumperettes,,89defender,B42,200,Welding,Recipe
89defenderMakeRoofrack,,89defender,B42,200,Welding,Recipe
89defenderMakeRollbar,,89defender,B42,200,Welding,Recipe
89defenderMakeBedTarp,,89defender,B42,200,Making,Recipe
89defenderMakeBedCap,,89defender,B42,200,Welding,Recipe
89defenderMakeSideStepsShort,,89defender,B42,200,Welding,Recipe
89defenderMakeSideStepsLong,,89defender,B42,200,Welding,Recipe
89defenderMakeMudflaps,,89defender,B42,200,Making,Recipe
89defenderWolfMakeRollcage,,89defender,B42,200,Welding,Recipe
89defenderWolfMakeTarpRoof,,89defender,B42,200,Making,Recipe
89defenderWolfMakeHardRoof,,89defender,B42,200,Welding,Recipe
89defenderWolfMakeLightGuards,,89defender,B42,200,Welding,Recipe
CraftNotebook_Makeshift,,BurdSurvivalJournals,B42,45,Making,Recipe
CraftJournal_Bound,,BurdSurvivalJournals,B42,60,Making,Recipe
EraseFilledJournal,,BurdSurvivalJournals,B42,60,Making,Recipe
Bind_Thread_AnyCover,,BurdSurvivalJournals,B42,120,Making,Recipe
Bind_Adhesive_AnyCover,,BurdSurvivalJournals,B42,90,Making,Recipe
RestoreJournal_Thread_AnyCover,,BurdSurvivalJournals,B42,60,Making,Recipe
RestoreJournal_Adhesive_AnyCover,,BurdSurvivalJournals,B42,45,Making,Recipe
81deloreanDMC12MakeTire,,81deloreanDMC12,B42,200,Making,Recipe
81deloreanDMC12MakeHood,,81deloreanDMC12,B42,200,Welding,Recipe
81deloreanDMC12MakeFrontDoor,,81deloreanDMC12,B42,200,Welding,Recipe
81deloreanDMC12MakeTrunkLid,,81deloreanDMC12,B42,200,Welding,Recipe
81deloreanDMC12MakeFrontSeat,,81deloreanDMC12,B42,200,Making,Recipe
81deloreanDMC12MakeFrontWindshield,,81deloreanDMC12,B42,200,Making,Recipe
81deloreanDMC12MakeFrontSideWindow,,81deloreanDMC12,B42,200,Making,Recipe
81deloreanDMC12MakeRearSideWindow,,81deloreanDMC12,B42,200,Making,Recipe
81deloreanDMC12MakeRearWindshield,,81deloreanDMC12,B42,200,Making,Recipe
81deloreanDMC12MakeFrontWindshieldArmor,,81deloreanDMC12,B42,200,Welding,Recipe
81deloreanDMC12MakeFrontWindowArmor,,81deloreanDMC12,B42,200,Welding,Recipe
81deloreanDMC12MakeRearWindowArmor,,81deloreanDMC12,B42,200,Welding,Recipe
81deloreanDMC12MakeFrontBullbar,,81deloreanDMC12,B42,200,Welding,Recipe
81deloreanDMC12MakeReinforcedBumper,,81deloreanDMC12,B42,150,Making,Recipe
85chevyCapriceMakeHood,,85chevyCaprice,B42,200,Welding,Recipe
85chevyCapriceMakeTrunkLid,,85chevyCaprice,B42,200,Welding,Recipe
85chevyCapriceMakeFrontSeat,,85chevyCaprice,B42,200,Making,Recipe
85chevyCapriceMakeRearSeat,,85chevyCaprice,B42,200,Making,Recipe
85chevyCapriceMakeFrontBumper,,85chevyCaprice,B42,200,Welding,Recipe
85chevyCapriceMakeReinforcedFrontBumper,,85chevyCaprice,B42,200,Making,Recipe
85chevyCapriceMakeRearBumper,,85chevyCaprice,B42,200,Welding,Recipe
85chevyCapriceMakeSteelTire,,85chevyCaprice,B42,200,Making,Recipe
85chevyCapriceMakeFrontPushBumper,,85chevyCaprice,B42,200,Welding,Recipe
85chevyCapriceMakeRearPushBumper,,85chevyCaprice,B42,200,Welding,Recipe
87fordB700MakeTire,,87fordB700,B42,200,Making,Recipe
87fordB700MakeDoubleTires,,87fordB700,B42,250,Making,Recipe
87fordB700DismantleDoubleTires,,87fordB700,B42,250,Making,Recipe
87fordB700MakeHood,,87fordB700,B42,200,Welding,Recipe
87fordB700MakeFrontDoubleDoors,,87fordB700,B42,200,Welding,Recipe
87fordB700MakeRearDoor,,87fordB700,B42,200,Welding,Recipe
87fordF700MakeFrontDoor,,87fordB700,B42,200,Welding,Recipe
87fordF700MakeArmoredFrontDoor,,87fordB700,B42,200,Welding,Recipe
87fordF700MakeArmoredRearDoor,,87fordB700,B42,200,Welding,Recipe
87fordB700MakeStorageLid,,87fordB700,B42,200,Welding,Recipe
87fordF700MakeStorageLid,,87fordB700,B42,200,Welding,Recipe
87fordF700MakeRollDoor,,87fordB700,B42,200,Welding,Recipe
87fordF700MakeArmoredTrunkDoor,,87fordB700,B42,200,Welding,Recipe
87fordB700MakeFrontSeat,,87fordB700,B42,200,Making,Recipe
87fordF700MakeFrontSeat,,87fordB700,B42,200,Making,Recipe
87fordB700MakeStopSign,,87fordB700,B42,180,Welding,Recipe
87fordB700MakeFrontWindshield,,87fordB700,B42,200,Making,Recipe
87fordB700MakeSideWindow,,87fordB700,B42,200,Making,Recipe
87fordB700MakeSideWindows,,87fordB700,B42,25,Making,Recipe
87fordF700MakeFrontWindshield,,87fordB700,B42,200,Making,Recipe
87fordF700MakeFrontSideWindow,,87fordB700,B42,200,Making,Recipe
87fordF700MakeRearWindshield,,87fordB700,B42,200,Making,Recipe
87fordF700MakeFrontArmoredWindshield,,87fordB700,B42,200,Making,Recipe
87fordF700MakeFrontArmoredWindow,,87fordB700,B42,200,Making,Recipe
87fordF700MakeRearArmoredWindow,,87fordB700,B42,200,Making,Recipe
87fordF700MakeSmallArmoredWindow,,87fordB700,B42,200,Making,Recipe
87fordF700MakeRearArmoredWindshield,,87fordB700,B42,200,Making,Recipe
87fordB700MakeWindshieldFrontArmor,,87fordB700,B42,200,Welding,Recipe
87fordB700MakeSideArmor,,87fordB700,B42,200,Welding,Recipe
87fordB700MakeLargeSideArmor,,87fordB700,B42,25,Making,Recipe
87fordB700MakeDoubleDoorArmor,,87fordB700,B42,200,Welding,Recipe
87fordB700MakeRearArmor,,87fordB700,B42,200,Welding,Recipe
87fordF700MakeFrontWindshieldArmor,,87fordB700,B42,200,Welding,Recipe
87fordF700MakeSideWindowArmor,,87fordB700,B42,200,Welding,Recipe
87fordB700MakeFrontBumper,,87fordB700,B42,200,Welding,Recipe
87fordB700MakeReinforcedFrontBumper,,87fordB700,B42,200,Welding,Recipe
87fordB700MakeFrontBullbar,,87fordB700,B42,200,Welding,Recipe
87fordB700MakeRearBumper,,87fordB700,B42,200,Welding,Recipe
87fordF700MakeFrontBumper,,87fordB700,B42,200,Welding,Recipe
87fordF700MakeFrontBullbar,,87fordB700,B42,200,Welding,Recipe
87fordF700MakeRearBumper,,87fordB700,B42,200,Welding,Recipe
87fordF700MakeRearBumper1,,87fordB700,B42,200,Welding,Recipe
87fordB700MakeRoofrack,,87fordB700,B42,200,Welding,Recipe
87fordF700MakeSmallMudflaps,,87fordB700,B42,200,Making,Recipe
87fordF700MakeLargeMudflaps,,87fordB700,B42,200,Making,Recipe
87fordB700MakeGastank,,87fordB700,B42,200,Welding,Recipe
04vwTouranMakeTire,,04vwTouran,B42,200,Making,Recipe
04vwTouranMakeHood,,04vwTouran,B42,200,Welding,Recipe
04vwTouranMakeFrontDoor,,04vwTouran,B42,200,Welding,Recipe
04vwTouranMakeRearDoor,,04vwTouran,B42,200,Welding,Recipe
04vwTouranMakeTrunkLid,,04vwTouran,B42,200,Welding,Recipe
04vwTouranMakeFrontSeat,,04vwTouran,B42,200,Making,Recipe
04vwTouranMakeRearSeat,,04vwTouran,B42,200,Making,Recipe
04vwTouranMakeFrontWindshield,,04vwTouran,B42,200,Making,Recipe
04vwTouranMakeFrontSideWindow,,04vwTouran,B42,200,Making,Recipe
04vwTouranMakeRearSideWindow,,04vwTouran,B42,200,Making,Recipe
04vwTouranMakeBackSideWindow,,04vwTouran,B42,200,Making,Recipe
04vwTouranMakeRearWindshield,,04vwTouran,B42,200,Making,Recipe
04vwTouranMakeFrontWindshieldArmor,,04vwTouran,B42,200,Welding,Recipe
04vwTouranMakeFrontWindowArmor,,04vwTouran,B42,200,Welding,Recipe
04vwTouranMakeRearWindowArmor,,04vwTouran,B42,200,Welding,Recipe
04vwTouranMakeBackWindowArmor,,04vwTouran,B42,200,Welding,Recipe
04vwTouranMakeRearWindshieldArmor,,04vwTouran,B42,200,Welding,Recipe
04vwTouranMakeFrontBullbarA,,04vwTouran,B42,200,Welding,Recipe
04vwTouranMakeReinforcedBumper,,04vwTouran,B42,150,Making,Recipe
04vwTouranMakeModernSmallRoofrack,,04vwTouran,B42,200,Welding,Recipe
04vwTouranMakeModernLargeRoofrack,,04vwTouran,B42,220,Welding,Recipe
MakeTruckTarpBedCover,,PZKVanillaPlusCarPack,B42,180,SewingCloth,Recipe
MakeTruckSideWoodboards,,PZKVanillaPlusCarPack,B42,230,SawLogs,Recipe
DestroyTruckSideWoodboards,,PZKVanillaPlusCarPack,B42,230,Making,Recipe
SplitTruckTarpBedCover,,PZKVanillaPlusCarPack,B42,50,CutClothing,Recipe
KI5trailersUtilityMakeTrunkLid,,KI5trailers,B42,200,Welding,Recipe
KI5trailersUtilityMakeMudflaps,,KI5trailers,B42,200,Making,Recipe
KI5trailersUtilityMakeTrailerToolbox,,KI5trailers,B42,200,Welding,Recipe
KI5trailersUtilityMakeTarp,,KI5trailers,B42,200,Making,Recipe
KI5trailersCargoMakeRollDoor,,KI5trailers,B42,250,Welding,Recipe
KI5trailersCargoMakeSplitDoors,,KI5trailers,B42,250,Welding,Recipe
KI5trailersCargoDoor,,KI5trailers,B42,250,Welding,Recipe
KI5trailersCargoMakeTrailerFlaresLarge,,KI5trailers,B42,200,Welding,Recipe
KI5trailersCargoMakeTrailerFlaresMedium,,KI5trailers,B42,200,Welding,Recipe
KI5trailersCargoMakeTrailerFlaresSmall,,KI5trailers,B42,200,Welding,Recipe
KI5trailersLivestockMakeSplitDoorsRamp,,KI5trailers,B42,250,Welding,Recipe
OpenJarOfFoodTrex,,B42Makefruitinjar,B42,30,Making,Recipe
MakeJarTrex,,B42Makefruitinjar,B42,100,MixingBowl,Recipe
99fordCVPIMakeHood,,99fordCVPI,B42,200,Welding,Recipe
99fordCVPIMakeFrontDoor,,99fordCVPI,B42,200,Welding,Recipe
99fordCVPIMakeRearDoor,,99fordCVPI,B42,200,Welding,Recipe
99fordCVPIMakeTrunkLid,,99fordCVPI,B42,200,Welding,Recipe
99fordCVPIMakeFrontSeat,,99fordCVPI,B42,200,Making,Recipe
99fordCVPIMakeRearSeat,,99fordCVPI,B42,200,Making,Recipe
99fordCVPIMakeFrontWindshield,,99fordCVPI,B42,200,Making,Recipe
99fordCVPIMakeFrontSideWindow,,99fordCVPI,B42,200,Making,Recipe
99fordCVPIMakeRearSideWindow,,99fordCVPI,B42,200,Making,Recipe
99fordCVPIMakeRearWindshield,,99fordCVPI,B42,200,Making,Recipe
99fordCVPIMakePushBumper1,,99fordCVPI,B42,200,Welding,Recipe
99fordCVPICabBarrier,,99fordCVPI,B42,200,Welding,Recipe
AssembleLegendaryFannypack_Grey,,LegendaryFannypack,B42,300,SewingCloth,Recipe
AssembleLegendaryFannypack_Green,,LegendaryFannypack,B42,300,SewingCloth,Recipe
AssembleLegendaryFannypack_Brown,,LegendaryFannypack,B42,300,SewingCloth,Recipe
AssembleLegendaryFannypack_Black,,LegendaryFannypack,B42,300,SewingCloth,Recipe
AssembleLegendaryFannypack_Pink,,LegendaryFannypack,B42,300,SewingCloth,Recipe
AssembleLegendaryFannypack_Orange,,LegendaryFannypack,B42,300,SewingCloth,Recipe
AssembleLegendaryFannypack_Purple,,LegendaryFannypack,B42,300,SewingCloth,Recipe
AssembleLegendaryFannypack_Blue,,LegendaryFannypack,B42,300,SewingCloth,Recipe
AssembleLegendaryFannypack_Red,,LegendaryFannypack,B42,300,SewingCloth,Recipe
AssembleLegendaryFannypack_White,,LegendaryFannypack,B42,300,SewingCloth,Recipe
AssembleLegendaryFannypack_Yellow,,LegendaryFannypack,B42,300,SewingCloth,Recipe
BuyPFKeyRing,,[B42.13] Key Ring Plus,B42,0,,Recipe
87chevySuburbanMakeTire,,87chevySuburban,B42,200,Making,Recipe
87chevySuburbanMakeHood,,87chevySuburban,B42,200,Welding,Recipe
87chevySuburbanMakeTrunkLid,,87chevySuburban,B42,200,Welding,Recipe
87chevySuburbanMakeFrontSeat,,87chevySuburban,B42,200,Making,Recipe
87chevySuburbanMakeRearSeat,,87chevySuburban,B42,200,Making,Recipe
87chevySuburbanMakeFrontWindshieldArmor,,87chevySuburban,B42,200,Welding,Recipe
87chevySuburbanMakeFrontWindowArmor,,87chevySuburban,B42,200,Welding,Recipe
87chevySuburbanMakeRearWindowArmor,,87chevySuburban,B42,200,Welding,Recipe
87chevySuburbanMakeBackWindowArmor,,87chevySuburban,B42,200,Welding,Recipe
87chevySuburbanMakeRearWindshieldArmor,,87chevySuburban,B42,200,Welding,Recipe
87chevySuburbanMakeRoofrack,,87chevySuburban,B42,200,Welding,Recipe
87chevySuburbanMakeSideStorage,,87chevySuburban,B42,200,Welding,Recipe
andaoquan,,Raccoon's crispy noodles,B41,50.0,,Recipe
CraftChiliFlakes,,ExtendedSpices,B42,75,SliceFood_Surface,Recipe
CraftChiliPowder,,ExtendedSpices,B42,75,MixingMortarPestle,Recipe
CraftTomatoPaste,,ExtendedSpices,B42,75,UseHandPress,Recipe
CraftGarlicPowder,,ExtendedSpices,B42,125,MixingMortarPestle,Recipe
CraftOnionPowder,,ExtendedSpices,B42,125,MixingMortarPestle,Recipe
uesExtraSlot,,BetterBeltsB42,B42,10,Making,Recipe
undoExtraSlot,,BetterBeltsB42,B42,10,Making,Recipe
MakeWHITEFANG465Clip,,Nettle Township(items part),B42,100,Welding,Recipe
MakeSincerityClip,,Nettle Township(items part),B42,100,Welding,Recipe
MakeSmallMachineGunVClip,,Nettle Township(items part),B42,100,Welding,Recipe
MakeCommonSenseClip,,Nettle Township(items part),B42,100,Welding,Recipe
FRBuildSideBoard,,FRUsedCarsAnimBeta,B41,150.0,,Recipe
FRConvertM151Tires,,FRUsedCarsAnimBeta,B41,150.0,,Recipe
FRConvertHMMWVTires,,FRUsedCarsAnimBeta,B41,150.0,,Recipe
FRConvertM35Tires,,FRUsedCarsAnimBeta,B41,150.0,,Recipe
MakeBasementStarterKit,,BasementBuilder,B42,120,Making,Recipe
89BroncoMakeTrunkLid,,89fordBronco,B42,200,Welding,Recipe
89BroncoMakeRearSideWindow,,89fordBronco,B42,200,Making,Recipe
89BroncoMakeRearWindshield,,89fordBronco,B42,200,Making,Recipe
89BroncoMakeFrontBumper,,89fordBronco,B42,200,Welding,Recipe
89BroncoMakeRearBumper,,89fordBronco,B42,200,Welding,Recipe
89BroncoMakeReinforcedFrontBumper,,89fordBronco,B42,200,Welding,Recipe
89BroncoMakeBedCap,,89fordBronco,B42,200,Welding,Recipe
89BroncoMakeBedBarrier,,89fordBronco,B42,200,Welding,Recipe
84gmCbodyMakeFrontDoor,,damnlib,B42,200,Welding,Recipe
84gmCbodyMakeRearDoor,,damnlib,B42,200,Welding,Recipe
84gmCbodyMakeFrontWindshield,,damnlib,B42,200,Making,Recipe
84gmCbodyMakeFrontSideWindow,,damnlib,B42,200,Making,Recipe
84gmCbodyMakeRearSideWindow,,damnlib,B42,200,Making,Recipe
84gmCbodyMakeCoupeRearSideWindow,,damnlib,B42,200,Making,Recipe
84gmCbodyMakeRearWindshield,,damnlib,B42,200,Making,Recipe
XXfordCVPIMakeTire,,damnlib,B42,200,Making,Recipe
XXfordCVPIMakeFrontWindshieldArmor,,damnlib,B42,200,Welding,Recipe
XXfordCVPIMakeFrontWindowArmor,,damnlib,B42,200,Welding,Recipe
XXfordCVPIMakeRearWindowArmor,,damnlib,B42,200,Welding,Recipe
XXfordCVPIMakeRearWindshieldArmor,,damnlib,B42,200,Welding,Recipe
80sPickupMakeRoofrack,,damnlib,B42,200,Welding,Recipe
80sPickupMakeFrontSeat,,damnlib,B42,200,Making,Recipe
80sPickupMakeRearSeat,,damnlib,B42,200,Making,Recipe
80sPickupMakeFrontWindshieldArmor,,damnlib,B42,200,Welding,Recipe
80sPickupMakeFrontWindowArmor,,damnlib,B42,200,Welding,Recipe
80sPickupMakeRearWindowArmor,,damnlib,B42,200,Welding,Recipe
80sPickupMakeFrontBullbar,,damnlib,B42,200,Welding,Recipe
80sPickupMakeRearBullbar,,damnlib,B42,200,Welding,Recipe
80sPickupMakeRollbarA,,damnlib,B42,200,Welding,Recipe
80sPickupMakeRollbarB,,damnlib,B42,200,Welding,Recipe
chevyCUCVMakeTire1,,damnlib,B42,200,Making,Recipe
chevyCUCVMakeTire2,,damnlib,B42,200,Making,Recipe
chevyCUCVMakeDoubleTires,,damnlib,B42,250,Making,Recipe
chevyCUCVDismantleDoubleTires,,damnlib,B42,250,Making,Recipe
chevyCUCVMakeFrontBullbar,,damnlib,B42,200,Welding,Recipe
3rdGenChevyCKseriesMakeFrontDoor,,damnlib,B42,200,Welding,Recipe
3rdGenChevyCKseriesMakeRearDoor,,damnlib,B42,200,Welding,Recipe
3rdGenChevyCKseriesMakeFrontWindshield,,damnlib,B42,200,Making,Recipe
3rdGenChevyCKseriesMakeFrontSideWindow,,damnlib,B42,200,Making,Recipe
3rdGenChevyCKseriesMakeRearSideWindow,,damnlib,B42,200,Making,Recipe
3rdGenChevyCKseriesMakeBackSideWindow,,damnlib,B42,200,Making,Recipe
3rdGenChevyCKseriesMakeRearWindshield,,damnlib,B42,200,Making,Recipe
3rdGenChevyCKseriesMakeSidesteps,,damnlib,B42,200,Welding,Recipe
3rdGenChevyCKseriesMakeSunVisor,,damnlib,B42,200,Welding,Recipe
8thGenFordFseriesMakeFrontDoor,,damnlib,B42,200,Welding,Recipe
8thGenFordFseriesMakeHood,,damnlib,B42,200,Welding,Recipe
8thGenFordFseriesMakeFrontSeat,,damnlib,B42,200,Making,Recipe
8thGenFordFseriesMakeFrontWindshield,,damnlib,B42,200,Making,Recipe
8thGenFordFseriesMakeFrontSideWindow,,damnlib,B42,200,Making,Recipe
utilityBedBoxMakeRearBumper,,damnlib,B42,200,Welding,Recipe
utilityBedBoxMakeTrunkLid,,damnlib,B42,200,Welding,Recipe
utilityBedBoxStorageLids,,damnlib,B42,200,Welding,Recipe
utilityBedBoxMakeRearWindshieldArmor,,damnlib,B42,200,Welding,Recipe
85gmBbodyMakeTire0,,damnlib,B42,200,Making,Recipe
85gmBbodyMakeTire1,,damnlib,B42,200,Making,Recipe
85gmBbodyMakeTire2,,damnlib,B42,200,Making,Recipe
85gmBbodyMakeTire3,,damnlib,B42,200,Making,Recipe
85gmBbodyMakeTire4,,damnlib,B42,200,Making,Recipe
85gmBbodyMakeTire5,,damnlib,B42,200,Making,Recipe
85gmBbodyMakeTire5b,,damnlib,B42,200,Making,Recipe
85gmBbodyMakeTire6,,damnlib,B42,200,Making,Recipe
85gmBbodyMakeTire7,,damnlib,B42,200,Making,Recipe
85gmBbodyMakeFrontDoor,,damnlib,B42,200,Welding,Recipe
85gmBbodyMakeRearDoor,,damnlib,B42,200,Welding,Recipe
85gmBbodyMakeFrontWindshield,,damnlib,B42,200,Making,Recipe
85gmBbodyMakeFrontSideWindow,,damnlib,B42,200,Making,Recipe
85gmBbodyMakeRearSideWindow,,damnlib,B42,200,Making,Recipe
85gmBbodyMakeCoupeRearSideWindow,,damnlib,B42,200,Making,Recipe
85gmBbodyMakeWagonBackSideWindow,,damnlib,B42,200,Making,Recipe
85gmBbodyMakeRearWindshield,,damnlib,B42,200,Making,Recipe
85gmBbodyMakeWagonRearWindshield,,damnlib,B42,200,Making,Recipe
85gmBbodyMakeFrontWindshieldArmor,,damnlib,B42,200,Welding,Recipe
85gmBbodyMakeFrontWindowArmor,,damnlib,B42,200,Welding,Recipe
85gmBbodyMakeRearWindowArmor,,damnlib,B42,200,Welding,Recipe
85gmBbodyMakeBackWindowArmor,,damnlib,B42,200,Welding,Recipe
85gmBbodyMakeRearWindshieldArmor,,damnlib,B42,200,Welding,Recipe
85gmBbodyMakeFrontWindshieldWoodenArmor,,damnlib,B42,200,Making,Recipe
85gmBbodyMakeFrontWindowWoodenArmor,,damnlib,B42,200,Making,Recipe
85gmBbodyMakeRearWindowWoodenArmor,,damnlib,B42,200,Making,Recipe
85gmBbodyMakeBackWindowWoodenArmor,,damnlib,B42,200,Making,Recipe
85gmBbodyMakeRearWindshieldWoodenArmor,,damnlib,B42,200,Making,Recipe
85gmBbodyMakeFrontBullbar,,damnlib,B42,200,Welding,Recipe
85gmBbodyMakeRoofrack,,damnlib,B42,200,Welding,Recipe
85gmBbodyMakeRoofRails,,damnlib,B42,200,Welding,Recipe
85gmBbodyMakeWagonRoofrack,,damnlib,B42,200,Welding,Recipe
85gmBbodyMakeWagonRoofrack2,,damnlib,B42,100,Making,Recipe
85gmBbodyMakeTrunkLid,,damnlib,B42,200,Welding,Recipe
85gmBbodyMakeRearWagonBumper1,,damnlib,B42,200,Welding,Recipe
85gmBbodyMakeRearWagonBumper2,,damnlib,B42,200,Welding,Recipe
USMILMakeMilitaryVehicleSeatST1,,damnlib,B42,400,Making,Recipe
USMILMakeMilitaryVehicleSeatST2,,damnlib,B42,400,Making,Recipe
USMILMakeMilitaryVehicleSeatST2R,,damnlib,B42,400,Making,Recipe
USMILMakeMilitaryVehicleSeatST3,,damnlib,B42,400,Making,Recipe
USMILMakeWoodenCrate,,damnlib,B42,500,Making,Recipe
USMILMakeMilitaryWoodenCrate,,damnlib,B42,200,Making,Recipe
USMILMakeOpenMilitaryWoodenCrate,,damnlib,B42,200,Making,Recipe
USMILPryOpenWoodenCrate,,damnlib,B42,200,Making,Recipe
USMILPryOpenMilitaryWoodenCrate,,damnlib,B42,200,Making,Recipe
USMILMakeSmallViewport,,damnlib,B42,300,Welding,Recipe
USMILPackSmallViewports,,damnlib,B42,25,Making,Recipe
USMILUnpackSmallViewports,,damnlib,B42,25,Making,Recipe
USMILMakeLargeViewport,,damnlib,B42,400,Welding,Recipe
USMILPackLargeViewports,,damnlib,B42,25,Making,Recipe
USMILUnpackLargeViewports,,damnlib,B42,25,Making,Recipe
USMILMakeMilitaryGasCan,,damnlib,B42,500,Welding,Recipe
USMILMakeMilitaryWaterCan,,damnlib,B42,500,Welding,Recipe
damnCraftMakeSmallSteelRim,,damnlib,B42,200,Welding,Recipe
damnCraftMakeMediumSteelRim,,damnlib,B42,300,Welding,Recipe
damnCraftMakeLargeSteelRim,,damnlib,B42,400,Welding,Recipe
damnCraftMakeSmallTire1,,damnlib,B42,150,Making,Recipe
damnCraftMakeSmallTire2,,damnlib,B42,150,Making,Recipe
damnCraftMakeRubberStrips,,damnlib,B42,200,Making,Recipe
damnCraftMakeTirePiece,,damnlib,B42,200,Making,Recipe
damnCraftOpenTireRepairKit,,damnlib,B42,50,Making,Recipe
damnCraftOpenPlasticWeldingKit,,damnlib,B42,50,Making,Recipe
damnCraftRemoveBatteryFromPlasticWeldingGun,,damnlib,B42,40,MakingElectrical,Recipe
damnCraftInsertBatteryIntoPlasticWeldingGun,,damnlib,B42,40,MakingElectrical,Recipe
damnCraftMakeSmallTireRubberMount,,damnlib,B42,100,Welding,Recipe
damnCraftAddSmallTireRubberToMount,,damnlib,B42,25,Making,Recipe
damnCraftMakeLargeTireRubberMount,,damnlib,B42,120,Welding,Recipe
damnCraftAddLargeTireRubberToMount,,damnlib,B42,30,Making,Recipe
damnCraftMakeSmallSeatFrame,,damnlib,B42,150,Welding,Recipe
damnCraftMakeLargeSeatFrame,,damnlib,B42,250,Welding,Recipe
damnCraftMakeSeatFoamFromPillow,,damnlib,B42,150,Sew,Recipe
damnCraftMakeSeatFoamFromStyroSheet,,damnlib,B42,150,Sew,Recipe
damnCraftMakeSeatFabricFromFabricRoll,,damnlib,B42,150,Sew,Recipe
damnCraftMakeSeatFabricFromBurlapTowel,,damnlib,B42,250,Sew,Recipe
damnCraftMakeWoodenMoldBox,,damnlib,B42,200,Making,Recipe
damnCraftMakePlasterMold,,damnlib,B42,100,MixingBucket,Recipe
damnCraftRemoveOldPartFromMold,,damnlib,B42,100,Making,Recipe
damnCraftCrushStyrofoamSheet,,damnlib,B42,50,Making,Recipe
damnCraftCrushStyrofoamPackage,,damnlib,B42,50,Making,Recipe
damnCraftMakeStyrofoamPaste,,damnlib,B42,100,MixingBucket,Recipe
damnCraftPourPasteInMold,,damnlib,B42,100,Making,Recipe
damnCraftRemoveNewPartFromMold,,damnlib,B42,100,Making,Recipe
damnCraftMakeSmallVehicleHinge,,damnlib,B42,150,Welding,Recipe
damnCraftMakeLargeVehicleHinge,,damnlib,B42,150,Welding,Recipe
damnCraftMakeClassicVehicleHandle,,damnlib,B42,150,Welding,Recipe
damnCraftMakeModernVehicleHandle,,damnlib,B42,150,Welding,Recipe
damnCraftMakeLeafSuspension,,damnlib,B42,200,Welding,Recipe
damnCraftMakeTireRubberUsedSmall,,damnlib,B42,200,Making,Recipe
damnCraftMakeTireRubberNewSmall,,damnlib,B42,200,Making,Recipe
damnCraftMakeTireRubberUsedLarge,,damnlib,B42,200,Making,Recipe
damnCraftMakeTireRubberNewLarge,,damnlib,B42,200,Making,Recipe
damnCraftMakeSmallVintageRoofrack,,damnlib,B42,200,Welding,Recipe
damnCraftMakeModernSmallRoofrack,,damnlib,B42,200,Welding,Recipe
damnCraftMakeModernLargeRoofrack,,damnlib,B42,220,Welding,Recipe
runFlatMakeLargeTire,,damnlib,B42,300,Making,Recipe
runFlatMakeLarge2TireAxle,,damnlib,B42,500,Making,Recipe
runFlatMakeLargeDoubleTires,,damnlib,B42,500,Making,Recipe
runFlatMakeLarge4TireAxle,,damnlib,B42,700,Making,Recipe
runFlatMakeMediumTire,,damnlib,B42,200,Making,Recipe
runFlatMakeMedium4TireAxle,,damnlib,B42,600,Making,Recipe
runFlatMakeSmallTire,,damnlib,B42,150,Making,Recipe
runFlatMakeModernTire,,damnlib,B42,200,Making,Recipe
runFlatMakeSmall4TireAxle,,damnlib,B42,700,Making,Recipe
91rangeMakeTire,,91range,B42,200,Making,Recipe
91rangeMakeHood,,91range,B42,200,Welding,Recipe
91rangeMakeFrontDoor,,91range,B42,200,Welding,Recipe
91rangeMakeRearDoor,,91range,B42,200,Welding,Recipe
91rangeMakeTrunkLid,,91range,B42,200,Welding,Recipe
91rangeMakeFrontSeat,,91range,B42,200,Making,Recipe
91rangeMakeRearSeat,,91range,B42,200,Making,Recipe
91rangeMakeFrontWindshield,,91range,B42,200,Making,Recipe
91rangeMakeFrontSideWindow,,91range,B42,200,Making,Recipe
91rangeMakeRearSideWindow,,91range,B42,200,Making,Recipe
91rangeMakeSunroofWindow,,91range,B42,200,Making,Recipe
91rangeMakeRearWindshield,,91range,B42,200,Making,Recipe
91rangeMakeFrontWindshieldArmor,,91range,B42,200,Welding,Recipe
91rangeMakeFrontWindowArmor,,91range,B42,200,Welding,Recipe
91rangeMakeRearWindowArmor,,91range,B42,200,Welding,Recipe
91rangeMakeRearWindshieldArmor,,91range,B42,200,Welding,Recipe
91rangeMakeFrontBullbar,,91range,B42,200,Welding,Recipe
91rangeMakeRearBullbar,,91range,B42,200,Welding,Recipe
91rangeMakeRoofrack,,91range,B42,200,Welding,Recipe
91rangeMakeMudflaps,,91range,B42,200,Making,Recipe
91rangeMakeSidesteps,,91range,B42,200,Welding,Recipe
ISAWireCarBattery,,ImmersiveSolarArraysMP,B42,80,MakingElectrical,Recipe
ISAUnwireCarBattery,,ImmersiveSolarArraysMP,B42,80,MakingElectrical,Recipe
ISAMakeDIYBattery,,ImmersiveSolarArraysMP,B42,80,MakingElectrical,Recipe
ISAMakeSolarRoofTile,,ImmersiveSolarArraysMP,B42,120,MakingElectrical,Recipe
ISAMakeWallMountedSolarPanel,,ImmersiveSolarArraysMP,B42,120,MakingElectrical,Recipe
ISAMakeFloorMountedSolarPanel,,ImmersiveSolarArraysMP,B42,120,MakingElectrical,Recipe
ISAReverseSolarPanel,,ImmersiveSolarArraysMP,B42,80,DismantleElectrical,Recipe
ISACreateBatteryBank,,ImmersiveSolarArraysMP,B42,400,MakingElectrical,Recipe
ISACreateSolarFailsafe,,ImmersiveSolarArraysMP,B42,120,MakingElectrical,Recipe
ISAMakeSolarPanel,,ImmersiveSolarArraysMP,B42,250,MakingElectrical,Recipe
ISAMakeInverter,,ImmersiveSolarArraysMP,B42,250,MakingElectrical,Recipe
UseBeltAsWeapon,,UseBeltAsWeapon,B42,20,CraftWeapon1H,Recipe
NotUseBeltAsWeapon,,UseBeltAsWeapon,B42,20,CraftWeapon1H,Recipe
96lancerEVOMakeTire,,96lancerEVO,B42,200,Making,Recipe
96lancerEVOMakeHood,,96lancerEVO,B42,200,Welding,Recipe
96lancerEVOMakeFrontDoor,,96lancerEVO,B42,200,Welding,Recipe
96lancerEVOMakeRearDoor,,96lancerEVO,B42,200,Welding,Recipe
96lancerEVOMakeTrunkLid,,96lancerEVO,B42,200,Welding,Recipe
96lancerEVOMakeFrontSeat,,96lancerEVO,B42,200,Making,Recipe
96lancerEVOMakeRearSeat,,96lancerEVO,B42,200,Making,Recipe
96lancerEVOMakeFrontWindshield,,96lancerEVO,B42,200,Making,Recipe
96lancerEVOMakeFrontSideWindow,,96lancerEVO,B42,200,Making,Recipe
96lancerEVOMakeRearSideWindow,,96lancerEVO,B42,200,Making,Recipe
96lancerEVOMakeRearWindshield,,96lancerEVO,B42,200,Making,Recipe
96lancerEVOMakeFrontWindshieldArmor,,96lancerEVO,B42,200,Welding,Recipe
96lancerEVOMakeFrontWindowArmor,,96lancerEVO,B42,200,Welding,Recipe
96lancerEVOMakeRearWindowArmor,,96lancerEVO,B42,200,Welding,Recipe
96lancerEVOMakeRearWindshieldArmor,,96lancerEVO,B42,200,Welding,Recipe
96lancerEVOMakeFrontBullbarA,,96lancerEVO,B42,200,Welding,Recipe
96lancerEVOMakeReinforcedBumper,,96lancerEVO,B42,150,Making,Recipe
96lancerEVOMakeModernSmallRoofrack,,96lancerEVO,B42,200,Welding,Recipe
Base.mapper:fruitType,,Base,Base,,,Item
Base.BakingTray,,Base,Base,,,Item
Base.mapper:fruitTypes,,Base,Base,,,Item
Base.WeaponRepairSolidGlue,,Base,Base,,,Item
Base.MetalBar,,Base,Base,,,Item
Base.UnusableMetal,,Base,Base,,,Item
Base.SteelPiece,,Base,Base,,,Item
Base.WeldingRods,,Base,Base,,,Item
Base.BlowTorch,,Base,Base,,,Item
Base.Harpoon,,Base,Base,,,Item
Base.Plank,,Base,Base,,,Item
Base.TurkeyFeather,,Base,Base,,,Item
Base.ScrapMetal,,Base,Base,,,Item
Base.Vanilla_Arrow,,Base,Base,,,Item
Base.Dragon_Breath_ShotgunShell,,Base,Base,,,Item
Base.Dragon_Breath_ShotgunShell_Box,,Base,Base,,,Item
Base.Vanilla_DoubleBarrelShotgun_S_Slug,,Base,Base,,,Item
Base.Vanilla_DoubleBarrelShotgun_S,,Base,Base,,,Item
Base.Shotgun,雷明顿 M870,Base,Base,,,Item
Base.Shotgun_Dragon,,Base,Base,,,Item
Base.ShotgunSawnoff,截短 M500 霰弹枪,Base,Base,,,Item
Base.ShotgunSawnoff_Dragon,,Base,Base,,,Item
Base.JS3T_Shotgun,,Base,Base,,,Item
Base.JS3T_Shotgun_Dragon,,Base,Base,,,Item
Base.LongStick,,Base,Base,,,Item
Base.Vanilla_Dynamite3,,Base,Base,,,Item
Base.StickBomb,,Base,Base,,,Item
Base.CircularSawblade_Half,,Base,Base,,,Item
Base.SheetMetal,,Base,Base,,,Item
Base.SmallSheetMetal,,Base,Base,,,Item
Base.MetalPipe,,Base,Base,,,Item
Base.GearAxe,,Base,Base,,,Item
Base.Screws,,Base,Base,,,Item
Base.Wrench,,Base,Base,,,Item
Base.SteelBar,,Base,Base,,,Item
Base.HandmadeMetalGreatSword,,Base,Base,,,Item
Base.GunPowder,,Base,Base,,,Item
Base.Sandbag,,Base,Base,,,Item
Base.UnusableWood,,Base,Base,,,Item
Base.Charcoal,,Base,Base,,,Item
Base.Handle,,Base,Base,,,Item
Base.TinCanEmpty,,Base,Base,,,Item
Base.Can_Cluster_Bomb,,Base,Base,,,Item
Base.Pop2Empty,,Base,Base,,,Item
Base.Homemade_Soda_Demolition_Mine,,Base,Base,,,Item
Base.Nails,,Base,Base,,,Item
Base.Nail_Bomb,,Base,Base,,,Item
Base.Nightstick,,Base,Base,,,Item
Base.Nightstick_o,,Base,Base,,,Item
Base.Woodglue,,Base,Base,,,Item
damnCraft.SteelRimSmall,,damnCraft,damnCraft,,,Item
damnCraft.TireRubberNewSmall,,damnCraft,damnCraft,,,Item
Base.Crowbar,,Base,Base,,,Item
Base.69miniTire1,,Base,Base,,,Item
Base.69miniTirePS1,,Base,Base,,,Item
damnCraft.HingeLarge,,damnCraft,damnCraft,,,Item
Base.69miniEngineDoor1,,Base,Base,,,Item
Base.69miniEngineDoorBelts1,,Base,Base,,,Item
Base.69miniEngineDoorPitbull1,,Base,Base,,,Item
damnCraft.HandleModern,,damnCraft,damnCraft,,,Item
damnCraft.HingeSmall,,damnCraft,damnCraft,,,Item
Base.69miniFrontDoor1,,Base,Base,,,Item
Base.69miniTrunkDoor1,,Base,Base,,,Item
damnCraft.SeatFabric,,damnCraft,damnCraft,,,Item
damnCraft.SeatFoam,,damnCraft,damnCraft,,,Item
damnCraft.SeatFrameLarge,,damnCraft,damnCraft,,,Item
Base.69miniSeatFront1,,Base,Base,,,Item
Base.69miniSeatRear1,,Base,Base,,,Item
Base.GlassPanel,,Base,Base,,,Item
damnCraft.RubberStrip,,damnCraft,damnCraft,,,Item
Base.Scalpel,,Base,Base,,,Item
Base.69miniWindshield1,,Base,Base,,,Item
Base.69miniSideWindowFront1,,Base,Base,,,Item
Base.69miniSideWindowRear1,,Base,Base,,,Item
Base.69miniRearWindshield1,,Base,Base,,,Item
Base.69miniFrontDoorArmor,,Base,Base,,,Item
Base.69miniRearWindowArmor,,Base,Base,,,Item
Base.69miniWindshieldArmor,,Base,Base,,,Item
Base.69miniWindshieldRearArmor,,Base,Base,,,Item
Base.69miniBumperFront0,,Base,Base,,,Item
Base.69miniBumperFront1,,Base,Base,,,Item
Base.LightBulb,,Base,Base,,,Item
Base.69miniBumperFront2,,Base,Base,,,Item
Base.69miniBumperRear0,,Base,Base,,,Item
Base.69miniBumperRear1,,Base,Base,,,Item
Base.Tarp,,Base,Base,,,Item
Base.69miniRoofrack1,,Base,Base,,,Item
Base.69miniCrateOfTea,,Base,Base,,,Item
Base.Teabag2,,Base,Base,,,Item
Base.mapper:ammoType,,Base,Base,,,Item
Base.Hinge=2,,Base,Base,,,Item
Base.Doorknob,,Base,Base,,,Item
Base.ConcretePowder,,Base,Base,,,Item
Base.Plank=4,,Base,Base,,,Item
Base.Nails=20,,Base,Base,,,Item
keep [Recipe.GetItemTypes.Hammer],,keep [Recipe,keep [Recipe,,,Item
Base.keep Shovel/Shovel2,,Base,Base,,,Item
Base.Result:MoksCellar,,Base,Base,,,Item
Base.Sound:DigFurrowWithShovel,,Base,Base,,,Item
Base.Category:Survivalist,,Base,Base,,,Item
Base.MoksCartonBoxCannedSardines,,Base,Base,,,Item
Result:Base.CannedSardines=20,,Result:Base,Result:Base,,,Item
Base.Sound:MoksOpensCartonBox,,Base,Base,,,Item
Base.Category:Cooking,,Base,Base,,,Item
Base.MoksCartonBoxCannedBolognese,,Base,Base,,,Item
Result:Base.CannedBolognese=20,,Result:Base,Result:Base,,,Item
Base.MoksCartonBoxTinnedBeans,,Base,Base,,,Item
Result:Base.TinnedBeans=20,,Result:Base,Result:Base,,,Item
Base.MoksCartonBoxCannedCarrots,,Base,Base,,,Item
Result:Base.CannedCarrots2=20,,Result:Base,Result:Base,,,Item
Base.MoksCartonBoxCannedChili,,Base,Base,,,Item
Result:Base.CannedChili=20,,Result:Base,Result:Base,,,Item
Base.MoksCartonBoxCannedCorn,,Base,Base,,,Item
Result:Base.CannedCorn=20,,Result:Base,Result:Base,,,Item
Base.MoksCartonBoxCannedCornedBeef,,Base,Base,,,Item
Result:Base.CannedCornedBeef=20,,Result:Base,Result:Base,,,Item
Base.MoksCartonBoxCannedMushroomSoup,,Base,Base,,,Item
Result:Base.CannedMushroomSoup=20,,Result:Base,Result:Base,,,Item
Base.MoksCartonBoxCannedPeas,,Base,Base,,,Item
Result:Base.CannedPeas=20,,Result:Base,Result:Base,,,Item
Base.MoksCartonBoxCannedPotato,,Base,Base,,,Item
Result:Base.CannedPotato2=20,,Result:Base,Result:Base,,,Item
Base.MoksCartonBoxTinnedSoup,,Base,Base,,,Item
Result:Base.TinnedSoup=20,,Result:Base,Result:Base,,,Item
Base.MoksCartonBoxCannedTomato,,Base,Base,,,Item
Result:Base.CannedTomato2=20,,Result:Base,Result:Base,,,Item
Base.MoksCartonBoxTunaTin,,Base,Base,,,Item
Result:Base.TunaTin=20,,Result:Base,Result:Base,,,Item
Base.MoksCartonBoxDogfood,,Base,Base,,,Item
Result:Base.Dogfood=20,,Result:Base,Result:Base,,,Item
Base.MoksCartonBoxCannedFruitCocktail,,Base,Base,,,Item
Result:Base.CannedFruitCocktail=20,,Result:Base,Result:Base,,,Item
Base.MoksCartonBoxCannedPeaches,,Base,Base,,,Item
Result:Base.CannedPeaches=20,,Result:Base,Result:Base,,,Item
Base.MoksCartonBoxCannedPineapple,,Base,Base,,,Item
Result:Base.CannedPineapple=20,,Result:Base,Result:Base,,,Item
Base.MoksCartonBoxCondensedMilk,,Base,Base,,,Item
Result:MoksFoods.MoksCondensedMilkClosed=20,,Result:MoksFoods,Result:MoksFoods,,,Item
Base.MoksCartonBoxCherryJam,,Base,Base,,,Item
Result:MoksFoods.MoksCherryJam=15,,Result:MoksFoods,Result:MoksFoods,,,Item
Base.MoksCartonBoxOrangeJam,,Base,Base,,,Item
Result:MoksFoods.MoksOrangeJam=15,,Result:MoksFoods,Result:MoksFoods,,,Item
Base.MoksCartonBoxCannedCatFood,,Base,Base,,,Item
Result:MoksFoods.MoksCannedCatFoodClosed=20,,Result:MoksFoods,Result:MoksFoods,,,Item
Base.MoksCartonBoxCannedShrimp,,Base,Base,,,Item
Result:MoksFoods.MoksCannedShrimpClosed=20,,Result:MoksFoods,Result:MoksFoods,,,Item
Base.MoksCartonBoxCannedCaviar,,Base,Base,,,Item
Result:MoksFoods.MoksCannedCaviarClosed=20,,Result:MoksFoods,Result:MoksFoods,,,Item
Base.CannedSardines=20,,Base,Base,,,Item
Base.Result:MoksCartonBoxCannedSardines,,Base,Base,,,Item
Base.CannedBolognese=20,,Base,Base,,,Item
Base.Result:MoksCartonBoxCannedBolognese,,Base,Base,,,Item
Base.TinnedBeans=20,,Base,Base,,,Item
Base.Result:MoksCartonBoxTinnedBeans,,Base,Base,,,Item
Base.CannedCarrots2=20,,Base,Base,,,Item
Base.Result:MoksCartonBoxCannedCarrots,,Base,Base,,,Item
Base.CannedChili=20,,Base,Base,,,Item
Base.Result:MoksCartonBoxCannedChili,,Base,Base,,,Item
Base.CannedCorn=20,,Base,Base,,,Item
Base.Result:MoksCartonBoxCannedCorn,,Base,Base,,,Item
Base.CannedCornedBeef=20,,Base,Base,,,Item
Base.Result:MoksCartonBoxCannedCornedBeef,,Base,Base,,,Item
Base.CannedMushroomSoup=20,,Base,Base,,,Item
Base.Result:MoksCartonBoxCannedMushroomSoup,,Base,Base,,,Item
Base.CannedPeas=20,,Base,Base,,,Item
Base.Result:MoksCartonBoxCannedPeas,,Base,Base,,,Item
Base.CannedPotato2=20,,Base,Base,,,Item
Base.Result:MoksCartonBoxCannedPotato,,Base,Base,,,Item
Base.TinnedSoup=20,,Base,Base,,,Item
Base.Result:MoksCartonBoxTinnedSoup,,Base,Base,,,Item
Base.CannedTomato2=20,,Base,Base,,,Item
Base.Result:MoksCartonBoxCannedTomato,,Base,Base,,,Item
Base.TunaTin=20,,Base,Base,,,Item
Base.Result:MoksCartonBoxTunaTin,,Base,Base,,,Item
Base.Dogfood=20,,Base,Base,,,Item
Base.Result:MoksCartonBoxDogfood,,Base,Base,,,Item
Base.CannedFruitCocktail=20,,Base,Base,,,Item
Base.Result:MoksCartonBoxCannedFruitCocktail,,Base,Base,,,Item
Base.CannedPeaches=20,,Base,Base,,,Item
Base.Result:MoksCartonBoxCannedPeaches,,Base,Base,,,Item
Base.CannedPineapple=20,,Base,Base,,,Item
Base.Result:MoksCartonBoxCannedPineapple,,Base,Base,,,Item
Base.MoksCondensedMilkClosed=20,,Base,Base,,,Item
Base.Result:MoksCartonBoxCondensedMilk,,Base,Base,,,Item
Base.MoksCherryJam=15,,Base,Base,,,Item
Base.Result:MoksCartonBoxCherryJam,,Base,Base,,,Item
Base.MoksOrangeJam=15,,Base,Base,,,Item
Base.Result:MoksCartonBoxOrangeJam,,Base,Base,,,Item
Base.MoksCannedCatFoodClosed=20,,Base,Base,,,Item
Base.Result:MoksCartonBoxCannedCatFood,,Base,Base,,,Item
Base.MoksCannedShrimpClosed=20,,Base,Base,,,Item
Base.Result:MoksCartonBoxCannedShrimp,,Base,Base,,,Item
Base.MoksCannedCaviarClosed=20,,Base,Base,,,Item
Base.Result:MoksCartonBoxCannedCaviar,,Base,Base,,,Item
Base.MoksMetabolizers=1,,Base,Base,,,Item
Base.Category:Health,,Base,Base,,,Item
Base.MoksMetabolizer,,Base,Base,,,Item
Base.MoksMildronate=1,,Base,Base,,,Item
Base.MoksMildronateTablet,,Base,Base,,,Item
Base.MoksActivatedCarbon=1,,Base,Base,,,Item
Base.MoksActivatedCarbonTablet,,Base,Base,,,Item
Base.MoksGlycine=1,,Base,Base,,,Item
Base.MoksGlycineTablet,,Base,Base,,,Item
Base.MoksPackagingOfAntibiotics=1,,Base,Base,,,Item
Result:Base.Antibiotics=1,,Result:Base,Result:Base,,,Item
Base.MoksPackageOfPeanuts,,Base,Base,,,Item
Result:Base.Peanuts=5,,Result:Base,Result:Base,,,Item
Base.Sound:MoksOpeningPackage,,Base,Base,,,Item
Base.MoksAPackOfSunflowerSeeds,,Base,Base,,,Item
Result:Base.SunflowerSeeds=10,,Result:Base,Result:Base,,,Item
Base.MoksPackOfBeefJerky,,Base,Base,,,Item
Result:Base.BeefJerky=5,,Result:Base,Result:Base,,,Item
Base.MoksDehydratedMeatStick,,Base,Base,,,Item
Result:Base.DehydratedMeatStick=5,,Result:Base,Result:Base,,,Item
Base.MoksPackTea,,Base,Base,,,Item
Result:Base.Teabag2=20,,Result:Base,Result:Base,,,Item
Base.Teabag2=20,,Base,Base,,,Item
Base.Result:MoksPackTea,,Base,Base,,,Item
Base.MoksHamInVacuumPackaging,,Base,Base,,,Item
Result:Base.HamSlice=5,,Result:Base,Result:Base,,,Item
Base.MoksPepperoniInVacuumPackaging,,Base,Base,,,Item
Result:Base.Pepperoni=5,,Result:Base,Result:Base,,,Item
Base.MoksPackOfNachos,,Base,Base,,,Item
Result:Base.TortillaChips=5,,Result:Base,Result:Base,,,Item
Base.MoksCondensedMilkClosed,,Base,Base,,,Item
keep [Recipe.GetItemTypes.CanOpener],,keep [Recipe,keep [Recipe,,,Item
Base.Result:MoksCondensedMilkOpen,,Base,Base,,,Item
Base.Sound:OpenCannedFood,,Base,Base,,,Item
Base.MoksCannedCatFoodClosed,,Base,Base,,,Item
Base.Result:MoksCannedCatFoodOpen,,Base,Base,,,Item
Base.MoksCannedShrimpClosed,,Base,Base,,,Item
Base.Result:MoksCannedShrimpOpen,,Base,Base,,,Item
Base.MoksCannedShrimpOpen,,Base,Base,,,Item
Result:Base.Shrimp=10,,Result:Base,Result:Base,,,Item
Base.OnCreate:MoksFoodsTinCanEmpty,,Base,Base,,,Item
Base.MoksCannedCaviarClosed,,Base,Base,,,Item
Base.Result:MoksCannedCaviarOpen,,Base,Base,,,Item
Base.MoksCannedCaviarOpen,,Base,Base,,,Item
Result:Base.FishRoe=3,,Result:Base,Result:Base,,,Item
Base.MoksJarPickles,,Base,Base,,,Item
Result:Base.Pickles=10,,Result:Base,Result:Base,,,Item
Base.OnCreate:MoksFoodsEmptyJar,,Base,Base,,,Item
Base.MoksDietCookies=20,,Base,Base,,,Item
Base.Result:MoksDietCookiesBox,,Base,Base,,,Item
Base.MoksDietCookiesBox,,Base,Base,,,Item
Base.MoksDietCookies,,Base,Base,,,Item
Base.MoksOreo=20,,Base,Base,,,Item
Base.Result:MoksOreoBox,,Base,Base,,,Item
Base.MoksOreoBox,,Base,Base,,,Item
Base.MoksOreo,,Base,Base,,,Item
Base.MoksTwinkies,,Base,Base,,,Item
Base.MoksTwinkies2,,Base,Base,,,Item
keep [Recipe.GetItemTypes.MortarPestle],,keep [Recipe,keep [Recipe,,,Item
Base.MoksTobaccoLeaves2,,Base,Base,,,Item
Base.Result:MoksTobacco,,Base,Base,,,Item
Base.MoksTobacco,,Base,Base,,,Item
Base.SheetPaper2,,Base,Base,,,Item
Result:Base.Cigarettes=1,,Result:Base,Result:Base,,,Item
Base.OnCreate:MoksTobaccoLeaves2RecipeCode,,Base,Base,,,Item
Base.RoastingPan,,Base,Base,,,Item
Moveables.brokenglass_1_0/Moveables.brokenglass_1_1/Moveables.brokenglass_1_2/Moveables.brokenglass_1_3/Base.brokenglass_1_0/Base.brokenglass_1_1/Base.brokenglass_1_2/Base.brokenglass_1_3,,Moveables,Moveables,,,Item
Base.Result: PanWithGlassShards,,Base,Base,,,Item
Base.NeedToBeLearn: True,,Base,Base,,,Item
Base.Category: Windows,,Base,Base,,,Item
Base.PanWithGlassShards,,Base,Base,,,Item
Result: Moveables.brokenglass_1_0,,Result: Moveables,Result: Moveables,,,Item
Base.OnCreate: BuildingMenu_GiveBackRoastingPan,,Base,Base,,,Item
Base.PanWithGlassPane,,Base,Base,,,Item
Base.Result: GlassPane,,Base,Base,,,Item
Base.Sound:EmptyPan,,Base,Base,,,Item
Base.BeerEmpty/WineEmpty2/WhiskeyEmpty/WineEmpty/RemouladeEmpty/EmptyJar=2,,Base,Base,,,Item
Base.AnimMode: BuildLow,,Base,Base,,,Item
Base.Sound: RemoveBrokenGlass,,Base,Base,,,Item
Base.GlassPane,,Base,Base,,,Item
Base.Windshield1/Windshield2/Windshield3/RearWindshield1/RearWindshield2/RearWindshield3,,Base,Base,,,Item
Base.FrontWindow1/FrontWindow2/FrontWindow3/RearWindow1/RearWindow2/RearWindow3,,Base,Base,,,Item
Base.DuctTape=3,,Base,Base,,,Item
Base.GlassPane=2,,Base,Base,,,Item
Base.Result:Windshield1,,Base,Base,,,Item
Base.SkillRequired:Mechanics=2,,Base,Base,,,Item
Base.Result:RearWindshield1,,Base,Base,,,Item
Base.Result:FrontWindow1,,Base,Base,,,Item
Base.Result:RearWindow1,,Base,Base,,,Item
Base.Result:Windshield2,,Base,Base,,,Item
Base.Result:RearWindshield2,,Base,Base,,,Item
Base.Result:FrontWindow2,,Base,Base,,,Item
Base.Result:RearWindow2,,Base,Base,,,Item
Base.Result:Windshield3,,Base,Base,,,Item
Base.Result:RearWindshield3,,Base,Base,,,Item
Base.Result:FrontWindow3,,Base,Base,,,Item
Base.Result:RearWindow3,,Base,Base,,,Item
Base.MessTin,,Base,Base,,,Item
Base.MessTinOmeletteRecipe,,Base,Base,,,Item
Base.mapper:maskType,,Base,Base,,,Item
Base.mapper:hoodType,,Base,Base,,,Item
Base.NBCHood,,Base,Base,,,Item
Base.Hat_ArmyNoCover,,Base,Base,,,Item
Base.mapper:coverType,,Base,Base,,,Item
Base.mapper:helmetType,,Base,Base,,,Item
Base.Hat_ArmyM1NoCover,,Base,Base,,,Item
Base.Vest_BulletArmy,,Base,Base,,,Item
Base.mapper:vestType,,Base,Base,,,Item
Base.Vest_BulletOliveDrab,,Base,Base,,,Item
Base.ArmyFieldDressing,,Base,Base,,,Item
Base.AlcoholBandage,,Base,Base,,,Item
Base.mapper:towelType,,Base,Base,,,Item
Base.SheetPaper2=10,,Base,Base,,,Item
Base.Sound:Drawing_B,,Base,Base,,,Item
Base.CanBeDoneFromFloor:False,,Base,Base,,,Item
Base.Notebook,,Base,Base,,,Item
Base.Notebook=1,,Base,Base,,,Item
Base.keep Pen/BluePen/RedPen/Pencil,,Base,Base,,,Item
Base.Category:Vaccine,,Base,Base,,,Item
Base.NeedToBeLearn:True,,Base,Base,,,Item
Base.NotebookVaccineStart,,Base,Base,,,Item
Base.CmpSyringeWithPlainVaccine=1,,Base,Base,,,Item
Base.CmpTestTubeWithRareBlood/MatRareBlood=2,,Base,Base,,,Item
Base.CmpTestTubeWithAntibodies=3,,Base,Base,,,Item
Base.CmpFlaskWithSodiumHypochlorite=1,,Base,Base,,,Item
Base.destroy NotebookVaccineStart=1,,Base,Base,,,Item
Base.Sound:Mixing_B,,Base,Base,,,Item
Base.SkillRequired:Doctor=2,,Base,Base,,,Item
Base.OnTest:LabRecipes_IsNearChemistrySet,,Base,Base,,,Item
Base.OnCreate:LabRecipes_UpgradeVaccine2,,Base,Base,,,Item
Base.Tooltip:Tooltip_zReVC_ChemistrySet,,Base,Base,,,Item
Base.LabFlaskDirty,,Base,Base,,,Item
Base.CmpSyringeReusableWithPlainVaccine=1,,Base,Base,,,Item
Base.CmpSyringeWithQualityVaccine=1,,Base,Base,,,Item
Base.CmpTestTubeWithRareBlood/MatRareBlood=3,,Base,Base,,,Item
Base.CmpTestTubeWithAntibodies=5,,Base,Base,,,Item
Base.destroy NotebookVaccine2=1,,Base,Base,,,Item
Base.SkillRequired:Doctor=4,,Base,Base,,,Item
Base.OnCreate:LabRecipes_UpgradeVaccine3,,Base,Base,,,Item
Base.CmpSyringeReusableWithQualityVaccine=1,,Base,Base,,,Item
Base.CmpSyringeWithAdvancedVaccine=1,,Base,Base,,,Item
Base.CmpTestTubeWithRareBlood/MatRareBlood=4,,Base,Base,,,Item
Base.CmpTestTubeWithAntibodies=7,,Base,Base,,,Item
Base.destroy NotebookVaccine3=1,,Base,Base,,,Item
Base.SkillRequired:Doctor=6,,Base,Base,,,Item
Base.OnCreate:LabRecipes_UpgradeVaccine4,,Base,Base,,,Item
Base.CmpSyringeReusableWithAdvancedVaccine=1,,Base,Base,,,Item
Base.CmpSyringeWithCure=1,,Base,Base,,,Item
Base.CmpTestTubeWithRareBlood/MatRareBlood=5,,Base,Base,,,Item
Base.CmpTestTubeWithAntibodies=10,,Base,Base,,,Item
Base.destroy NotebookVaccine4=1,,Base,Base,,,Item
Base.SkillRequired:Doctor=10,,Base,Base,,,Item
Base.OnCreate:LabRecipes_UpgradeVaccine5,,Base,Base,,,Item
Base.CmpSyringeReusableWithCure=1,,Base,Base,,,Item
Base.LabTestTube=1,,Base,Base,,,Item
Base.Sandbag=1,,Base,Base,,,Item
Base.SmallSheetMetal=4,,Base,Base,,,Item
Base.PropaneTank=1,,Base,Base,,,Item
Base.Tongs,,Base,Base,,,Item
Base.Sound:Blow_Torch_C,,Base,Base,,,Item
Base.Category:Melting,,Base,Base,,,Item
Base.OnTest:LabRecipes_IsNearMuffleFurnace,,Base,Base,,,Item
Base.Tooltip:Tooltip_zReVC_MuffleFurnace,,Base,Base,,,Item
Base.FormaForTestTube,,Base,Base,,,Item
Base.LabFlask=1,,Base,Base,,,Item
Base.FormaForFlask,,Base,Base,,,Item
Base.MetalPipe=1,,Base,Base,,,Item
Base.Needle=1,,Base,Base,,,Item
Base.FormaForSyringeReusable,,Base,Base,,,Item
Base.EmptyJar=1,,Base,Base,,,Item
Base.FormaForJar,,Base,Base,,,Item
Base.JarLid=1,,Base,Base,,,Item
Base.FormaForJarLid,,Base,Base,,,Item
Base.FormaForNeedle,,Base,Base,,,Item
Base.SmallSheetMetal=5,,Base,Base,,,Item
Base.FormaForSmallMetallList,,Base,Base,,,Item
Base.SmallSheetMetal=6,,Base,Base,,,Item
Base.SheetMetal=1,,Base,Base,,,Item
Base.FormaHeadHeavyHammer,,Base,Base,,,Item
Base.FormaHeadFireAxe,,Base,Base,,,Item
[Recipe.GetItemTypes.BrokenGlass]=1,,[Recipe,[Recipe,,,Item
Base.kerBlacksmithTigel,,Base,Base,,,Item
Base.LabTestTube,,Base,Base,,,Item
Base.Needle=3,,Base,Base,,,Item
Base.LabSyringeReusable,,Base,Base,,,Item
Base.LabFlask,,Base,Base,,,Item
Base.EmptyJar,,Base,Base,,,Item
Base.ScrapMetal/UnusableMetal=1,,Base,Base,,,Item
Base.JarLid,,Base,Base,,,Item
Base.Needle,,Base,Base,,,Item
Base.ScrapMetal/UnusableMetal=2,,Base,Base,,,Item
Base.ScrapMetal/SmallSheetMetal/UnusableMetal=3,,Base,Base,,,Item
Base.HeadFireAxe,,Base,Base,,,Item
Base.ScrapMetal/SmallSheetMetal/UnusableMetal=4,,Base,Base,,,Item
Base.HeadHeavyHammer,,Base,Base,,,Item
Base.Bracelet_BangleLeftGold/Bracelet_BangleRightGold/Bracelet_ChainLeftGold/Bracelet_ChainRightGold/Earring_Stud_Gold/Earring_LoopLrg_Gold/Earring_LoopMed_Gold/Earring_LoopSmall_Gold_Both/Earring_LoopSmall_Gold_Top/Necklace_Gold/Necklace_GoldDiamond/Necklace_GoldRuby/NecklaceLong_Gold/NecklaceLong_GoldDiamond/NoseRing_Gold/NoseStud_Gold/Ring_Left_MiddleFinger_GoldDiamond/Ring_Left_RingFinger_GoldDiamond/Ring_Right_MiddleFinger_GoldDiamond/Ring_Right_RingFinger_GoldDiamond/Ring_Left_MiddleFinger_Gold/Ring_Left_RingFinger_Gold/Ring_Right_MiddleFinger_Gold/Ring_Right_RingFinger_Gold/Ring_Left_MiddleFinger_GoldRuby/Ring_Left_RingFinger_GoldRuby/Ring_Right_MiddleFinger_GoldRuby/Ring_Right_RingFinger_GoldRuby,,Base,Base,,,Item
Base.SkillRequired:MetalWelding=1,,Base,Base,,,Item
Base.FrnGolgNugget,,Base,Base,,,Item
Base.Bracelet_BangleLeftSilver/Bracelet_BangleRightSilver/Bracelet_ChainLeftSilver/Bracelet_ChainRightSilver/Earring_LoopLrg_Silver/Earring_LoopMed_Silver/Earring_Stud_Silver/Earring_LoopSmall_Silver_Both/Earring_LoopSmall_Silver_Top/NecklaceLong_Silver/NecklaceLong_SilverDiamond/NecklaceLong_SilverEmerald/NecklaceLong_SilverSapphire/Necklace_Silver/Necklace_SilverCrucifix/Necklace_SilverDiamond/Necklace_SilverSapphire/NoseRing_Silver/NoseStud_Silver/Ring_Left_MiddleFinger_SilverDiamond/Ring_Left_RingFinger_SilverDiamond/Ring_Right_MiddleFinger_SilverDiamond/Ring_Right_RingFinger_SilverDiamond/Ring_Left_MiddleFinger_Silver/Ring_Left_RingFinger_Silver/Ring_Right_MiddleFinger_Silver/Ring_Right_RingFinger_Silver,,Base,Base,,,Item
Base.FrnSilverNugget,,Base,Base,,,Item
Base.HeadFireAxe=1,,Base,Base,,,Item
Base.Log=1,,Base,Base,,,Item
keep [Recipe.GetItemTypes.SharpKnife],,keep [Recipe,keep [Recipe,,,Item
keep [Recipe.GetItemTypes.Saw],,keep [Recipe,keep [Recipe,,,Item
Base.CanBeDoneFromFloor:true,,Base,Base,,,Item
Base.Sound:Sawing,,Base,Base,,,Item
Base.SkillRequired:Woodwork=4,,Base,Base,,,Item
Base.Axe,,Base,Base,,,Item
Base.HeadHeavyHammer=1,,Base,Base,,,Item
Base.Sledgehammer2,,Base,Base,,,Item
Base.ElectronicsScrap=15,,Base,Base,,,Item
Radio.ElectricWire=8,,Radio,Base,,,Item
Base.LightBulb=6,,Base,Base,,,Item
Base.SheetMetal=2,,Base,Base,,,Item
Base.Screws=16,,Base,Base,,,Item
Base.destroy CarBattery1/CarBattery2/CarBattery3=1,,Base,Base,,,Item
destroy Radio.TvAntique/Radio.TvWideScreen/Radio.TvBlack=1,,destroy Radio,destroy Radio,,,Item
Base.WeldingRods=5,,Base,Base,,,Item
Base.BlowTorch=1,,Base,Base,,,Item
Base.WeldingMask,,Base,Base,,,Item
Result:Moveables.appliances_com_01_72=1,,Result:Moveables,Result:Moveables,,,Item
Base.Sound:Blow_Torch_A,,Base,Base,,,Item
Base.Category:Equipment,,Base,Base,,,Item
Base.SkillRequired:MetalWelding=2;Electricity=2,,Base,Base,,,Item
Base.NeedToBeLearn:true,,Base,Base,,,Item
Base.OnTest:LabRecipes_IsNearWorkbench,,Base,Base,,,Item
Base.Tooltip:Tooltip_zReVC_Workbench,,Base,Base,,,Item
Base.Plank=2,,Base,Base,,,Item
Base.Screws=4,,Base,Base,,,Item
Base.LabTestTube=4,,Base,Base,,,Item
Base.Glasses_Normal/Glasses_Reading=1,,Base,Base,,,Item
Base.ElectronicsScrap=5,,Base,Base,,,Item
Base.LightBulb=1,,Base,Base,,,Item
Base.Sound:Hammering,,Base,Base,,,Item
Base.SkillRequired:Electricity=2;Doctor=2;Woodwork=2,,Base,Base,,,Item
Base.LabMicroscope,,Base,Base,,,Item
Base.SheetMetal=4,,Base,Base,,,Item
Base.ScrapMetal=4,,Base,Base,,,Item
Base.Screws=12,,Base,Base,,,Item
Base.ElectronicsScrap=18,,Base,Base,,,Item
Radio.ElectricWire=4,,Radio,Base,,,Item
Base.SkillRequired:Doctor=2;MetalWelding=2;Electricity=2,,Base,Base,,,Item
Base.LabChromatograph,,Base,Base,,,Item
Base.ElectronicsScrap=10,,Base,Base,,,Item
Base.Screws=8,,Base,Base,,,Item
Base.Aluminum=3,,Base,Base,,,Item
Base.LightBulb=2,,Base,Base,,,Item
Radio.ElectricWire=2,,Radio,Base,,,Item
Base.LabSpectrometer,,Base,Base,,,Item
Base.Nails=6,,Base,Base,,,Item
Base.LabFlask=4,,Base,Base,,,Item
Base.MetalBar=5,,Base,Base,,,Item
Base.SmallSheetMetal=1,,Base,Base,,,Item
Base.Wire=5,,Base,Base,,,Item
Base.SkillRequired:Doctor=2;Woodwork=2,,Base,Base,,,Item
Base.LabChemistrySet,,Base,Base,,,Item
Base.DuctTape=2,,Base,Base,,,Item
Base.Aluminum=2,,Base,Base,,,Item
Base.SkillRequired:Doctor=2;Electricity=2,,Base,Base,,,Item
Base.LabCentrifuge,,Base,Base,,,Item
Base.SheetMetal=5,,Base,Base,,,Item
Base.SmallSheetMetal=8,,Base,Base,,,Item
Base.ScrapMetal=6,,Base,Base,,,Item
Base.ElectronicsScrap=6,,Base,Base,,,Item
Radio.ElectricWire=3,,Radio,Base,,,Item
Base.LabMuffleFurnace,,Base,Base,,,Item
Base.Plank=8,,Base,Base,,,Item
Base.Nails=16,,Base,Base,,,Item
Base.Screwdriver=1,,Base,Base,,,Item
Base.Wrench=1,,Base,Base,,,Item
Base.Hammer=1,,Base,Base,,,Item
Base.Saw=1,,Base,Base,,,Item
Base.SmallSheetMetal=3,,Base,Base,,,Item
Base.NoBrokenItems:true,,Base,Base,,,Item
Base.SkillRequired:Woodwork=2,,Base,Base,,,Item
Base.LabWorkbench,,Base,Base,,,Item
Base.Plank=6,,Base,Base,,,Item
Base.Sheet=1,,Base,Base,,,Item
Base.LabEasel,,Base,Base,,,Item
Base.PaintWhite=2,,Base,Base,,,Item
Base.Sponge=1,,Base,Base,,,Item
Base.Pen/BluePen/RedPen=1,,Base,Base,,,Item
Base.Paintbrush=1,,Base,Base,,,Item
Base.Crayons=1,,Base,Base,,,Item
Base.Category:Decorations,,Base,Base,,,Item
Base.SkillRequired:MetalWelding=2,,Base,Base,,,Item
Base.LabDecorWhiteboard,,Base,Base,,,Item
Base.SheetPaper2=12,,Base,Base,,,Item
Base.Twine=2,,Base,Base,,,Item
Base.OnTest:LabRecipes_IsNearEasel,,Base,Base,,,Item
Base.Tooltip:Tooltip_zReVC_Easel,,Base,Base,,,Item
Base.LabPosterPeriodicTable,,Base,Base,,,Item
Base.SheetPaper2=6,,Base,Base,,,Item
Base.Twine=1,,Base,Base,,,Item
Base.LabPosterWashHands,,Base,Base,,,Item
Base.LabPosterBiohazard,,Base,Base,,,Item
Base.LabPosterHumanBrain,,Base,Base,,,Item
Base.LabSyringe=1,,Base,Base,,,Item
Base.AlcoholedCottonBalls,,Base,Base,,,Item
Base.Sound:Mixing_D,,Base,Base,,,Item
Base.OnCreate:LabRecipes_ProcessBloodForAnalysis,,Base,Base,,,Item
Base.CmpSyringeWithBlood,,Base,Base,,,Item
Base.LabSyringeReusable=1,,Base,Base,,,Item
Base.CmpSyringeReusableWithBlood,,Base,Base,,,Item
Base.CmpSyringeWithBlood=1,,Base,Base,,,Item
Base.SheetPaper2=1,,Base,Base,,,Item
Base.Sound:Appliance_A,,Base,Base,,,Item
Base.SkillRequired:Doctor=1,,Base,Base,,,Item
Base.OnTest:LabRecipes_IsNearSpectrometer,,Base,Base,,,Item
Base.OnCreate:LabRecipes_CreateBloodTestResult,,Base,Base,,,Item
Base.Tooltip:Tooltip_zReVC_Spectrometer,,Base,Base,,,Item
Base.LabSyringeUsed,,Base,Base,,,Item
Base.CmpSyringeReusableWithBlood=1,,Base,Base,,,Item
Base.OnCreate:LabRecipes_CreateBloodTestResultTwo,,Base,Base,,,Item
Base.LabSyringeReusableUsed,,Base,Base,,,Item
Base.Cork=1,,Base,Base,,,Item
Base.MatInfectedBlood=1,,Base,Base,,,Item
Base.Sound:Mixing_D_2,,Base,Base,,,Item
Base.NeedToBeLearn:False,,Base,Base,,,Item
Base.CmpTestTubeWithInfectedBlood,,Base,Base,,,Item
Base.MatRareBlood=1,,Base,Base,,,Item
Base.CmpTestTubeWithRareBlood,,Base,Base,,,Item
Base.CmpTestTubeWithInfectedBlood=3,,Base,Base,,,Item
Base.LabFlask=2,,Base,Base,,,Item
Base.Cork=2,,Base,Base,,,Item
Base.Category:Chemistry,,Base,Base,,,Item
Base.OnTest:LabRecipes_IsNearCentrifuge,,Base,Base,,,Item
Base.OnCreate:LabRecipes_AddMoreBloodComponents,,Base,Base,,,Item
Base.Tooltip:Tooltip_zReVC_Centrifuge,,Base,Base,,,Item
Base.CmpFlaskWithBloodCells,,Base,Base,,,Item
Base.CmpFlaskWithBloodCells=1,,Base,Base,,,Item
Base.CmpFlaskWithAmmoniumSulfate=1,,Base,Base,,,Item
Base.OnTest:LabRecipes_IsNearMicroscope,,Base,Base,,,Item
Base.OnCreate:LabRecipes_AddDirtyVials,,Base,Base,,,Item
Base.Tooltip:Tooltip_zReVC_Microscope,,Base,Base,,,Item
Base.CmpFlaskWithLeukocytes,,Base,Base,,,Item
Base.CmpFlaskWithLeukocytes=1,,Base,Base,,,Item
Base.OnTest:LabRecipes_IsNearChromatographWithComputer,,Base,Base,,,Item
Base.Tooltip:Tooltip_zReVC_ChromatographAndComputer,,Base,Base,,,Item
Base.CmpTestTubeWithAntibodies,,Base,Base,,,Item
Base.LabFlaskWater=1,,Base,Base,,,Item
Base.CmpFlaskWithBloodPlasma=3,,Base,Base,,,Item
Base.CmpFlaskWithLeukocytes=3,,Base,Base,,,Item
Base.CmpSyringeWithPlainVaccine,,Base,Base,,,Item
Base.CmpSyringeReusableWithPlainVaccine,,Base,Base,,,Item
Base.CmpFlaskWithBloodPlasma=5,,Base,Base,,,Item
Base.CmpFlaskWithLeukocytes=6,,Base,Base,,,Item
Base.CmpSyringeWithQualityVaccine,,Base,Base,,,Item
Base.CmpSyringeReusableWithQualityVaccine,,Base,Base,,,Item
Base.CmpFlaskWithBloodPlasma=6,,Base,Base,,,Item
Base.CmpFlaskWithLeukocytes=9,,Base,Base,,,Item
Base.CmpTestTubeWithAntibodies=1,,Base,Base,,,Item
Base.CmpSyringeWithAdvancedVaccine,,Base,Base,,,Item
Base.CmpSyringeReusableWithAdvancedVaccine,,Base,Base,,,Item
Base.CmpFlaskWithBloodPlasma=8,,Base,Base,,,Item
Base.CmpTestTubeWithAntibodies=8,,Base,Base,,,Item
Base.CmpTestTubeWithRareBlood/MatRareBlood=6,,Base,Base,,,Item
Base.CmpFlaskWithSodiumHypochlorite=2,,Base,Base,,,Item
Base.CmpSyringeWithCure,,Base,Base,,,Item
Base.CmpSyringeReusableWithCure,,Base,Base,,,Item
Base.CmpTestTubeWithRareBlood/MatRareBlood=10,,Base,Base,,,Item
Base.CmpFlaskWithSodiumHypochlorite=3,,Base,Base,,,Item
Base.SkillRequired:Doctor=8,,Base,Base,,,Item
Base.CmpSyringeWithSerum,,Base,Base,,,Item
Base.CmpSyringeReusableWithSerum,,Base,Base,,,Item
Base.Sound:BreakAmpule,,Base,Base,,,Item
Base.OnCreate:LabRecipes_InjectSerum,,Base,Base,,,Item
Base.CmpSyringeWithPlainVaccine/CmpSyringeWithQualityVaccine/CmpSyringeWithAdvancedVaccine/CmpSyringeWithCure,,Base,Base,,,Item
Base.OnCreate:LabRecipes_InjectVaccine,,Base,Base,,,Item
Base.CmpSyringeReusableWithPlainVaccine/CmpSyringeReusableWithQualityVaccine/CmpSyringeReusableWithAdvancedVaccine/CmpSyringeReusableWithCure,,Base,Base,,,Item
Base.ChHydrochloricAcidCan=1,,Base,Base,,,Item
Base.ChSodiumHydroxideBag=1,,Base,Base,,,Item
Base.keep Gloves_LeatherGloves/Gloves_LeatherGlovesBlack,,Base,Base,,,Item
Base.Sound:Mixing_A,,Base,Base,,,Item
Base.CmpFlaskWithSodiumHypochlorite,,Base,Base,,,Item
Base.ChAmmonia=1,,Base,Base,,,Item
Base.ChSulfuricAcidCan=1,,Base,Base,,,Item
Base.keep Glasses_SafetyGoggles/Glasses_SkiGoggles/Glasses_SwimmingGoggles/Glasses_Shooting,,Base,Base,,,Item
Base.keep Apron_Black/Apron_White/Apron_IceCream/Apron_PileOCrepe/Apron_PizzaWhirled/Apron_Spiffos/Apron_WhiteTEXTURE,,Base,Base,,,Item
Base.CmpFlaskWithAmmoniumSulfate,,Base,Base,,,Item
Base.CmpFlaskWithHydrogenPeroxide,,Base,Base,,,Item
Base.Sound:Pills_A,,Base,Base,,,Item
Base.CmpAlbuminPills,,Base,Base,,,Item
Base.CmpChlorineTablets,,Base,Base,,,Item
Base.destroy WaterBleachBottle=1,,Base,Base,,,Item
Base.Sound:Mixing_C,,Base,Base,,,Item
Base.Bleach,,Base,Base,,,Item
Base.destroy WaterBottleFull/WaterPopBottle=1,,Base,Base,,,Item
Base.CmpFlaskWithHydrogenPeroxide=1,,Base,Base,,,Item
Base.Disinfectant,,Base,Base,,,Item
Base.GardeningSprayEmpty,,Base,Base,,,Item
Base.Water=3,,Base,Base,,,Item
Base.Result:GardeningSprayMilk,,Base,Base,,,Item
Heat:-0.22,,Heat:-0,Heat:-0,,,Item
Base.LabTestTubeDirty=1,,Base,Base,,,Item
Base.WaterPot=1,,Base,Base,,,Item
Base.Sound:Cleaning_A,,Base,Base,,,Item
Base.CanBeDoneFromFloor:True,,Base,Base,,,Item
Base.Disinfectant=1,,Base,Base,,,Item
Base.LabFlaskDirty=1,,Base,Base,,,Item
Base.WaterPot=3,,Base,Base,,,Item
Base.Disinfectant=2,,Base,Base,,,Item
Base.CmpTestTubeWithTaintedBlood=1,,Base,Base,,,Item
Base.Sound:Pour_Out_A,,Base,Base,,,Item
Base.LabTestTubeDirty,,Base,Base,,,Item
Base.LabSyringeReusableUsed=1,,Base,Base,,,Item
Base.Plank=1,,Base,Base,,,Item
Base.Cork,,Base,Base,,,Item
Base.Perfume=2,,Base,Base,,,Item
Result:Moveables.brokenglass_1_0=1,,Result:Moveables,Result:Moveables,,,Item
Base.Sound:Shatter_B,,Base,Base,,,Item
Base.Cologne=2,,Base,Base,,,Item
Base.Sound:Shatter_A,,Base,Base,,,Item
Base.brokenglass_1_0,,Base,Base,,,Item
Base.RearWindshield1/RearWindshield2/RearWindshield3/Windshield1/Windshield2/Windshield3,,Base,Base,,,Item
Base.LabSyringePack=1,,Base,Base,,,Item
Base.Sound:PZ_DuctTape,,Base,Base,,,Item
Base.LabSyringe,,Base,Base,,,Item
Base.LabSyringe=10,,Base,Base,,,Item
Base.LabSyringePack,,Base,Base,,,Item
Base.LabTestTubePack=1,,Base,Base,,,Item
Base.LabTestTube=10,,Base,Base,,,Item
Base.LabTestTubePack,,Base,Base,,,Item
Base.LabFlaskPack=1,,Base,Base,,,Item
Base.LabFlask=8,,Base,Base,,,Item
Base.LabFlaskPack,,Base,Base,,,Item
Base.82porsche911TurboTire,,Base,Base,,,Item
Base.82porsche911RWBTire,,Base,Base,,,Item
Base.82porsche911SCTire,,Base,Base,,,Item
Base.82porsche911turboEngineDoor3,,Base,Base,,,Item
Base.82porsche911RWBEngineDoor3,,Base,Base,,,Item
Base.82porsche911SCEngineDoor3,,Base,Base,,,Item
Base.82porsche911Door3,,Base,Base,,,Item
Base.82porsche911TrunkDoor3,,Base,Base,,,Item
Base.82porsche911FrontSeat3,,Base,Base,,,Item
Base.82porsche911Windshield3,,Base,Base,,,Item
Base.82porsche911FrontSideWindow3,,Base,Base,,,Item
Base.82porsche911RearSideWindow3,,Base,Base,,,Item
Base.82porsche911WindshieldRear3,,Base,Base,,,Item
Base.82porsche911targaWindshieldRear3,,Base,Base,,,Item
Base.82porsche911WindshieldArmor,,Base,Base,,,Item
Base.82porsche911FrontWindowArmor,,Base,Base,,,Item
Base.82porsche911RearWindowArmor,,Base,Base,,,Item
Base.82porsche911WindshieldRearArmor,,Base,Base,,,Item
Base.82porsche911taWindshieldRearArmor,,Base,Base,,,Item
Base.82porsche911BullbarFrontA,,Base,Base,,,Item
Base.82porsche911turboBumperFront0,,Base,Base,,,Item
Base.82porsche911turboBumperFrontA,,Base,Base,,,Item
Base.82porsche911RWBBumperFront1,,Base,Base,,,Item
Base.82porsche911RWBBumperFrontA,,Base,Base,,,Item
Base.82porsche911SCBumperFront0,,Base,Base,,,Item
Base.82porsche911SCBumperFrontA,,Base,Base,,,Item
Base.OldSmallRoofrack3,,Base,Base,,,Item
Base.98stageaTire3,,Base,Base,,,Item
Base.98stageaEngineDoor3,,Base,Base,,,Item
damnCraft.HandleClassic,,damnCraft,damnCraft,,,Item
Base.98stageaFrontDoor3,,Base,Base,,,Item
Base.98stageaRearDoor3,,Base,Base,,,Item
Base.98stageaTrunkDoor3,,Base,Base,,,Item
Base.98stageaSeatFront3,,Base,Base,,,Item
Base.98stageaSeatRear3,,Base,Base,,,Item
Base.98stageaWindshield3,,Base,Base,,,Item
Base.98stageaFrontSideWindow3,,Base,Base,,,Item
Base.98stageaRearSideWindow3,,Base,Base,,,Item
Base.98stageaBackSideWindow3,,Base,Base,,,Item
Base.98stageaRearWindshield3,,Base,Base,,,Item
Base.98stageaWindshieldArmor,,Base,Base,,,Item
Base.98stageaFrontWindowArmor,,Base,Base,,,Item
Base.98stageaRearWindowArmor,,Base,Base,,,Item
Base.98stageaBackWindowArmor,,Base,Base,,,Item
Base.98stageaWindshieldRearArmor,,Base,Base,,,Item
Base.98stageaBullbarFrontA,,Base,Base,,,Item
Base.98stageaBumperFront0,,Base,Base,,,Item
Base.98stageaBumperFrontA,,Base,Base,,,Item
Base.ModernSmallRoofrack3,,Base,Base,,,Item
Base.ModernLargeRoofrack3,,Base,Base,,,Item
Base.87buickRegalTire1,,Base,Base,,,Item
Base.87buickRegalGNXTire3,,Base,Base,,,Item
Base.87buickRegalEngineDoor3,,Base,Base,,,Item
Base.87buickRegalFrontDoor3,,Base,Base,,,Item
Base.87buickRegalTrunkDoor3,,Base,Base,,,Item
Base.87buickRegalSeatFront3,,Base,Base,,,Item
Base.87buickRegalSeatRear3,,Base,Base,,,Item
Base.87buickRegalWindshield3,,Base,Base,,,Item
Base.87buickRegalFrontSideWindow3,,Base,Base,,,Item
Base.87buickRegalRearSideWindow3,,Base,Base,,,Item
Base.87buickRegalRearWindshield3,,Base,Base,,,Item
Base.87buickRegalWindshieldArmor,,Base,Base,,,Item
Base.87buickRegalFrontWindowArmor,,Base,Base,,,Item
Base.87buickRegalRearWindowArmor,,Base,Base,,,Item
Base.87buickRegalWindshieldRearArmor,,Base,Base,,,Item
Base.87buickRegalBullbar,,Base,Base,,,Item
Base.87buickRegalRoofrack3,,Base,Base,,,Item
Base.87buickRegalBumperFront,,Base,Base,,,Item
Base.87buickRegalBumperFrontA,,Base,Base,,,Item
Base.AdvancedScrap = 1,,Base,Base,,,Item
Base.Result: ElectronicsScrap = 10,,Base,Base,,,Item
Base.Category: Electrical,,Base,Base,,,Item
Base.ElectronicsScrap = 15,,Base,Base,,,Item
Base.Result: AdvancedScrap = 1,,Base,Base,,,Item
Base.SkillRequired:Electricity=6,,Base,Base,,,Item
Base.RadioTransmitter = 1,,Base,Base,,,Item
keep [Recipe.GetItemTypes.Screwdriver],,keep [Recipe,keep [Recipe,,,Item
Base.Result: FuseInverterT1,,Base,Base,,,Item
Base.AdvancedScrap = 2,,Base,Base,,,Item
Base.FuseInverterT1 = 1,,Base,Base,,,Item
Base.Result: FuseInverterT2,,Base,Base,,,Item
Base.SkillRequired:Electricity=10,,Base,Base,,,Item
Base.ElectricWire = 2,,Base,Base,,,Item
Base.Result: FuseRubberWiresT1,,Base,Base,,,Item
Base.SkillRequired:Electricity=4,,Base,Base,,,Item
Base.FuseRubberWiresT1 = 1,,Base,Base,,,Item
Base.Result: FuseRubberWiresT2,,Base,Base,,,Item
Base.SkillRequired:Electricity=8,,Base,Base,,,Item
Base.Result: FuseCoilT1,,Base,Base,,,Item
Base.SkillRequired:Electricity=5,,Base,Base,,,Item
Base.FuseCoilT1 = 1,,Base,Base,,,Item
Base.Result: FuseCoilT2,,Base,Base,,,Item
Base.SkillRequired:Electricity=7,,Base,Base,,,Item
Base.Screws = 10,,Base,Base,,,Item
Base.Result: FuseSparePartsT1,,Base,Base,,,Item
Base.Nails = 10,,Base,Base,,,Item
Base.FuseSparePartsT1 = 1,,Base,Base,,,Item
Base.Result: FuseSparePartsT2,,Base,Base,,,Item
Base.Result: FuseMarkedCompsT1,,Base,Base,,,Item
Base.FuseMarkedCompsT1 = 1,,Base,Base,,,Item
Base.Result: FuseMarkedCompsT2,,Base,Base,,,Item
Base.SheetPaper2 = 1,,Base,Base,,,Item
keep [Recipe.GetItemTypes.Write],,keep [Recipe,keep [Recipe,,,Item
Base.Result: FuseNotesT1,,Base,Base,,,Item
Base.SkillRequired:Electricity=2,,Base,Base,,,Item
Base.FuseNotesT1 = 1,,Base,Base,,,Item
Base.Result: FuseNotesT2,,Base,Base,,,Item
Base.73fordFalconTire3,,Base,Base,,,Item
Base.73fordFalconPSTire3,,Base,Base,,,Item
Base.73fordFalconEngineDoor3,,Base,Base,,,Item
Base.73fordFalconPSEngineDoor3,,Base,Base,,,Item
Base.73fordFalconFrontDoor3,,Base,Base,,,Item
Base.73fordFalconTrunkDoor3,,Base,Base,,,Item
Base.73fordFalconSeatFront3,,Base,Base,,,Item
Base.73fordFalconSeatRear3,,Base,Base,,,Item
Base.73fordFalconWindshield3,,Base,Base,,,Item
Base.73fordFalconFrontSideWindow3,,Base,Base,,,Item
Base.73fordFalconRearSideWindow3,,Base,Base,,,Item
Base.73fordFalconRearWindshield3,,Base,Base,,,Item
Base.73fordFalconWindshieldArmor,,Base,Base,,,Item
Base.73fordFalconFrontWindowArmor,,Base,Base,,,Item
Base.73fordFalconRearWindowArmor,,Base,Base,,,Item
Base.73fordFalconWindshieldRearArmor,,Base,Base,,,Item
Base.73fordFalconBumperFront0,,Base,Base,,,Item
Base.73fordFalconBullbarFrontA,,Base,Base,,,Item
Base.73fordFalconBumperFrontA,,Base,Base,,,Item
Base.73fordFalconPSBumperFront0,,Base,Base,,,Item
Base.73fordFalconPSBumperFront1,,Base,Base,,,Item
Base.73fordFalconBumperRear,,Base,Base,,,Item
Base.73fordFalconPSStorage,,Base,Base,,,Item
Base.73fordFalconPSMuffler3,,Base,Base,,,Item
Base.76chevyKseriesTire2,,Base,Base,,,Item
Base.76chevyKseriesDoubleTires2,,Base,Base,,,Item
Base.76chevyKseriesEngineDoor2,,Base,Base,,,Item
Base.76chevyKseriesCutEngineDoor2,,Base,Base,,,Item
Base.76chevyKseriesTrunkDoor2,,Base,Base,,,Item
Base.76chevyKseriesTrunkDoorFD2,,Base,Base,,,Item
Base.76chevyKseriesLidsFD2,,Base,Base,,,Item
Base.76chevyCseriesWreckerTrunkDoor2,,Base,Base,,,Item
Base.76chevyCseriesWreckerLid2,,Base,Base,,,Item
Base.76chevyKseriesSeatFront2,,Base,Base,,,Item
Base.76chevyKseriesSeatRear2,,Base,Base,,,Item
Base.76chevyKseriesWindshieldArmor,,Base,Base,,,Item
Base.76chevyKseriesFrontWindowArmor,,Base,Base,,,Item
Base.76chevyKseriesRearWindowArmor,,Base,Base,,,Item
Base.76chevyKseriesBullbarFrontA,,Base,Base,,,Item
Base.76chevyKseriesBullbarFrontB,,Base,Base,,,Item
Base.76chevyCseriesBullbarFrontC,,Base,Base,,,Item
Base.76chevyKseriesRoofrack2,,Base,Base,,,Item
Base.76chevyCseriesRoofrack2,,Base,Base,,,Item
Base.76chevyKseriesRollbar2,,Base,Base,,,Item
Base.76chevyKseriesRollbarSpec2,,Base,Base,,,Item
Base.76chevyKseriesToolbox2,,Base,Base,,,Item
Base.3rdGenChevyCKseriesBumperRear0,,Base,Base,,,Item
Base.76chevyKseriesBumperRearA,,Base,Base,,,Item
Base.76chevyK10BedCap2,,Base,Base,,,Item
Base.76chevyK20BedCap2,,Base,Base,,,Item
Base.76chevyK10OpenBedCap2,,Base,Base,,,Item
Base.76chevyK20OpenBedCap2,,Base,Base,,,Item
Base.76chevyCseriesSidesteps0,,Base,Base,,,Item
Base.76chevyCseriesSidesteps1,,Base,Base,,,Item
Base.76chevyCseriesWreckerMountLeft,,Base,Base,,,Item
Base.76chevyCseriesWreckerMountRight,,Base,Base,,,Item
Base.Glue,,Base,Base,,,Item
Base.76chevyKseriesFDMudflaps,,Base,Base,,,Item
Base.76chevyCseriesWreckerMudflaps,,Base,Base,,,Item
Base.76chevyCseriesVisor,,Base,Base,,,Item
Base.93fordF350BullbarFrontD,,Base,Base,,,Item
Base.BucketEmpty,,Base,Base,,,Item
FunctionalAppliances.FATheaterPopcorn,影院爆米花,FunctionalAppliances,FunctionalAppliances,,,Item
FunctionalAppliances.FABucketofPopcorn,桶装影院爆米花,FunctionalAppliances,FunctionalAppliances,,,Item
FunctionalAppliances.FAEmptyBucketPopcorn,空爆米花桶,FunctionalAppliances,FunctionalAppliances,,,Item
FunctionalAppliances.FAButteredPopcorn,黄油影院爆米花,FunctionalAppliances,FunctionalAppliances,,,Item
FunctionalAppliances.FABucketofButteredPopcorn,桶装黄油影院爆米花,FunctionalAppliances,FunctionalAppliances,,,Item
Base.Butter,,Base,Base,,,Item
FunctionalAppliances.FAEmptyKeg,空啤酒桶,FunctionalAppliances,FunctionalAppliances,,,Item
Base.Yeast,,Base,Base,,,Item
Base.Pot,,Base,Base,,,Item
Base.Water,,Base,Base,,,Item
FunctionalAppliances.FAHomeBrewKeg,自酿啤酒桶,FunctionalAppliances,FunctionalAppliances,,,Item
FunctionalAppliances.EmptyFACO2Tank,空二氧化碳罐,FunctionalAppliances,FunctionalAppliances,,,Item
Base.Garbagebag,,Base,Base,,,Item
Base.DuctTape,,Base,Base,,,Item
Base.BakingSoda,,Base,Base,,,Item
Base.Vinegar2,,Base,Base,,,Item
Base.TirePump,,Base,Base,,,Item
FunctionalAppliances.FACO2Tank,二氧化碳罐,FunctionalAppliances,FunctionalAppliances,,,Item
Base.ProduceBox_Medium,,Base,Base,,,Item
FunctionalAppliances.FAEmptySodaSyrupBox,空苏打糖浆盒,FunctionalAppliances,FunctionalAppliances,,,Item
Base.Strewberrie,,Base,Base,,,Item
FunctionalAppliances.FAMixedBerriesSodaSyrupBox,混合浆果味苏打糖浆盒,FunctionalAppliances,FunctionalAppliances,,,Item
Base.Orange,,Base,Base,,,Item
FunctionalAppliances.FAOrangeSodaSyrupBox,橙子味苏打糖浆盒,FunctionalAppliances,FunctionalAppliances,,,Item
Base.Lemon,,Base,Base,,,Item
Base.Lime,,Base,Base,,,Item
FunctionalAppliances.FALemonLimeSodaSyrupBox,柠檬莱姆味苏打糖浆盒,FunctionalAppliances,FunctionalAppliances,,,Item
Base.Log,,Base,Base,,,Item
Base.GingerRoot,,Base,Base,,,Item
FunctionalAppliances.FARootBeerSodaSyrupBox,根汁汽水味苏打糖浆盒,FunctionalAppliances,FunctionalAppliances,,,Item
Base.LicoriceBlack,,Base,Base,,,Item
FunctionalAppliances.FAKYColaSodaSyrupBox,基Y可乐味苏打糖浆盒,FunctionalAppliances,FunctionalAppliances,,,Item
FunctionalAppliances.FAColaSodaSyrupBox,可乐味苏打糖浆盒,FunctionalAppliances,FunctionalAppliances,,,Item
FunctionalAppliances.FADietColaSodaSyrupBox,健怡可乐味苏打糖浆盒,FunctionalAppliances,FunctionalAppliances,,,Item
FunctionalAppliances.FAGingerAleSodaSyrupBox,姜汁汽水味苏打糖浆盒,FunctionalAppliances,FunctionalAppliances,,,Item
Base.BerryBlue,,Base,Base,,,Item
FunctionalAppliances.FABlueberrySodaSyrupBox,蓝莓味苏打糖浆盒,FunctionalAppliances,FunctionalAppliances,,,Item
Base.Gum,,Base,Base,,,Item
FunctionalAppliances.FABubblegumSodaSyrupBox,泡泡糖味苏打糖浆盒,FunctionalAppliances,FunctionalAppliances,,,Item
FunctionalAppliances.FALimeSodaSyrupBox,莱姆味苏打糖浆盒,FunctionalAppliances,FunctionalAppliances,,,Item
Base.Grapes,,Base,Base,,,Item
FunctionalAppliances.FAGrapeSodaSyrupBox,葡萄味苏打糖浆盒,FunctionalAppliances,FunctionalAppliances,,,Item
Base.Pineapple,,Base,Base,,,Item
FunctionalAppliances.FAPineappleSodaSyrupBox,菠萝味苏打糖浆盒,FunctionalAppliances,FunctionalAppliances,,,Item
FunctionalAppliances.FAStrawberrySodaSyrupBox,草莓味苏打糖浆盒,FunctionalAppliances,FunctionalAppliances,,,Item
Base.Cherry,,Base,Base,,,Item
FunctionalAppliances.FADrPeppaSodaSyrupBox,佩珀医生味苏打糖浆盒,FunctionalAppliances,FunctionalAppliances,,,Item
Base.PaperNapkins2,,Base,Base,,,Item
FunctionalAppliances.FAPaperNapkins,纸巾,FunctionalAppliances,FunctionalAppliances,,,Item
Base.*,,Base,Base,,,Item
FunctionalAppliances.FAPaperNapkinsWet,湿纸巾,FunctionalAppliances,FunctionalAppliances,,,Item
Base.93fordTaurusTire1,,Base,Base,,,Item
Base.93fordTaurusSHOTire3,,Base,Base,,,Item
Base.93fordTaurusEngineDoor1,,Base,Base,,,Item
Base.93fordTaurusFrontDoor1,,Base,Base,,,Item
Base.93fordTaurusRearDoor1,,Base,Base,,,Item
Base.93fordTaurusSedanTrunkDoor1,,Base,Base,,,Item
Base.93fordTaurusWagonTrunkDoor1,,Base,Base,,,Item
Base.93fordTaurusSeatFront1,,Base,Base,,,Item
Base.93fordTaurusSeatRear1,,Base,Base,,,Item
Base.93fordTaurusWindshield1,,Base,Base,,,Item
Base.93fordTaurusFrontSideWindow1,,Base,Base,,,Item
Base.93fordTaurusRearSideWindow1,,Base,Base,,,Item
Base.93fordTaurusWagonBackSideWindow1,,Base,Base,,,Item
Base.93fordTaurusSedanRearWindshield1,,Base,Base,,,Item
Base.93fordTaurusWagonRearWindshield1,,Base,Base,,,Item
Base.93fordTaurusWindshieldArmor,,Base,Base,,,Item
Base.93fordTaurusFrontWindowArmor,,Base,Base,,,Item
Base.93fordTaurusRearWindowArmor,,Base,Base,,,Item
Base.93fordTaurusWagonBackWindowArmor,,Base,Base,,,Item
Base.93fordTaurusSedanWindshieldRearArmor,,Base,Base,,,Item
Base.93fordTaurusWagonWindshieldRearArmor,,Base,Base,,,Item
Base.93fordTaurusBullbarFrontA,,Base,Base,,,Item
Base.93fordTaurusBumperFront1,,Base,Base,,,Item
Base.93fordTaurusBumperFrontA,,Base,Base,,,Item
Base.93fordTaurusSHOBumperFront1,,Base,Base,,,Item
Base.93fordTaurusSHOBumperFrontA,,Base,Base,,,Item
Base.93fordTaurusRoofrack1,,Base,Base,,,Item
Base.Suitcase,,Base,Base,,,Item
Base.Briefcase,,Base,Base,,,Item
Base.Rope,,Base,Base,,,Item
Base.93fordTaurusWagonRoofrack1,,Base,Base,,,Item
ItemAffix.EnchantMaterial=20,,ItemAffix,ItemAffix,,,Item
Result:ItemAffix.EnchantManual,,Result:ItemAffix,Result:ItemAffix,,,Item
Base.M911EngineDoor2,,Base,Base,,,Item
Base.M911CarFrontDoor2,,Base,Base,,,Item
Base.M911TrunkDoor2,,Base,Base,,,Item
Base.M127TrunkDoor2,,Base,Base,,,Item
Base.M128TrunkDoor2,,Base,Base,,,Item
Base.M129TrunkDoor2,,Base,Base,,,Item
Base.M967TrunkDoor2,,Base,Base,,,Item
Base.IsoContainerTrunkDoor2,,Base,Base,,,Item
Base.M911Windshield2,,Base,Base,,,Item
Base.M911SideWindow2,,Base,Base,,,Item
Base.M911WindshieldRear2,,Base,Base,,,Item
Base.M911WindshieldArmor,,Base,Base,,,Item
Base.M911CarFrontDoorArmor,,Base,Base,,,Item
Base.M911WindshieldRearArmor,,Base,Base,,,Item
Base.M911Bullbar0,,Base,Base,,,Item
Base.M911Bullbar1,,Base,Base,,,Item
Base.M911Muffler,,Base,Base,,,Item
Base.M911Mudflaps,,Base,Base,,,Item
Base.Wallet,,Base,Base,,,Item
Base.LeatherStrips,,Base,Base,,,Item
Base.Shoes_Random,鞋,Base,Base,,,Item
Base.Shoes_Sandals,凉鞋,Base,Base,,,Item
Base.RippedSheets,,Base,Base,,,Item
Base.Sheet,,Base,Base,,,Item
Base.DenimStrips,,Base,Base,,,Item
Base.Twine,,Base,Base,,,Item
Base.WoodenStick2,,Base,Base,,,Item
LD.Bag_LegendaryDuffelbag_Grey,传奇帆布包 (灰色),LD,LD,,,Item
Base.PaintGreen,,Base,Base,,,Item
LD.Bag_LegendaryDuffelbag_Green,传奇帆布包 (绿色),LD,LD,,,Item
Base.PaintBrown,,Base,Base,,,Item
LD.Bag_LegendaryDuffelbag_Brown,传奇帆布包 (棕色),LD,LD,,,Item
Base.PaintBlack,,Base,Base,,,Item
LD.Bag_LegendaryDuffelbag_Black,传奇帆布包 (黑色),LD,LD,,,Item
Base.PaintPink,,Base,Base,,,Item
LD.Bag_LegendaryDuffelbag_Pink,传奇帆布包 (粉色),LD,LD,,,Item
Base.PaintRed,,Base,Base,,,Item
LD.Bag_LegendaryDuffelbag_Red,传奇帆布包 (红色),LD,LD,,,Item
Base.PaintBlue,,Base,Base,,,Item
LD.Bag_LegendaryDuffelbag_Blue,传奇帆布包 (蓝色),LD,LD,,,Item
Base.PaintOrange,,Base,Base,,,Item
LD.Bag_LegendaryDuffelbag_Orange,传奇帆布包 (橙色),LD,LD,,,Item
Base.PaintPurple,,Base,Base,,,Item
LD.Bag_LegendaryDuffelbag_Purple,传奇帆布包 (紫色),LD,LD,,,Item
Base.PaintWhite,,Base,Base,,,Item
LD.Bag_LegendaryDuffelbag_White,传奇帆布包 (白色),LD,LD,,,Item
Base.IridiumeggCarton,,Base,Base,,,Item
Base.Iridiumegg,,Base,Base,,,Item
Base.GoldeggCarton,,Base,Base,,,Item
Base.Goldegg,,Base,Base,,,Item
Base.SilvereggCarton,,Base,Base,,,Item
Base.Silveregg,,Base,Base,,,Item
Base.PackOfElectroniccigarettes,,Base,Base,,,Item
Base.Electroniccigarettes,,Base,Base,,,Item
Base.ChickenFeather,,Base,Base,,,Item
Base.SharpBoneFragment,,Base,Base,,,Item
Base.DaisyArrow,,Base,Base,,,Item
Base.gongjvxiuli,,Base,Base,,,Item
Base.Result 		: gongjvxiuli,,Base,Base,,,Item
Base.Time 		: 80,,Base,Base,,,Item
Base.RemoveResultItem 		: TRUE,,Base,Base,,,Item
Base.Category 		: 交易-基础,,Base,Base,,,Item
Base.CanBeDoneFromFloor 		: TRUE,,Base,Base,,,Item
OnCreate 		: Recipe.OnCreate.xiuliwuqi,,OnCreate 		: Recipe,OnCreate 		: Recipe,,,Item
Base.gongjvqianghua,,Base,Base,,,Item
Base.Result 		: gongjvqianghua,,Base,Base,,,Item
OnCreate 		: Recipe.OnCreate.qianghua,,OnCreate 		: Recipe,OnCreate 		: Recipe,,,Item
Base.wuqixiaoyin,,Base,Base,,,Item
Base.Result 		: wuqixiaoyin,,Base,Base,,,Item
OnCreate 		: Recipe.OnCreate.wuqixiaoyin,,OnCreate 		: Recipe,OnCreate 		: Recipe,,,Item
Base.beibaokuorong,,Base,Base,,,Item
Base.Result 		: beibaokuorong,,Base,Base,,,Item
OnCreate 		: Recipe.OnCreate.kuorongbeibao,,OnCreate 		: Recipe,OnCreate 		: Recipe,,,Item
Base.beibaojianzhong,,Base,Base,,,Item
Base.Result 		: beibaojianzhong,,Base,Base,,,Item
OnCreate 		: Recipe.OnCreate.beibaojianzhong,,OnCreate 		: Recipe,OnCreate 		: Recipe,,,Item
Base.Money=300,,Base,Base,,,Item
Base.tradestation,,Base,Base,,,Item
Base.Result 		: shenshangxian,,Base,Base,,,Item
Base.Time 		: 1,,Base,Base,,,Item
Base.Category 		: 交易-战斗,,Base,Base,,,Item
Base.st_littlebag,,Base,Base,,,Item
Base.Result 		: st_littlebag,,Base,Base,,,Item
Time 		: 1.0,,Time 		: 1,Time 		: 1,,,Item
OnCreate 		: Recipe.OnCreate.putonstlittlebag,,OnCreate 		: Recipe,OnCreate 		: Recipe,,,Item
Base.RemoveResultItem:true,,Base,Base,,,Item
Base.91fordRangerTire2,,Base,Base,,,Item
Base.91fordRangerEngineDoor2,,Base,Base,,,Item
Base.91fordRangerFrontDoor2,,Base,Base,,,Item
Base.91fordRangerTrunkDoor2,,Base,Base,,,Item
Base.91fordRangerSeatFront2,,Base,Base,,,Item
damnCraft.SeatFrameSmall,,damnCraft,damnCraft,,,Item
Base.91fordRangerSeatRear2,,Base,Base,,,Item
Base.91fordRangerWindshield2,,Base,Base,,,Item
Base.91fordRangerFrontSideWindow2,,Base,Base,,,Item
Base.91fordRangerBackSideWindow2,,Base,Base,,,Item
Base.91fordRangerWindshieldRear2,,Base,Base,,,Item
Base.91fordRangerWindshieldArmor,,Base,Base,,,Item
Base.91fordRangerFrontWindowArmor,,Base,Base,,,Item
Base.91fordRangerBackWindowArmor,,Base,Base,,,Item
Base.91fordRangerBumperFront0,,Base,Base,,,Item
Base.91fordRangerBumperRear0,,Base,Base,,,Item
Base.91fordRangerBullbarFrontA,,Base,Base,,,Item
Base.91fordRangerBumperFrontA,,Base,Base,,,Item
Base.91fordRangerRollbar2,,Base,Base,,,Item
Base.91fordRangerMudflaps2,,Base,Base,,,Item
Base.91fordRangerBedCap2,,Base,Base,,,Item
Base.HeavyChain,,Base,Base,,,Item
ATA2.ATAProtectionWheelsChain,,ATA2,ATA2,,,Item
Base.HeavyChain_Hook,,Base,Base,,,Item
Base.LargeHook,,Base,Base,,,Item
ATA2.ATAFrontRoofLightItem,,ATA2,ATA2,,,Item
Base.ATARoofLightItem,,Base,Base,,,Item
Base.ATAProtectionWheelsChain,,Base,Base,,,Item
Base.82firebirdTire3,,Base,Base,,,Item
Base.82firebirdEngineDoor3,,Base,Base,,,Item
Base.82firebirdFrontDoor3,,Base,Base,,,Item
Base.82firebirdTrunkDoor3,,Base,Base,,,Item
Base.82firebirdSeatFront3,,Base,Base,,,Item
Base.82firebirdSeatRear3,,Base,Base,,,Item
Base.82firebirdWindshield3,,Base,Base,,,Item
Base.82firebirdFrontSideWindow3,,Base,Base,,,Item
Base.82firebirdRearRoofPanels3,,Base,Base,,,Item
Base.82firebirdRearWindshield3,,Base,Base,,,Item
Base.82firebirdFrontWindowArmor,,Base,Base,,,Item
Base.82firebirdWindshieldArmor,,Base,Base,,,Item
Base.82firebirdWindshieldRearArmor,,Base,Base,,,Item
Base.82firebirdBumperFrontA,,Base,Base,,,Item
Base.mapper:XLCLothingMapper,,Base,Base,,,Item
Base.ElectronicsScrap,,Base,Base,,,Item
Base.mapper:dHeadphones1,,Base,Base,,,Item
Base.SmallHandle,,Base,Base,,,Item
OTFW.OTs_LegionMachete,,OTFW,OTFW,,,Item
OTFW.Bullets10mmBox,,OTFW,OTFW,,,Item
OTFW.Bullets10mm,,OTFW,OTFW,,,Item
OTFW.Bullets5mmBox,,OTFW,OTFW,,,Item
OTFW.Bullets5mm,,OTFW,OTFW,,,Item
OTFW.Bullets50BMGBox,,OTFW,OTFW,,,Item
OTFW.Bullets50BMG,,OTFW,OTFW,,,Item
Base.127x99mm,12.7×99毫米 (.50 BMG)子弹,Base,Base,,,Item
Base.127x99mmCarton,12.7×99毫米 (.50 BMG)弹药包装箱,Base,Base,,,Item
Base.145x114mm,,Base,Base,,,Item
Base.145x114mmCarton,,Base,Base,,,Item
Base.127x99mmCartonBig,,Base,Base,,,Item
Base.20x102mmHE,,Base,Base,,,Item
Base.20x102mmHECarton,,Base,Base,,,Item
Base.20x102mm,,Base,Base,,,Item
Base.20x102mmCarton,,Base,Base,,,Item
Base.30x165mmHE,,Base,Base,,,Item
Base.30x165mmHECarton,,Base,Base,,,Item
Base.30x165mm,,Base,Base,,,Item
Base.30x165mmCarton,,Base,Base,,,Item
Base.762x63mm,,Base,Base,,,Item
Base.762x63mmCarton,,Base,Base,,,Item
Base.SteelIngot,,Base,Base,,,Item
Base.SheetHighHardnessSteel,,Base,Base,,,Item
Base.TirePiece,,Base,Base,,,Item
Base.TankTrackShoeNoTire,,Base,Base,,,Item
Base.Track_Shoe,,Base,Base,,,Item
Base.ClayTrackShoeMold,,Base,Base,,,Item
Base.CeramicCrucible_Iron,,Base,Base,,,Item
Base.Clay,,Base,Base,,,Item
Base.ClayTrackShoeMoldUnfired,,Base,Base,,,Item
Base.MortarPestle,,Base,Base,,,Item
Base.HerbG=2,,Base,Base,,,Item
Base.Result:HerbGG,,Base,Base,,,Item
Base.HerbGG,,Base,Base,,,Item
Base.HerbG,,Base,Base,,,Item
Base.Result:HerbGGG,,Base,Base,,,Item
Base.HerbR,,Base,Base,,,Item
Base.Result:HerbGR,,Base,Base,,,Item
Base.Tweezers,,Base,Base,,,Item
Base.HerbG=10,,Base,Base,,,Item
Base.HerbR=10,,Base,Base,,,Item
Base.Result:Relife,,Base,Base,,,Item
Base.Scissors,,Base,Base,,,Item
Base.Pada,,Base,Base,,,Item
Base.Result:PadaL,,Base,Base,,,Item
Base.JewelY=3,,Base,Base,,,Item
Base.Category:Businessman,,Base,Base,,,Item
Base.JewelY=1,,Base,Base,,,Item
Base.Result:HipPouch,,Base,Base,,,Item
Base.JewelG=6,,Base,Base,,,Item
Base.Result:Hjill,,Base,Base,,,Item
Base.Result:Mjill,,Base,Base,,,Item
Base.Result:Hjill2,,Base,Base,,,Item
Base.Result:Hjill2m,,Base,Base,,,Item
Base.JewelG=5,,Base,Base,,,Item
Base.Result:Vjill,,Base,Base,,,Item
Base.Result:Tjill2,,Base,Base,,,Item
Base.Result:BVjill,,Base,Base,,,Item
Base.Result:Bjill,,Base,Base,,,Item
Base.Result:Bada,,Base,Base,,,Item
Base.Result:Bcla,,Base,Base,,,Item
Base.Result:TBjill,,Base,Base,,,Item
Base.Result:Breb,,Base,Base,,,Item
Base.Result:Tjill,,Base,Base,,,Item
Base.Result:Tjill3,,Base,Base,,,Item
Base.Result:SSJill,,Base,Base,,,Item
Base.Result:SSada,,Base,Base,,,Item
Base.Result:Jada,,Base,Base,,,Item
Base.Result:Tada,,Base,Base,,,Item
Base.JewelG=3,,Base,Base,,,Item
Base.Result:Qjill,,Base,Base,,,Item
Base.Result:Aada,,Base,Base,,,Item
Base.Result:Aada2,,Base,Base,,,Item
Base.Result:Gada,,Base,Base,,,Item
Base.Result:Pada,,Base,Base,,,Item
Base.Result:HBada,,Base,Base,,,Item
Base.Result:LBada,,Base,Base,,,Item
Base.Result:Sada,,Base,Base,,,Item
Base.Result:Ajill,,Base,Base,,,Item
Base.Result:Ajill2,,Base,Base,,,Item
Base.JewelG=8,,Base,Base,,,Item
Base.Result:Cjill,,Base,Base,,,Item
Base.Result:Abag,,Base,Base,,,Item
Base.Result:Gjill,,Base,Base,,,Item
Base.Result:Sjill,,Base,Base,,,Item
Base.Result:LBjill,,Base,Base,,,Item
Base.Result:Ejill,,Base,Base,,,Item
Base.Result:Njill,,Base,Base,,,Item
Base.Result:TL,,Base,Base,,,Item
Base.Result:Hleon,,Base,Base,,,Item
Base.Result:RPDVest,,Base,Base,,,Item
Base.Result:LElbowPads,,Base,Base,,,Item
Base.Result:LKneePads,,Base,Base,,,Item
Base.Result:LElbowPads2,,Base,Base,,,Item
Base.Result:LKneePads2,,Base,Base,,,Item
Base.Result:Tleon,,Base,Base,,,Item
Base.Result:RPDT,,Base,Base,,,Item
Base.Result:RPDS,,Base,Base,,,Item
Base.Result:Hreb,,Base,Base,,,Item
Base.Result:Treb,,Base,Base,,,Item
Base.Result:Vreb,,Base,Base,,,Item
Base.Result:Hhunk,,Base,Base,,,Item
Base.Result:Mhunk2,,Base,Base,,,Item
Base.Result:Mhunk3,,Base,Base,,,Item
Base.Result:MhunkL,,Base,Base,,,Item
Base.Result:Thunk,,Base,Base,,,Item
Base.Result:Thunkm,,Base,Base,,,Item
Base.Result:Jhunk,,Base,Base,,,Item
Base.Result:Ghunk,,Base,Base,,,Item
Base.Result:Ghunkr,,Base,Base,,,Item
Base.JewelY=2,,Base,Base,,,Item
Base.Result:Bhunk,,Base,Base,,,Item
Base.Result:Ahunk,,Base,Base,,,Item
Base.Result:Vhunk,,Base,Base,,,Item
Base.Result:LBhunk,,Base,Base,,,Item
Base.Result:ChunkL,,Base,Base,,,Item
Base.Result:Hat_BalaclavaFull,,Base,Base,,,Item
Base.Result:Preb,,Base,Base,,,Item
Base.Result:Sreb,,Base,Base,,,Item
Base.Result:Hcla,,Base,Base,,,Item
Base.Result:Vcla,,Base,Base,,,Item
Base.Result:Scla,,Base,Base,,,Item
Base.Result:LBcla,,Base,Base,,,Item
Base.Result:Hada,,Base,Base,,,Item
Base.Result:Hjill3,,Base,Base,,,Item
Base.Result:Jjill,,Base,Base,,,Item
Base.Result:Tjill4,,Base,Base,,,Item
Base.Result:Gjill2,,Base,Base,,,Item
Base.Result:LBjill2,,Base,Base,,,Item
Base.Result:Hshe,,Base,Base,,,Item
Base.Result:Nshe,,Base,Base,,,Item
Base.Result:Jshe,,Base,Base,,,Item
Base.Result:Tshe,,Base,Base,,,Item
Base.Result:Nchr,,Base,Base,,,Item
Base.Result:Vchr,,Base,Base,,,Item
Base.Result:Vchr2,,Base,Base,,,Item
Base.Result:Jchr,,Base,Base,,,Item
Base.Result:Pchr,,Base,Base,,,Item
Base.Result:LBchr,,Base,Base,,,Item
Base.Result:Tchr,,Base,Base,,,Item
Base.Result:Bchr,,Base,Base,,,Item
Base.Result:Achr,,Base,Base,,,Item
Base.Result:Qchr,,Base,Base,,,Item
Base.Result:Gchr,,Base,Base,,,Item
Base.Result:Hshv,,Base,Base,,,Item
Base.Result:Gshv,,Base,Base,,,Item
Base.Result:Vshv,,Base,Base,,,Item
Base.Result:Jleon,,Base,Base,,,Item
Base.Result:Sage,,Base,Base,,,Item
Base.Result:Hage,,Base,Base,,,Item
Base.Result:Nage,,Base,Base,,,Item
Base.Result:Vage,,Base,Base,,,Item
Base.Result:Bage,,Base,Base,,,Item
Base.Result:AageL,,Base,Base,,,Item
Base.Result:Abar,,Base,Base,,,Item
Base.Result:RGoggles,,Base,Base,,,Item
Base.Result:HWhatup,,Base,Base,,,Item
Base.Result:ArmbagL,,Base,Base,,,Item
Base.Result:KHB,,Base,Base,,,Item
Base.Result:LSBWL,,Base,Base,,,Item
Base.Result:LSBRL,,Base,Base,,,Item
Base.Result:LSCL,,Base,Base,,,Item
Base.Result:LSCPL,,Base,Base,,,Item
Base.GunPowder=150,,Base,Base,,,Item
Base.Result:GunpowerS,,Base,Base,,,Item
Base.GunPowder=170,,Base,Base,,,Item
Base.Result:GunpowerL,,Base,Base,,,Item
Base.GunPowder=190,,Base,Base,,,Item
Base.Result:GunpowerA,,Base,Base,,,Item
Base.GunPowder=200,,Base,Base,,,Item
Base.Result:GunpowerB,,Base,Base,,,Item
Base.GunpowerS=2,,Base,Base,,,Item
Base.SkillRequired:Aiming=2,,Base,Base,,,Item
Base.Bullets9mm,9mm子弹,Base,Base,,,Item
Base.GunpowerS,,Base,Base,,,Item
Base.GunpowerL,,Base,Base,,,Item
Base.SkillRequired:Aiming=4,,Base,Base,,,Item
Base.ShotgunShells,12号霰弹,Base,Base,,,Item
Base.GunpowerL=2,,Base,Base,,,Item
Base.556Bullets,5.56子弹,Base,Base,,,Item
Base.GunpowerA=2,,Base,Base,,,Item
Base.SkillRequired:Aiming=6,,Base,Base,,,Item
Base.Result:HPRounds,,Base,Base,,,Item
Base.GunpowerA,,Base,Base,,,Item
Base.GunpowerB,,Base,Base,,,Item
Base.Result:FRounds,,Base,Base,,,Item
Base.GunpowerB=2,,Base,Base,,,Item
Base.Result:SRounds,,Base,Base,,,Item
Base.NJ,,Base,Base,,,Item
Base.Bullets45,.45 ACP子弹,Base,Base,,,Item
Base.Bullets44,.44 马格南子弹,Base,Base,,,Item
Base.308Bullets,.308子弹,Base,Base,,,Item
Base.SkillRequired:Aiming=7,,Base,Base,,,Item
Base.NeedleCartridges,,Base,Base,,,Item
Base.Result:Grenade,,Base,Base,,,Item
Base.JewelG=1,,Base,Base,,,Item
Base.Result:SomkeG,,Base,Base,,,Item
Base.Result:Jknife,,Base,Base,,,Item
Base.Result:Ftiger,,Base,Base,,,Item
Base.JewelG=15,,Base,Base,,,Item
Base.Result:StunRod,,Base,Base,,,Item
Base.Result:REaxe,,Base,Base,,,Item
Base.Result:NU,,Base,Base,,,Item
Base.Result:NJD,,Base,Base,,,Item
Base.Result:CA44,,Base,Base,,,Item
Base.Result:LightningHawk,,Base,Base,,,Item
Base.Result:44Clip,,Base,Base,,,Item
Base.Result:LE5,,Base,Base,,,Item
Base.JewelG=2,,Base,Base,,,Item
Base.Result:le5Clip,,Base,Base,,,Item
Base.Result:REP90,,Base,Base,,,Item
Base.Result:p90Clip,,Base,Base,,,Item
Base.Result:CQRB,,Base,Base,,,Item
Base.Result:556Clip,,Base,Base,,,Item
Base.JewelY=5,,Base,Base,,,Item
Base.Result:REPSG1,,Base,Base,,,Item
Base.Result:W870,,Base,Base,,,Item
Base.Result:Hydra,,Base,Base,,,Item
Base.Result:9mmClip,,Base,Base,,,Item
Base.Result:G18L,,Base,Base,,,Item
Base.Result:G18Clip,,Base,Base,,,Item
Base.Result:MQ11,,Base,Base,,,Item
Base.Result:MQ11Clip,,Base,Base,,,Item
Base.Result:GL1,,Base,Base,,,Item
Base.Result:Spark,,Base,Base,,,Item
Base.JewelY=8,,Base,Base,,,Item
Base.Result:Gatling,,Base,Base,,,Item
Base.Result:GatlingBelt,,Base,Base,,,Item
Base.Result:SPU,,Base,Base,,,Item
Base.Result:GTL,,Base,Base,,,Item
Base.Result:RESilencer,,Base,Base,,,Item
Base.Result:RELaser,,Base,Base,,,Item
Base.Result:RERedDot,,Base,Base,,,Item
Base.Result:REIronSight,,Base,Base,,,Item
Base.Result:REx2Scope,,Base,Base,,,Item
Base.Result:REx4Scope,,Base,Base,,,Item
Base.Result:REx8Scope,,Base,Base,,,Item
Base.Result:FGrip,,Base,Base,,,Item
Base.Result:LLB,,Base,Base,,,Item
Base.Result:WLB,,Base,Base,,,Item
Base.Result:WStock,,Base,Base,,,Item
Base.Result:W870A,,Base,Base,,,Item
Base.Result:Icarustr,,Base,Base,,,Item
Base.Result:Icarusch,,Base,Base,,,Item
Base.Result:Icarusdi,,Base,Base,,,Item
Base.Result:Icarushe,,Base,Base,,,Item
Base.Result:Icaruskn,,Base,Base,,,Item
Base.Result:Icarusso,,Base,Base,,,Item
Base.Result:Icarussp,,Base,Base,,,Item
Base.Result:Icarusst,,Base,Base,,,Item
Base.Result:Icaruswa,,Base,Base,,,Item
Base.Result:Icaruswi,,Base,Base,,,Item
Base.Result:Icarusac,,Base,Base,,,Item
Base.Result:Icarussh,,Base,Base,,,Item
Base.87ScampCamperDoor2,,Base,Base,,,Item
Base.KI5CamperSeat0,,Base,Base,,,Item
Base.KI5CamperBed0,,Base,Base,,,Item
Base.87ScampCamperFrontSideWindow2,,Base,Base,,,Item
Base.87ScampCamperRearSideWindow2,,Base,Base,,,Item
Base.87ScampCamperBackSideWindow2,,Base,Base,,,Item
Base.87ScampCamperRearWindshield2,,Base,Base,,,Item
Base.KI5CamperAwning,,Base,Base,,,Item
Base.87ScampCamperBumperRear0,,Base,Base,,,Item
Base.KI5CamperWindowArmorLarge0,,Base,Base,,,Item
Base.KI5CamperWindowArmorMedium0,,Base,Base,,,Item
Base.KI5CamperWindowArmorSmall0,,Base,Base,,,Item
Base.61airstreamCamperDoor2,,Base,Base,,,Item
Base.61airstreamCamperBumperRear0,,Base,Base,,,Item
Base.61airstreamCamperFrontWindshield2,,Base,Base,,,Item
Base.61airstreamCamperSmallSideWindow2,,Base,Base,,,Item
Base.61airstreamCamperLargeSideWindow2,,Base,Base,,,Item
Base.61airstreamCamperRearWindshield2,,Base,Base,,,Item
Base.61airstreamCamperToolboxLid2,,Base,Base,,,Item
Base.54airstreamCamperDoor2,,Base,Base,,,Item
Base.54airstreamCamperBumperRear0,,Base,Base,,,Item
Base.54airstreamCamperFrontWindshield2,,Base,Base,,,Item
Base.54airstreamCamperSmallSideWindow2,,Base,Base,,,Item
Base.54airstreamCamperLargeSideWindow2,,Base,Base,,,Item
Base.54airstreamCamperDoubleLargeSideWindow2,,Base,Base,,,Item
Base.54airstreamCamperRearWindshield2,,Base,Base,,,Item
Base.ElectricWire,,Base,Base,,,Item
ISA.WiredCarBattery,Kablolu Araç Aküsü,ISA,ISA,,,Item
Radio.ElectricWire,,Radio,Base,,,Item
destroy [Recipe.GetItemTypes.wireCarBattery],,destroy [Recipe,destroy [Recipe,,,Item
Base.Result: WiredCarBattery,,Base,Base,,,Item
Base.SkillRequired:Electricity=3,,Base,Base,,,Item
Base.Category:Electrical,,Base,Base,,,Item
OnCreate:Recipe.OnCreate.ISA_wireCarBattery,,OnCreate:Recipe,OnCreate:Recipe,,,Item
Base.WiredCarBattery,,Base,Base,,,Item
Base.Result:WiredCarBattery,,Base,Base,,,Item
Base.NoBrokenItems:false,,Base,Base,,,Item
OnCreate:Recipe.OnCreate.ISA_unwireCarBattery,,OnCreate:Recipe,OnCreate:Recipe,,,Item
Base.91fordLTDTire1,,Base,Base,,,Item
Base.fordCVPITire1,,Base,Base,,,Item
Base.91fordLTDEngineDoor1,,Base,Base,,,Item
Base.91fordLTDFrontDoor1,,Base,Base,,,Item
Base.91fordLTDRearDoor1,,Base,Base,,,Item
Base.91fordLTDTrunkDoor1,,Base,Base,,,Item
Base.91fordLTDWagonTrunkDoor1,,Base,Base,,,Item
Base.91fordLTDSeatFront1,,Base,Base,,,Item
Base.91fordLTDSeatRear1,,Base,Base,,,Item
Base.91fordLTDWindshield1,,Base,Base,,,Item
Base.91fordLTDFrontSideWindow1,,Base,Base,,,Item
Base.91fordLTDRearSideWindow1,,Base,Base,,,Item
Base.91fordLTDRearWindshield1,,Base,Base,,,Item
Base.91fordLTDWagonBackSideWindow1,,Base,Base,,,Item
Base.91fordLTDWagonRearWindshield1,,Base,Base,,,Item
Base.91fordLTDCabBarrier1,,Base,Base,,,Item
Base.91fordLTDWagonBackWindowArmor,,Base,Base,,,Item
Base.91fordLTDWagonWindshieldRearArmor,,Base,Base,,,Item
Base.91fordLTDBumperFront0,,Base,Base,,,Item
Base.91fordLTDBumperFront1,,Base,Base,,,Item
Base.91fordLTDBumperRear0,,Base,Base,,,Item
Base.91fordLTDWagonBumperRear1,,Base,Base,,,Item
Base.91fordLTDRoofrack1,,Base,Base,,,Item
Base.fordCVPIWindshieldArmor,,Base,Base,,,Item
Base.fordCVPIFrontWindowArmor,,Base,Base,,,Item
Base.fordCVPIRearWindowArmor,,Base,Base,,,Item
Base.fordCVPIWindshieldRearArmor,,Base,Base,,,Item
P4PumpPury.P4SneakerBox,,P4PumpPury,P4PumpPury,,,Item
P4PumpPury.P4SneakerBox1,,P4PumpPury,P4PumpPury,,,Item
P4PumpPury.P4SneakerBox2,,P4PumpPury,P4PumpPury,,,Item
P4PumpPury.P4SneakerBox3,,P4PumpPury,P4PumpPury,,,Item
P4PumpPury.P4SneakerBox4,,P4PumpPury,P4PumpPury,,,Item
P4PumpPury.P4SneakerBox5,,P4PumpPury,P4PumpPury,,,Item
Base.Thread,,Base,Base,,,Item
Base.mapper:grade,,Base,Base,,,Item
Base.Bag_FannyPackBack,,Base,Base,,,Item
DynamicBackpacks.UpgradeCapacityCloth,,DynamicBackpacks,DynamicBackpacks,,,Item
DynamicBackpacks.UpgradeCapacityJean,,DynamicBackpacks,DynamicBackpacks,,,Item
DynamicBackpacks.UpgradeCapacityLeather,,DynamicBackpacks,DynamicBackpacks,,,Item
DynamicBackpacks.UpgradeCapacityMilitary,,DynamicBackpacks,DynamicBackpacks,,,Item
Base.Belt2,皮带,Base,Base,,,Item
DynamicBackpacks.UpgradeWeightReductionCloth,,DynamicBackpacks,DynamicBackpacks,,,Item
DynamicBackpacks.UpgradeWeightReductionJean,,DynamicBackpacks,DynamicBackpacks,,,Item
DynamicBackpacks.UpgradeWeightReductionLeather,,DynamicBackpacks,DynamicBackpacks,,,Item
DynamicBackpacks.UpgradeWeightReductionMilitary,,DynamicBackpacks,DynamicBackpacks,,,Item
Base.90gmcOEMTire1,,Base,Base,,,Item
Base.93chevySuburbanTire1,,Base,Base,,,Item
Base.93chevySuburbanTire2,,Base,Base,,,Item
Base.93chevyK3500Tire2,,Base,Base,,,Item
Base.93chevyK3500DoubleTires2,,Base,Base,,,Item
Base.80chevyCKseriesTire1,,Base,Base,,,Item
Base.80chevyCKseriesTire2,,Base,Base,,,Item
Base.90chevyCKseriesTire1,,Base,Base,,,Item
Base.90chevyCKseriesTire2,,Base,Base,,,Item
Base.93chevySuburbanEngineDoor2,,Base,Base,,,Item
Base.93chevySuburbanFrontDoor2,,Base,Base,,,Item
Base.93chevySuburbanRearDoor2,,Base,Base,,,Item
Base.93chevySuburbanTrunkDoor2,,Base,Base,,,Item
Base.93chevySuburbanSplitTrunkDoor2,,Base,Base,,,Item
Base.93chevySilveradoTrunkDoor2,,Base,Base,,,Item
Base.93chevyK3500Tailgate2,,Base,Base,,,Item
Base.93chevyK3500FlatbedLid2,,Base,Base,,,Item
Base.93chevyK3500WreckerLid2,,Base,Base,,,Item
Base.93chevySuburbanSeatFront2,,Base,Base,,,Item
Base.93chevySuburbanSeatRear2,,Base,Base,,,Item
Base.93chevySuburbanWindshield2,,Base,Base,,,Item
Base.93chevySuburbanFrontSideWindow2,,Base,Base,,,Item
Base.93chevySuburbanRearSideWindow2,,Base,Base,,,Item
Base.93chevySuburbanBackSideWindow2,,Base,Base,,,Item
Base.93chevySuburbanRearWindshield2,,Base,Base,,,Item
Base.93chevySuburbanSplitRearWindshield2,,Base,Base,,,Item
Base.93chevySilveradoRearWindshield2,,Base,Base,,,Item
Base.93chevySuburbanWindshieldArmor,,Base,Base,,,Item
Base.93chevySuburbanFrontWindowArmor,,Base,Base,,,Item
Base.93chevySuburbanRearWindowArmor,,Base,Base,,,Item
Base.93chevySuburbanBackWindowArmor,,Base,Base,,,Item
Base.93chevySuburbanWindshieldRearArmor,,Base,Base,,,Item
Base.93chevySuburbanBullbarFrontA,,Base,Base,,,Item
Base.93chevySuburbanBumperFront1,,Base,Base,,,Item
Base.93chevySuburbanBullbarFrontB,,Base,Base,,,Item
Base.93chevySuburbanBumperFront0,,Base,Base,,,Item
Base.93chevySuburbanBullbarFrontB2,,Base,Base,,,Item
Base.93chevySuburbanBullbarFrontC,,Base,Base,,,Item
Base.93chevySuburbanBullbarFrontD,,Base,Base,,,Item
Base.93chevySilveradoPlowFrame,,Base,Base,,,Item
Base.93chevySuburbanBumperRear0,,Base,Base,,,Item
Base.93chevySuburbanRoofrack2,,Base,Base,,,Item
Base.93chevySilverdoRollbar2,,Base,Base,,,Item
Base.PickupLargeRoofrack2,,Base,Base,,,Item
Base.93chevyK3500toolbox2,,Base,Base,,,Item
Base.93chevySuburbanSideStepsMetal2,,Base,Base,,,Item
Base.93chevySuburbanSideStepsPipes2,,Base,Base,,,Item
Base.93chevyK3500mudflaps2,,Base,Base,,,Item
Base.93chevySilveradoBedTarp2,,Base,Base,,,Item
Base.93chevySilveradoStakes2,,Base,Base,,,Item
Base.75grandPrixR215Tire1,,Base,Base,,,Item
Base.75grandPrixR217Tire3,,Base,Base,,,Item
Base.75grandPrixH17Tire3,,Base,Base,,,Item
Base.75grandPrixEngineDoor3,,Base,Base,,,Item
Base.75grandPrixFrontDoor3,,Base,Base,,,Item
Base.75grandPrixTrunkDoor3,,Base,Base,,,Item
Base.75grandPrixSeatFront3,,Base,Base,,,Item
Base.75grandPrixSeatRear3,,Base,Base,,,Item
Base.75grandPrixWindshield3,,Base,Base,,,Item
Base.75grandPrixFrontSideWindow3,,Base,Base,,,Item
Base.75grandPrixRearSideWindow3,,Base,Base,,,Item
Base.75grandPrixRearWindshield3,,Base,Base,,,Item
Base.75grandPrixWindshieldArmor,,Base,Base,,,Item
Base.75grandPrixFrontWindowArmor,,Base,Base,,,Item
Base.75grandPrixRearWindowArmor,,Base,Base,,,Item
Base.75grandPrixWindshieldRearArmor,,Base,Base,,,Item
Base.75grandPrixBumperFront,,Base,Base,,,Item
Base.75grandPrixBullbar,,Base,Base,,,Item
Base.75grandPrixBumperFrontA,,Base,Base,,,Item
Base.75grandPrixBumperRear,,Base,Base,,,Item
Base.75grandPrixRoofrack3,,Base,Base,,,Item
Base.63vwStockTire1,,Base,Base,,,Item
Base.63beetleTireOffroad2,,Base,Base,,,Item
Base.63beetleTireSlick3,,Base,Base,,,Item
Base.63beetleEngineDoor1,,Base,Base,,,Item
Base.63beetleDoor1,,Base,Base,,,Item
Base.63beetleTrunkDoor1,,Base,Base,,,Item
Base.63beetleFrontSeat1,,Base,Base,,,Item
Base.63beetleRearSeat1,,Base,Base,,,Item
Base.63beetleWindshield1,,Base,Base,,,Item
Base.63beetleFrontSideWindow1,,Base,Base,,,Item
Base.63beetleRearSideWindow1,,Base,Base,,,Item
Base.63beetleWindshieldRear1,,Base,Base,,,Item
Base.63beetleWindshieldArmor,,Base,Base,,,Item
Base.63beetleFrontWindowArmor,,Base,Base,,,Item
Base.63beetleRearWindowArmor,,Base,Base,,,Item
Base.63beetleWindshieldRearArmor,,Base,Base,,,Item
Base.63beetleBumperFront0,,Base,Base,,,Item
Base.63beetleBumperFront1,,Base,Base,,,Item
Base.63beetleBumperFront2,,Base,Base,,,Item
Base.63beetleBumperRear0,,Base,Base,,,Item
Base.63beetleBumperRear1,,Base,Base,,,Item
Base.63beetleSidesteps0,,Base,Base,,,Item
Base.63beetleRoofrack1,,Base,Base,,,Item
Base.Broom/Mop/Poolcue,,Base,Base,,,Item
Base.Result 		: SpearCrafted,,Base,Base,,,Item
Base.Sound 		: BreakingWeapon,,Base,Base,,,Item
Base.Time 		: 200,,Base,Base,,,Item
Base.Category 		: Weapons,,Base,Base,,,Item
Base.AnimNode 		: BuildLow,,Base,Base,,,Item
Base.SalvagedShiv,,Base,Base,,,Item
Base.Result 		: SalvagedShivO,,Base,Base,,,Item
Base.Time 		: 5,,Base,Base,,,Item
Base.OnCreate 		: SS_Stabytime,,Base,Base,,,Item
Base.SalvagedShivO,,Base,Base,,,Item
Base.Result 		: SalvagedShiv,,Base,Base,,,Item
Base.RadioReceiver,,Base,Base,,,Item
Base.RadioTransmitter,,Base,Base,,,Item
Base.Aluminum,,Base,Base,,,Item
WQS_item_list.wqs_radioantenna,,WQS_item_list,WQS_item_list,,,Item
WQS_item_list.wqs_map_dynamic,,WQS_item_list,WQS_item_list,,,Item
WQS_item_list.wqs_repeater_location_fragment,,WQS_item_list,WQS_item_list,,,Item
WQS_item_list.wqs_repeater_map_dynamic,,WQS_item_list,WQS_item_list,,,Item
Base.Water=10,,Base,Base,,,Item
Base.DriedBlackBeans/Charcoal/BlackSage,,Base,Base,,,Item
Base.OilVegetable/OilOlive=1,,Base,Base,,,Item
Base.destroy WaterBottleEmpty/PopBottleEmpty/WhiskeyEmpty/BeerEmpty/WineEmpty2/MayonnaiseEmpty,,Base,Base,,,Item
Base.Result:HairDyeBlack,,Base,Base,,,Item
Base.Category:Dye,,Base,Base,,,Item
Base.DriedLentils/LemonGrass,,Base,Base,,,Item
Base.Result:HairDyeBlonde,,Base,Base,,,Item
Base.PillsSleepingTablets=5,,Base,Base,,,Item
Base.Result:HairDyeBlue,,Base,Base,,,Item
farming.CarrotSeed=25,,farming,Base,,,Item
farming.StrewberrieSeed=25,,farming,Base,,,Item
Base.Result:HairDyeGinger,,Base,Base,,,Item
farming.BroccoliSeed/farming.CabbageSeed=50,,farming,Base,,,Item
Base.Result:HairDyeGreen,,Base,Base,,,Item
farming.PotatoSeed=50,,farming,Base,,,Item
Base.Result:HairDyeLightBrown,,Base,Base,,,Item
farming.StrewberrieSeed=50,,farming,Base,,,Item
Base.Result:HairDyePink,,Base,Base,,,Item
farming.RedRadishSeed/farming.TomatoSeed=50,,farming,Base,,,Item
Base.Result:HairDyeRed,,Base,Base,,,Item
Base.Water=5,,Base,Base,,,Item
Base.Result:HairDyeWhite,,Base,Base,,,Item
Base.Result:HairDyeYellow,,Base,Base,,,Item
Base.Violets/BerryBlue/BerryGeneric2,,Base,Base,,,Item
Base.BerryGeneric4,,Base,Base,,,Item
Base.CommonMallow,,Base,Base,,,Item
Base.Ginseng,,Base,Base,,,Item
Base.Rosehips/BerryGeneric1,,Base,Base,,,Item
Base.WoodenStick,,Base,Base,,,Item
Base.PaintGreen=2,,Base,Base,,,Item
Base.PaintRed=2,,Base,Base,,,Item
Base.PaintBlue=2,,Base,Base,,,Item
Base.PaintbucketEmpty,,Base,Base,,,Item
Base.Result:PaintBlack,,Base,Base,,,Item
Base.Category:Paint,,Base,Base,,,Item
Base.AnimMode:Craft,,Base,Base,,,Item
Base.Sound:MakePlaster,,Base,Base,,,Item
Base.PaintPurple=3,,Base,Base,,,Item
Base.PaintCyan=2,,Base,Base,,,Item
Base.Result:PaintBlue,,Base,Base,,,Item
Base.PaintGreen=3,,Base,Base,,,Item
Base.Result:PaintBrown,,Base,Base,,,Item
Base.PaintBlue=3,,Base,Base,,,Item
Base.Result:PaintCyan,,Base,Base,,,Item
Base.PaintBlack=3,,Base,Base,,,Item
Base.Result:PaintGrey,,Base,Base,,,Item
Base.PaintYellow=2,,Base,Base,,,Item
Base.Result:PaintGreen,,Base,Base,,,Item
Base.Result:PaintLightBlue,,Base,Base,,,Item
Base.PaintBrown=3,,Base,Base,,,Item
Base.Result:PaintLightBrown,,Base,Base,,,Item
Base.PaintRed=3,,Base,Base,,,Item
Base.Result:PaintOrange,,Base,Base,,,Item
Base.Result:PaintPink,,Base,Base,,,Item
Base.Result:PaintPurple,,Base,Base,,,Item
Base.PaintYellow=3,,Base,Base,,,Item
Base.PaintPurple=2,,Base,Base,,,Item
Base.Result:PaintRed,,Base,Base,,,Item
Base.Result:PaintTurquoise,,Base,Base,,,Item
Base.Result:PaintYellow,,Base,Base,,,Item
Base.Bleach=3,,Base,Base,,,Item
Base.PaintBlack/PaintBlue/PaintBrown/PaintCyan/PaintGrey/PaintGreen/PaintLightBlue/PaintLightBrown/PaintOrange/PaintPink/PaintPurple/PaintRed/PaintTurquoise/PaintYellow=2,,Base,Base,,,Item
Base.Result:PaintWhite,,Base,Base,,,Item
Base.BucketWaterFull=10,,Base,Base,,,Item
Base.Salt=5,,Base,Base,,,Item
Base.Flour=5,,Base,Base,,,Item
Base.HandShovel,,Base,Base,,,Item
Base.Dirtbag=8,,Base,Base,,,Item
Base.Prop:HandShovel,,Base,Base,,,Item
Base.Sound:PutItemInBag,,Base,Base,,,Item
Base.PlasterPowder,,Base,Base,,,Item
Base.Hammer,,Base,Base,,,Item
Base.SmallSheetMetal=2,,Base,Base,,,Item
Base.Wire=4,,Base,Base,,,Item
Base.DuctTape=4,,Base,Base,,,Item
Base.Result:PaintbucketEmpty,,Base,Base,,,Item
Base.keep Saw/GardenSaw,,Base,Base,,,Item
Base.RippedSheets=5,,Base,Base,,,Item
Base.Result:Paintbrush,,Base,Base,,,Item
Base.SkillRequired:Woodwork=1,,Base,Base,,,Item
Base.HairDyeBlack=2,,Base,Base,,,Item
Base.HairDyeBlue=2,,Base,Base,,,Item
Base.HairDyeGreen=2,,Base,Base,,,Item
Base.HairDyeBlack=1,,Base,Base,,,Item
Base.NeedToBeLearn:false,,Base,Base,,,Item
Base.HairDyeBlue=1,,Base,Base,,,Item
Base.HairDyeLightBrown=2,,Base,Base,,,Item
Base.HairDyeGinger=2,,Base,Base,,,Item
Base.HairDyePink=2,,Base,Base,,,Item
Base.HairDyeRed=2,,Base,Base,,,Item
Base.destroy PaintBlack/PaintBlue/PaintBrown/PaintCyan/PaintGrey/PaintGreen/PaintLightBlue/PaintLightBrown/PaintOrange/PaintPink/PaintPurple/PaintRed/PaintTurquoise/PaintYellow,,Base,Base,,,Item
Base.HairDyeWhite=2,,Base,Base,,,Item
Base.HairDyeYellow/HairDyeBlonde=2,,Base,Base,,,Item
Base.HairDyeLightBrown=1,,Base,Base,,,Item
Base.HairDyeGreen=1,,Base,Base,,,Item
Base.HairDyeYellow=1,,Base,Base,,,Item
Base.HairDyeRed=1,,Base,Base,,,Item
Base.HairDyeYellow/HairDyeBlonde=1,,Base,Base,,,Item
Base.HairDyePink=1,,Base,Base,,,Item
Base.HairDyeRed,,Base,Base,,,Item
Base.HairDyeGreen,,Base,Base,,,Item
Base.HairDyeBlue,,Base,Base,,,Item
Base.HairDyeWhite,,Base,Base,,,Item
Base.HairDyeYellow,,Base,Base,,,Item
Base.PaintYellow,,Base,Base,,,Item
Base.HairDyeWhite=1,,Base,Base,,,Item
Base.SkillRecoveryBoundJournal,技能日志,Base,Base,,,Item
Base.BlowTorch=10,,Base,Base,,,Item
Base.SheetMetal=8,,Base,Base,,,Item
Result:Base.EngineDoor3,,Result:Base,Result:Base,,,Item
Base.SkillRequired:MetalWelding=6;Mechanics=5;,,Base,Base,,,Item
Base.Category:Welding,,Base,Base,,,Item
Base.Sound:PZ_Fire,,Base,Base,,,Item
Result:Base.EngineDoor1,,Result:Base,Result:Base,,,Item
Result:Base.EngineDoor2,,Result:Base,Result:Base,,,Item
TrueMusicJukebox.StarterKit,,TrueMusicJukebox,TrueMusicJukebox,,,Item
Base.Mov_Jukebox,,Base,Base,,,Item
Base.92amgeneralM998Roofrack,,Base,Base,,,Item
Base.92amgeneralM998EngineDoor2,,Base,Base,,,Item
Base.92amgeneralM998FrontDoor2,,Base,Base,,,Item
Base.92amgeneralM998RearDoor2,,Base,Base,,,Item
Base.92amgeneralM998TrunkDoor2,,Base,Base,,,Item
Base.92amgeneralM998Windshield2,,Base,Base,,,Item
Base.92amgeneralM998SideWindow2,,Base,Base,,,Item
Base.92amgeneralM998WindshieldArmor0,,Base,Base,,,Item
Base.92amgeneralM998WindshieldArmor1,,Base,Base,,,Item
Base.92amgeneralM998FrontArmor,,Base,Base,,,Item
Base.92amgeneralM998RearArmor,,Base,Base,,,Item
Base.92amgeneralM998BullbarA,,Base,Base,,,Item
Base.92amgeneralM998BullbarB,,Base,Base,,,Item
Base.92amgeneralM998Mudflap0,,Base,Base,,,Item
Base.92amgeneralM998Muffler1,,Base,Base,,,Item
Base.92amgeneralM998Muffler2,,Base,Base,,,Item
Base.92amgeneralM998BackCover2,,Base,Base,,,Item
Base.92amgeneralM998TrunkBarrier2,,Base,Base,,,Item
Base.92amgeneralM998TrunkBarrier1,,Base,Base,,,Item
Spongie.Jacket_Flight,飞行夹克,Spongie,Spongie,,,Item
Spongie.Jacket_FlightVest,飞行背心,Spongie,Spongie,,,Item
Base.Biochemical_RoofRack,,Base,Base,,,Item
Base.Biochemical_Bumper,,Base,Base,,,Item
Base.GunLight,,Base,Base,,,Item
Base.AdapterLight,,Base,Base,,,Item
Base.AdapterSuppressor,,Base,Base,,,Item
LTW.LegendaryTacticalSwordBlade,,LTW,LTW,,,Item
Base.Epoxy,,Base,Base,,,Item
LTW.LegendaryTacticalSword,,LTW,LTW,,,Item
LTW.LegendaryTacticalAxeHead,,LTW,LTW,,,Item
LTW.LegendaryTacticalTomahawk,,LTW,LTW,,,Item
Base.PiercedSteelBlock,,Base,Base,,,Item
LTW.LegendaryTacticalDoubleAxeHead,,LTW,LTW,,,Item
Base.LongHandle,,Base,Base,,,Item
LTW.LegendaryTacticalAxe,,LTW,LTW,,,Item
Base.SteelChunk,,Base,Base,,,Item
LTW.LegendaryTacticalBar,,LTW,LTW,,,Item
LTW.LegendaryTacticalCrowbar,,LTW,LTW,,,Item
LTW.LegendaryTacticalBatHead,,LTW,LTW,,,Item
LTW.LegendaryTacticalBat,,LTW,LTW,,,Item
Base.PiercedSteelChunk,,Base,Base,,,Item
LTW.LegendaryTacticalHammerHead,,LTW,LTW,,,Item
LTW.LegendaryTacticalHammer,,LTW,LTW,,,Item
Base.SteelBarHalf,,Base,Base,,,Item
LTW.LegendaryTacticalKnifeBlade,,LTW,LTW,,,Item
LTW.LegendaryTacticalKnife,,LTW,LTW,,,Item
Base.PiercedSteelIngot,,Base,Base,,,Item
LTW.LegendaryTacticalSledgehammerHead,,LTW,LTW,,,Item
LTW.LegendaryTacticalSledgehammer,,LTW,LTW,,,Item
LTW.LegendaryTacticalSpearHead,,LTW,LTW,,,Item
LTW.LegendaryTacticalSpear,,LTW,LTW,,,Item
Base.GardenSaw,,Base,Base,,,Item
LTW.LegendarySwordSheathBack,,LTW,LTW,,,Item
LTW.LegendaryKnifeSheathBack,,LTW,LTW,,,Item
Base.R32Tire0,,Base,Base,,,Item
Base.R32Tire1,,Base,Base,,,Item
Base.R32Tire2,,Base,Base,,,Item
Base.R32TireA,,Base,Base,,,Item
Base.R32EngineDoor0,,Base,Base,,,Item
Base.R32Door3,,Base,Base,,,Item
Base.R32TrunkDoor3,,Base,Base,,,Item
Base.R32FrontSeat3,,Base,Base,,,Item
Base.R32RearSeat3,,Base,Base,,,Item
Base.R32Windshield3,,Base,Base,,,Item
Base.R32FrontSideWindow3,,Base,Base,,,Item
Base.R32RearSideWindow3,,Base,Base,,,Item
Base.R32WindshieldRear3,,Base,Base,,,Item
Base.R32muffler0,,Base,Base,,,Item
Base.R32muffler1,,Base,Base,,,Item
Base.R32DoorArmor,,Base,Base,,,Item
Base.R32RearWindowArmor,,Base,Base,,,Item
Base.R32WindshieldArmor,,Base,Base,,,Item
Base.R32WindshieldRearArmor,,Base,Base,,,Item
Base.R32BumperA,,Base,Base,,,Item
Base.R32BumperRearA,,Base,Base,,,Item
Base.R32SideskirtsA,,Base,Base,,,Item
Video_Game_Consoles.GameBoy,,Video_Game_Consoles,Video_Game_Consoles,,,Item
Video_Game_Consoles.GB_Cartridge_Zelda,,Video_Game_Consoles,Video_Game_Consoles,,,Item
Video_Game_Consoles.GB_Cartridge_Kirby,,Video_Game_Consoles,Video_Game_Consoles,,,Item
Video_Game_Consoles.GB_Cartridge_Fantasy,,Video_Game_Consoles,Video_Game_Consoles,,,Item
Video_Game_Consoles.GB_Cartridge_Mario,,Video_Game_Consoles,Video_Game_Consoles,,,Item
Video_Game_Consoles.GB_Cartridge_Tetris,,Video_Game_Consoles,Video_Game_Consoles,,,Item
Video_Game_Consoles.Game_Gear,,Video_Game_Consoles,Video_Game_Consoles,,,Item
Video_Game_Consoles.GG_Cartridge_sor2,,Video_Game_Consoles,Video_Game_Consoles,,,Item
Video_Game_Consoles.GG_Cartridge_AxBattler,,Video_Game_Consoles,Video_Game_Consoles,,,Item
Video_Game_Consoles.GG_Cartridge_Shinobi,,Video_Game_Consoles,Video_Game_Consoles,,,Item
Video_Game_Consoles.GG_Cartridge_Sonic,,Video_Game_Consoles,Video_Game_Consoles,,,Item
Video_Game_Consoles.GG_Cartridge_Vampire,,Video_Game_Consoles,Video_Game_Consoles,,,Item
Video_Game_Consoles.SNES_Cartridge_Mario,,Video_Game_Consoles,Video_Game_Consoles,,,Item
Video_Game_Consoles.SNES_Cartridge_Mana,,Video_Game_Consoles,Video_Game_Consoles,,,Item
Video_Game_Consoles.SNES_Cartridge_Fox,,Video_Game_Consoles,Video_Game_Consoles,,,Item
Video_Game_Consoles.SNES_Cartridge_MK2,,Video_Game_Consoles,Video_Game_Consoles,,,Item
Video_Game_Consoles.SNES_Cartridge_NBA,,Video_Game_Consoles,Video_Game_Consoles,,,Item
Video_Game_Consoles.Genesis_Cartridge_Aladdin,,Video_Game_Consoles,Video_Game_Consoles,,,Item
Video_Game_Consoles.Genesis_Cartridge_gaxe,,Video_Game_Consoles,Video_Game_Consoles,,,Item
Video_Game_Consoles.Genesis_Cartridge_ghouls,,Video_Game_Consoles,Video_Game_Consoles,,,Item
Video_Game_Consoles.Genesis_Cartridge_sonic,,Video_Game_Consoles,Video_Game_Consoles,,,Item
Video_Game_Consoles.Genesis_Cartridge_street,,Video_Game_Consoles,Video_Game_Consoles,,,Item
Video_Game_Consoles.NES_Cartridge_Contra,,Video_Game_Consoles,Video_Game_Consoles,,,Item
Video_Game_Consoles.NES_Cartridge_Mario3,,Video_Game_Consoles,Video_Game_Consoles,,,Item
Video_Game_Consoles.NES_Cartridge_Megaman,,Video_Game_Consoles,Video_Game_Consoles,,,Item
Video_Game_Consoles.NES_Cartridge_Metroid,,Video_Game_Consoles,Video_Game_Consoles,,,Item
Video_Game_Consoles.NES_Cartridge_Zelda,,Video_Game_Consoles,Video_Game_Consoles,,,Item
Video_Game_Consoles.Atari_Cartridge_Combat,,Video_Game_Consoles,Video_Game_Consoles,,,Item
Video_Game_Consoles.Atari_Cartridge_Pitfall,,Video_Game_Consoles,Video_Game_Consoles,,,Item
Video_Game_Consoles.Atari_Cartridge_MSPacman,,Video_Game_Consoles,Video_Game_Consoles,,,Item
Video_Game_Consoles.Atari_Cartridge_Spaceinvaders,,Video_Game_Consoles,Video_Game_Consoles,,,Item
Video_Game_Consoles.Atari_Cartridge_Asteroids,,Video_Game_Consoles,Video_Game_Consoles,,,Item
Video_Game_Consoles.Sega_CD_Sonic,,Video_Game_Consoles,Video_Game_Consoles,,,Item
Video_Game_Consoles.Sega_CD_beholder,,Video_Game_Consoles,Video_Game_Consoles,,,Item
Video_Game_Consoles.Sega_CD_dune,,Video_Game_Consoles,Video_Game_Consoles,,,Item
Video_Game_Consoles.Sega_CD_jurasic,,Video_Game_Consoles,Video_Game_Consoles,,,Item
Video_Game_Consoles.Sega_CD_nighttrap,,Video_Game_Consoles,Video_Game_Consoles,,,Item
Video_Game_Consoles.CDi_7guest,,Video_Game_Consoles,Video_Game_Consoles,,,Item
Video_Game_Consoles.CDi_lemmings,,Video_Game_Consoles,Video_Game_Consoles,,,Item
Video_Game_Consoles.Atari_Lynx,,Video_Game_Consoles,Video_Game_Consoles,,,Item
Video_Game_Consoles.Lynx_cartridge_checkered,,Video_Game_Consoles,Video_Game_Consoles,,,Item
Video_Game_Consoles.Lynx_cartridge_chips,,Video_Game_Consoles,Video_Game_Consoles,,,Item
Video_Game_Consoles.Lynx_cartridge_klax,,Video_Game_Consoles,Video_Game_Consoles,,,Item
Video_Game_Consoles.Lynx_cartridge_rampart,,Video_Game_Consoles,Video_Game_Consoles,,,Item
Video_Game_Consoles.Lynx_cartridge_todds,,Video_Game_Consoles,Video_Game_Consoles,,,Item
Base.Battery,,Base,Base,,,Item
Base.Screwdriver,,Base,Base,,,Item
Video_Game_Consoles.SegaCD_empty,,Video_Game_Consoles,Video_Game_Consoles,,,Item
Video_Game_Consoles.Genesis,,Video_Game_Consoles,Video_Game_Consoles,,,Item
Video_Game_Consoles.SegaCD,,Video_Game_Consoles,Video_Game_Consoles,,,Item
Base.85chevyStepVanEngineDoor2,,Base,Base,,,Item
Base.85chevyStepVanFrontSlideDoor2,,Base,Base,,,Item
Base.85chevyStepVanRearNarrowSplitDoors2,,Base,Base,,,Item
Base.85chevyStepVanSeat2,,Base,Base,,,Item
Base.85chevyStepVanWindshield2,,Base,Base,,,Item
Base.85chevyStepVanDriverSideWindow2,,Base,Base,,,Item
Base.85chevyStepVanSideWindow2,,Base,Base,,,Item
Base.85chevyStepVanWindshieldRear2,,Base,Base,,,Item
Base.85chevyStepVanWindshieldArmor,,Base,Base,,,Item
Base.Wire,,Base,Base,,,Item
Base.85chevyStepVanWindshieldSWATArmor,,Base,Base,,,Item
Base.85chevyStepVanFrontWindowArmor,,Base,Base,,,Item
Base.85chevyStepVanFrontWindowSWATArmor,,Base,Base,,,Item
Base.85chevyStepVanWindshieldRearArmor,,Base,Base,,,Item
Base.85chevyStepVanWindshieldRearSWATArmor,,Base,Base,,,Item
Base.85chevyStepVanBumperFront0,,Base,Base,,,Item
Base.85chevyStepVanBullbarFrontA,,Base,Base,,,Item
Base.85chevyStepVanBumperFrontA,,Base,Base,,,Item
Base.85chevyStepVanBumperRear0,,Base,Base,,,Item
Base.85chevyStepVanRoofrack2,,Base,Base,,,Item
Base.85chevyStepVanBarrier2,,Base,Base,,,Item
Base.CUDAtire3,,Base,Base,,,Item
Base.CUDAEngineDoorStock,,Base,Base,,,Item
Base.CUDAEngineDoor,,Base,Base,,,Item
Base.CUDAEngineDoorAAR,,Base,Base,,,Item
Base.CUDADoor3,,Base,Base,,,Item
Base.CUDATrunkDoor3,,Base,Base,,,Item
Base.CUDAFrontSeat3,,Base,Base,,,Item
Base.CUDARearSeat3,,Base,Base,,,Item
Base.CUDAWindshield3,,Base,Base,,,Item
Base.CUDAFrontSideWindow3,,Base,Base,,,Item
Base.CUDARearSideWindow3,,Base,Base,,,Item
Base.CUDAWindshieldRear3,,Base,Base,,,Item
Base.CUDADoorArmor,,Base,Base,,,Item
Base.CUDAWindshieldArmor,,Base,Base,,,Item
Base.CUDAWindshieldRearArmor,,Base,Base,,,Item
Base.CUDAFrontBumper0,,Base,Base,,,Item
Base.CUDAFrontBumper1,,Base,Base,,,Item
Base.CUDAFrontBumper2,,Base,Base,,,Item
Base.CUDARearBumper0,,Base,Base,,,Item
Base.CUDAFrontBumperA,,Base,Base,,,Item
Base.CUDARearBumperA,,Base,Base,,,Item
Base.67commandoFrontDoor2,,Base,Base,,,Item
Base.67commandoRearDoor2,,Base,Base,,,Item
Base.67commandoEngineDoor2,,Base,Base,,,Item
Base.67commandoToolboxLid2,,Base,Base,,,Item
Base.67commandoLightGuards2,,Base,Base,,,Item
Base.MetalPipe=4,,Base,Base,,,Item
Base.Wire=2,,Base,Base,,,Item
Base.BlowTorch=5,,Base,Base,,,Item
keep [Recipe.GetItemTypes.WeldingMask],,keep [Recipe,keep [Recipe,,,Item
Base.SkillRequired:MetalWelding=3,,Base,Base,,,Item
Base.Sound:BlowTorch,,Base,Base,,,Item
Base.Result:BicycleFrameRegularScrap,,Base,Base,,,Item
Base.MetalPipe=2,,Base,Base,,,Item
Base.ScrapMetal=1,,Base,Base,,,Item
Base.Wire=1,,Base,Base,,,Item
Base.BlowTorch=2,,Base,Base,,,Item
Base.Result:BicycleSuspensionRegularScrap3,,Base,Base,,,Item
Base.Result:BicycleBrakesRegularScrap3,,Base,Base,,,Item
Base.RubberBand=8,,Base,Base,,,Item
Base.ScrapMetal=2,,Base,Base,,,Item
Base.Result:BicycleTireRegularScrap,,Base,Base,,,Item
Base.MetalPipe=6,,Base,Base,,,Item
Base.Result:BicycleFrameMTBScrap,,Base,Base,,,Item
Base.Result:BicycleSuspensionMTBScrap3,,Base,Base,,,Item
Base.Result:BicycleBrakesMTBScrap3,,Base,Base,,,Item
Base.RubberBand=16,,Base,Base,,,Item
Base.Wire=8,,Base,Base,,,Item
Base.ScrapMetal=3,,Base,Base,,,Item
Base.Result:BicycleTireMTBScrap,,Base,Base,,,Item
Base.RippedSheets=4,,Base,Base,,,Item
Base.DuctTape=1,,Base,Base,,,Item
Base.SkillRequired:Tailoring=3,,Base,Base,,,Item
Base.Sound:FixWithTape,,Base,Base,,,Item
Base.Result:BicycleSeatScrap,,Base,Base,,,Item
Base.Padlock=1,,Base,Base,,,Item
Base.Wire=3,,Base,Base,,,Item
Base.Sound:BicycleChain,,Base,Base,,,Item
Base.Result:BicycleLock,,Base,Base,,,Item
Base.Category:General,,Base,Base,,,Item
Base.destroy Torch/HandTorch,,Base,Base,,,Item
Base.Screws=2,,Base,Base,,,Item
Base.SkillRequired:Electricity=1,,Base,Base,,,Item
Base.Result:BicycleHeadlight3,,Base,Base,,,Item
Base.77firebirdTire3,,Base,Base,,,Item
Base.77firebirdEngineDoor3,,Base,Base,,,Item
Base.77firebirdEngineDoorFR3,,Base,Base,,,Item
Base.77firebirdEngineDoorTA3,,Base,Base,,,Item
Base.77firebirdFrontDoor3,,Base,Base,,,Item
Base.77firebirdTrunkDoor3,,Base,Base,,,Item
Base.77firebirdSeatFront3,,Base,Base,,,Item
Base.77firebirdSeatRear3,,Base,Base,,,Item
Base.77firebirdWindshield3,,Base,Base,,,Item
Base.77firebirdFrontSideWindow3,,Base,Base,,,Item
Base.77firebirdRoofPanels3,,Base,Base,,,Item
Base.77firebirdRearWindshield3,,Base,Base,,,Item
Base.77firebirdFrontWindowArmor,,Base,Base,,,Item
Base.77firebirdWindshieldArmor,,Base,Base,,,Item
Base.77firebirdWindshieldRearArmor,,Base,Base,,,Item
Base.77firebirdBumperFront0,,Base,Base,,,Item
Base.77firebirdBumperFrontA,,Base,Base,,,Item
Base.77firebirdBullbarFrontA,,Base,Base,,,Item
Base.91geoMetroTire1,,Base,Base,,,Item
Base.91geoMetroEngineDoor1,,Base,Base,,,Item
Base.91geoMetroFrontDoor1,,Base,Base,,,Item
Base.91geoMetroTrunkDoor1,,Base,Base,,,Item
Base.91geoMetroSeatFront1,,Base,Base,,,Item
Base.91geoMetroSeatRear1,,Base,Base,,,Item
Base.91geoMetroWindshield1,,Base,Base,,,Item
Base.91geoMetroFrontSideWindow1,,Base,Base,,,Item
Base.91geoMetroRearSideWindow1,,Base,Base,,,Item
Base.91geoMetroRearWindshield1,,Base,Base,,,Item
Base.91geoMetroWindshieldArmor,,Base,Base,,,Item
Base.91geoMetroFrontWindowArmor,,Base,Base,,,Item
Base.91geoMetroRearWindowArmor,,Base,Base,,,Item
Base.91geoMetroWindshieldRearArmor,,Base,Base,,,Item
Base.91geoMetroBumperFront0,,Base,Base,,,Item
Base.91geoMetroReinforcedBumperFront1,,Base,Base,,,Item
Base.91geoMetroRoofrack0,,Base,Base,,,Item
Base.91geoMetroRoofrack1,,Base,Base,,,Item
Base.67gt500Tire3,,Base,Base,,,Item
Base.67gt500eTire3,,Base,Base,,,Item
Base.67gt500EngineDoor3,,Base,Base,,,Item
Base.67gt500eEngineDoor3,,Base,Base,,,Item
Base.67gt500Door3,,Base,Base,,,Item
Base.67gt500TrunkDoor3,,Base,Base,,,Item
Base.67gt500FrontSeat3,,Base,Base,,,Item
Base.67gt500RearSeat3,,Base,Base,,,Item
Base.67gt500Windshield3,,Base,Base,,,Item
Base.67gt500FrontSideWindow3,,Base,Base,,,Item
Base.67gt500WindshieldRear3,,Base,Base,,,Item
Base.67gt500WindowArmor,,Base,Base,,,Item
Base.67gt500WindshieldArmor,,Base,Base,,,Item
Base.67gt500WindshieldRearArmor,,Base,Base,,,Item
Base.67gt500FrontBullbar,,Base,Base,,,Item
Base.67gt500FrontBumper0,,Base,Base,,,Item
Base.67gt500FrontBumperA,,Base,Base,,,Item
Base.67gt500eFrontBumper0,,Base,Base,,,Item
Base.67gt500eFrontBumperA,,Base,Base,,,Item
Base.67gt500RearBullbar,,Base,Base,,,Item
Base.67gt500RearBumper0,,Base,Base,,,Item
Base.67gt500RearBumperA,,Base,Base,,,Item
Base.67gt500Roofrack3,,Base,Base,,,Item
Base.66pontiacLeMansEngineDoor3,,Base,Base,,,Item
Base.66pontiacGTOEngineDoor3,,Base,Base,,,Item
Base.66pontiacLeMansFrontDoor3,,Base,Base,,,Item
Base.66pontiacLeMansTrunkDoor3,,Base,Base,,,Item
Base.66pontiacLeMansSeatFront3,,Base,Base,,,Item
Base.66pontiacLeMansSeatRear3,,Base,Base,,,Item
Base.66pontiacLeMansWindshield3,,Base,Base,,,Item
Base.66pontiacLeMansFrontSideWindow3,,Base,Base,,,Item
Base.66pontiacLeMansRearWindshield3,,Base,Base,,,Item
Base.66pontiacLeMansFrontWindowArmor,,Base,Base,,,Item
Base.66pontiacLeMansWindshieldArmor,,Base,Base,,,Item
Base.66pontiacLeMansWindshieldRearArmor,,Base,Base,,,Item
Base.66pontiacLeMansBumperFront0,,Base,Base,,,Item
Base.66pontiacLeMansBumperRear,,Base,Base,,,Item
Base.66pontiacLeMansBullbarFrontA,,Base,Base,,,Item
Base.66pontiacLeMansBumperFrontA,,Base,Base,,,Item
Base.84jeepXJTire2,,Base,Base,,,Item
Base.84jeepXJEngineDoor2,,Base,Base,,,Item
Base.84jeepXJFrontDoor2,,Base,Base,,,Item
Base.84jeepXJRearDoor2,,Base,Base,,,Item
Base.84jeepXJTrunkDoor2,,Base,Base,,,Item
Base.84jeepXJSeatFront2,,Base,Base,,,Item
Base.84jeepXJSeatRear2,,Base,Base,,,Item
Base.84jeepXJWindshield2,,Base,Base,,,Item
Base.84jeepXJFrontSideWindow2,,Base,Base,,,Item
Base.84jeepXJRearSideWindow2,,Base,Base,,,Item
Base.84jeepXJBackSideWindow2,,Base,Base,,,Item
Base.84jeepXJRearWindshield2,,Base,Base,,,Item
Base.84jeepXJWindshieldArmor,,Base,Base,,,Item
Base.84jeepXJFrontWindowArmor,,Base,Base,,,Item
Base.84jeepXJRearWindowArmor,,Base,Base,,,Item
Base.84jeepXJBackWindowArmor,,Base,Base,,,Item
Base.84jeepXJWindshieldRearArmor,,Base,Base,,,Item
Base.84jeepXJBumperFront0,,Base,Base,,,Item
Base.84jeepXJBumperFrontA,,Base,Base,,,Item
Base.84jeepXJBullbarFrontA,,Base,Base,,,Item
Base.84jeepXJBumperRear0,,Base,Base,,,Item
Base.84jeepXJRoofrack2,,Base,Base,,,Item
ImprovisedGlass.GlassPane,,ImprovisedGlass,ImprovisedGlass,,,Item
Moveables.brokenglass_1_0/Moveables.brokenglass_1_1/Moveables.brokenglass_1_2/Moveables.brokenglass_1_3,,Moveables,Moveables,,,Item
Result: ImprovisedGlass.PanWithGlassShards,,Result: ImprovisedGlass,Result: ImprovisedGlass,,,Item
ImprovisedGlass.PanWithGlassShards,,ImprovisedGlass,ImprovisedGlass,,,Item
Base.OnCreate: ImprovisedGlass_GiveBackRoastingPan,,Base,Base,,,Item
ImprovisedGlass.PanWithGlassPane,,ImprovisedGlass,ImprovisedGlass,,,Item
Result: ImprovisedGlass.GlassPane = 5,,Result: ImprovisedGlass,Result: ImprovisedGlass,,,Item
Base.M35A2EngineDoor2,,Base,Base,,,Item
Base.M35A2Door2,,Base,Base,,,Item
Base.M35A2tailgate2,,Base,Base,,,Item
Base.M49PumpDoor2,,Base,Base,,,Item
Base.M35A2Windshield2,,Base,Base,,,Item
Base.M35A2SideWindow2,,Base,Base,,,Item
Base.M35A2WindshieldArmor1,,Base,Base,,,Item
Base.M35A2DoorArmor1,,Base,Base,,,Item
Base.M35A2Bumper1,,Base,Base,,,Item
Base.M35A2Grille1,,Base,Base,,,Item
Base.M35A2Mudflaps1,,Base,Base,,,Item
Base.M35A2Stakes1,,Base,Base,,,Item
Base.M35A2Tarp2,,Base,Base,,,Item
Base.M35A2Stakes3,,Base,Base,,,Item
Base.M35A2Muffler1,,Base,Base,,,Item
Base.M35A2HardCover1,,Base,Base,,,Item
Base.M35A2SoftCover2,,Base,Base,,,Item
Base.mapper:resultType,,Base,Base,,,Item
Base.mapper:panType,,Base,Base,,,Item
SapphCooking.Blender_Juice,,SapphCooking,SapphCooking,,,Item
SapphCooking.WoodenSkewers,,SapphCooking,SapphCooking,,,Item
SapphCooking.IceCubes,,SapphCooking,SapphCooking,,,Item
SapphCooking.Popsicle_Pink,,SapphCooking,SapphCooking,,,Item
SapphCooking.Blender,,SapphCooking,SapphCooking,,,Item
SapphCooking.FryBatter,,SapphCooking,SapphCooking,,,Item
Base.Bowl,,Base,Base,,,Item
SapphCooking.SausageCasing,,SapphCooking,SapphCooking,,,Item
Base.AnimalBlood,,Base,Base,,,Item
SapphCooking.SausageBlood,,SapphCooking,SapphCooking,,,Item
Base.mapper:canSorts,,Base,Base,,,Item
Base.Saucepan,,Base,Base,,,Item
Base.FishFillet,,Base,Base,,,Item
SapphCooking.CevicheBowl,,SapphCooking,SapphCooking,,,Item
SapphCooking.CurryPowder,,SapphCooking,SapphCooking,,,Item
Base.ChickenFillet,,Base,Base,,,Item
SapphCooking.SaucepanwithJapaneseCurry,,SapphCooking,SapphCooking,,,Item
Base.WaterBottle,,Base,Base,,,Item
Base.mapper:bottleType,,Base,Base,,,Item
Base.mapper:blenderContents,,Base,Base,,,Item
SapphCooking.Blender_Milkshake,,SapphCooking,SapphCooking,,,Item
Base.mapper:mugType,,Base,Base,,,Item
SapphCooking.Blender_Smoothie,,SapphCooking,SapphCooking,,,Item
SapphCooking.Blender_Puree,,SapphCooking,SapphCooking,,,Item
Base.mapper:bowlType,,Base,Base,,,Item
SapphCooking.GrindedCoffee,,SapphCooking,SapphCooking,,,Item
SapphCooking.SugarPowder,,SapphCooking,SapphCooking,,,Item
Base.Icing,,Base,Base,,,Item
Base.Whiskey,,Base,Base,,,Item
SapphCooking.Syrup_Chocolate,,SapphCooking,SapphCooking,,,Item
SapphCooking.EmptyThermos,,SapphCooking,SapphCooking,,,Item
SapphCooking.ThermosSoup,,SapphCooking,SapphCooking,,,Item
Base.mapper:potType,,Base,Base,,,Item
SapphCooking.WokPan,,SapphCooking,SapphCooking,,,Item
Base.CookingOil,,Base,Base,,,Item
Base.EggOmelette,,Base,Base,,,Item
SapphCooking.FryingPanwithOil,,SapphCooking,SapphCooking,,,Item
farming.Bacon,,farming,Base,,,Item
SapphCooking.FryingPan_BaconandEggs,,SapphCooking,SapphCooking,,,Item
Base.EggScrambled,,Base,Base,,,Item
SapphCooking.ChickenBroth,,SapphCooking,SapphCooking,,,Item
SapphCooking.Ravioli,,SapphCooking,SapphCooking,,,Item
SapphCooking.SaucepanwithRavioli,,SapphCooking,SapphCooking,,,Item
SapphCooking.SlicedSteak,,SapphCooking,SapphCooking,,,Item
SapphCooking.BakingTray_Jerky,,SapphCooking,SapphCooking,,,Item
SapphCooking.BakingTray_MacaronCookies1,,SapphCooking,SapphCooking,,,Item
SapphCooking.Macaron_Cookies_Blue,,SapphCooking,SapphCooking,,,Item
SapphCooking.Macaron_Cookies_Green,,SapphCooking,SapphCooking,,,Item
SapphCooking.Macaron_Cookies_Pink,,SapphCooking,SapphCooking,,,Item
SapphCooking.Macaron_Cookies_Purple,,SapphCooking,SapphCooking,,,Item
SapphCooking.Macaron_Cookies_Red,,SapphCooking,SapphCooking,,,Item
SapphCooking.Macaron_Cookies_Yellow,,SapphCooking,SapphCooking,,,Item
SapphCooking.MessTray,,SapphCooking,SapphCooking,,,Item
Base.89dodgeCaravanTire1,,Base,Base,,,Item
Base.89dodgeCaravanTireOffroad2,,Base,Base,,,Item
Base.89dodgeCaravanEngineDoor1,,Base,Base,,,Item
Base.89dodgeCaravanFrontDoor1,,Base,Base,,,Item
Base.89dodgeCaravanSlideDoor1,,Base,Base,,,Item
Base.89dodgeCaravanTrunkDoor1,,Base,Base,,,Item
Base.89dodgeCaravanSeat1,,Base,Base,,,Item
Base.89dodgeCaravanWindshield1,,Base,Base,,,Item
Base.89dodgeCaravanFrontSideWindow1,,Base,Base,,,Item
Base.89dodgeCaravanRearSideWindow1,,Base,Base,,,Item
Base.89dodgeCaravanWindshieldRear1,,Base,Base,,,Item
Base.89dodgeCaravanWindshieldArmor,,Base,Base,,,Item
Base.89dodgeCaravanFrontWindowArmor,,Base,Base,,,Item
Base.89dodgeCaravanRearWindowArmor,,Base,Base,,,Item
Base.89dodgeCaravanBackWindowArmor,,Base,Base,,,Item
Base.89dodgeCaravanWindshieldRearArmor,,Base,Base,,,Item
Base.89dodgeCaravanBumperFront0,,Base,Base,,,Item
Base.89dodgeCaravanBullbarFrontA,,Base,Base,,,Item
Base.89dodgeCaravanBumperFrontA,,Base,Base,,,Item
Base.89dodgeCaravanBumperRear0,,Base,Base,,,Item
Base.89dodgeCaravanRoofrack0,,Base,Base,,,Item
Base.89dodgeCaravanMudflaps0,,Base,Base,,,Item
Base.89dodgeCaravanSidesteps0,,Base,Base,,,Item
DrawOnTheMap.SheetPaperMap,,DrawOnTheMap,DrawOnTheMap,,,Item
Base.BurlapPiece,,Base,Base,,,Item
EFTBP.Bag_SlingbagBack,小型战术单肩包(背部),EFTBP,EFTBP,,,Item
EFTBP.Bag_MBSS,「MBSS」背包,EFTBP,EFTBP,,,Item
EFTBP.Bag_3DayPack,「三日LBT-1476A」背包,EFTBP,EFTBP,,,Item
EFTBP.Bag_Patrolpack,「巡逻RK-PT-25」背包,EFTBP,EFTBP,,,Item
EFTBP.Bag_Pillbox,「药盒」背包,EFTBP,EFTBP,,,Item
EFTBP.Bag_Berkut,「金雕」背包,EFTBP,EFTBP,,,Item
EFTBP.Bag_Mechanism,「奥克利机械」背包,EFTBP,EFTBP,,,Item
EFTBP.Bag_Rush100,「战术RUSH100」背包,EFTBP,EFTBP,,,Item
EFTBP.Bag_Raid,「战术突袭6sh118」背包,EFTBP,EFTBP,,,Item
EFTBP.Bag_Beta2,,EFTBP,EFTBP,,,Item
EFTBP.Bag_Camelbak,「三开驼峰」背包,EFTBP,EFTBP,,,Item
EFTBP.Bag_SwitchBlade,「弹簧刀」背包,EFTBP,EFTBP,,,Item
EFTBP.Bag_Paratus,「帕拉图斯3V」背包,EFTBP,EFTBP,,,Item
Base.pontiacR115Tire1,,Base,Base,,,Item
Base.pontiacR117Tire3,,Base,Base,,,Item
Base.pontiac8L15Tire1,,Base,Base,,,Item
Base.pontiac8L17Tire3,,Base,Base,,,Item
Base.65bansheeFinEngineDoor3,,Base,Base,,,Item
Base.65bansheeCowlEngineDoor3,,Base,Base,,,Item
Base.65bansheeFrontDoor3,,Base,Base,,,Item
Base.65bansheeTrunkDoor3,,Base,Base,,,Item
Base.65bansheeSeat3,,Base,Base,,,Item
Base.65bansheeWindshield3,,Base,Base,,,Item
Base.65bansheeFrontSideWindow3,,Base,Base,,,Item
Base.65bansheeRearWindshield3,,Base,Base,,,Item
Base.65bansheeFrontWindowArmor,,Base,Base,,,Item
Base.65bansheeWindshieldArmor,,Base,Base,,,Item
Base.65bansheeWindshieldRearArmor,,Base,Base,,,Item
Base.65bansheeBumperFront0,,Base,Base,,,Item
Base.65bansheeBumperRear0,,Base,Base,,,Item
Base.65bansheeBumperFrontA,,Base,Base,,,Item
Base.65bansheeBumperRearA,,Base,Base,,,Item
Base.65bansheeMetalRoof3,,Base,Base,,,Item
Base.65bansheeRollbar3,,Base,Base,,,Item
Base.92fordCVPIEngineDoor1,,Base,Base,,,Item
Base.92fordCVPIFrontDoor1,,Base,Base,,,Item
Base.92fordCVPIRearDoor1,,Base,Base,,,Item
Base.92fordCVPITrunkDoor1,,Base,Base,,,Item
Base.92fordCVPISeatFront1,,Base,Base,,,Item
Base.92fordCVPISeatRear1,,Base,Base,,,Item
Base.92fordCVPIWindshield1,,Base,Base,,,Item
Base.92fordCVPIFrontSideWindow1,,Base,Base,,,Item
Base.92fordCVPIRearSideWindow1,,Base,Base,,,Item
Base.92fordCVPIRearWindshield1,,Base,Base,,,Item
Base.92fordCVPIBumperFront0,,Base,Base,,,Item
Base.92fordCVPIBumperFront1,,Base,Base,,,Item
Base.92fordCVPIBumperFront2,,Base,Base,,,Item
Base.92fordCVPIBumperFront3,,Base,Base,,,Item
Base.92fordCVPICabBarrier1,,Base,Base,,,Item
Base.86chevyCUCVEngineDoor2,,Base,Base,,,Item
Base.86chevyM1008Tailgate2,,Base,Base,,,Item
Base.80chevyM1010Tailgate2,,Base,Base,,,Item
Base.80chevyM1028Tailgate2,,Base,Base,,,Item
Base.80chevyM1031Tailgate2,,Base,Base,,,Item
Base.86chevyK5Tailgate2,,Base,Base,,,Item
Base.86chevyCUCVstorageLid2,,Base,Base,,,Item
Base.86chevyCUCVstorageLids2,,Base,Base,,,Item
Base.86chevyCUCVSeatFront2,,Base,Base,,,Item
Base.86chevyCUCVSeatRear2,,Base,Base,,,Item
Base.86chevyCUCVWindshieldArmor,,Base,Base,,,Item
Base.86chevyCUCVFrontWindowArmor,,Base,Base,,,Item
Base.86chevyCUCVBackWindowArmor,,Base,Base,,,Item
Base.86chevyCUCVWindshieldRearArmor,,Base,Base,,,Item
Base.86chevyM1010WindshieldRearArmor,,Base,Base,,,Item
Base.86chevyCUCVBullbarFrontB,,Base,Base,,,Item
Base.3rdGenChevyCKseriesBumperFront0,,Base,Base,,,Item
Base.86chevyCUCVBullbarFrontC,,Base,Base,,,Item
Base.86chevyCUCVBumperRear1,,Base,Base,,,Item
Base.86chevyCUCVBumperRear2,,Base,Base,,,Item
Base.86chevyCUCVBedTarp2,,Base,Base,,,Item
Base.86chevyCUCVBedPlanks2,,Base,Base,,,Item
Base.86chevy1028Mudflaps2,,Base,Base,,,Item
Base.Tangdao,,Base,Base,,,Item
Base.Liuyedao,,Base,Base,,,Item
Base.Miaodao,,Base,Base,,,Item
Base.HanHuanshoudao,,Base,Base,,,Item
Base.SteelBlock,,Base,Base,,,Item
Base.Taishanbaohuan,,Base,Base,,,Item
Base.Yuchangjian,,Base,Base,,,Item
Base.Modao,,Base,Base,,,Item
Base.Zilongchangqiang,,Base,Base,,,Item
Base.Mashuo,,Base,Base,,,Item
Base.Daxialongque,,Base,Base,,,Item
Base.93fordF350Tire2,,Base,Base,,,Item
Base.93fordF350DoubleTires2,,Base,Base,,,Item
Base.93fordF350EngineDoor2,,Base,Base,,,Item
Base.93fordF350FrontDoor2,,Base,Base,,,Item
Base.93fordF350RearDoor2,,Base,Base,,,Item
Base.93fordF350TrunkDoor2,,Base,Base,,,Item
Base.93fordF350SeatFront2,,Base,Base,,,Item
Base.93fordF350SeatRear2,,Base,Base,,,Item
Base.93fordF350Windshield2,,Base,Base,,,Item
Base.93fordF350FrontSideWindow2,,Base,Base,,,Item
Base.93fordF350RearSideWindow2,,Base,Base,,,Item
Base.93fordF350RearWindshield2,,Base,Base,,,Item
Base.93fordF350WindshieldArmor,,Base,Base,,,Item
Base.93fordF350FrontWindowArmor,,Base,Base,,,Item
Base.93fordF350RearWindowArmor,,Base,Base,,,Item
Base.93fordF350utilityWindshieldRearArmor,,Base,Base,,,Item
Base.93fordF350Toolbox2,,Base,Base,,,Item
Base.93fordF350BullbarFrontA,,Base,Base,,,Item
Base.93fordF350BumperFront0,,Base,Base,,,Item
Base.93fordF350BumperFrontB,,Base,Base,,,Item
Base.93fordF350BumperFrontC,,Base,Base,,,Item
Base.93fordF350BumperRear0,,Base,Base,,,Item
Base.93fordF350Mudflaps2,,Base,Base,,,Item
Base.93fordF350SideSteps2,,Base,Base,,,Item
Base.93fordF150SideSteps2,,Base,Base,,,Item
Base.93fordF350SideStepsLong2,,Base,Base,,,Item
Base.93fordF150SideStepsLong2,,Base,Base,,,Item
Base.93fordF350BedCover2,,Base,Base,,,Item
LC.Hat_BaseballCap_Legendary_Grey,,LC,LC,,,Item
LC.Hat_BaseballCap_Legendary_Green,,LC,LC,,,Item
LC.Hat_BaseballCap_Legendary_Brown,,LC,LC,,,Item
LC.Hat_BaseballCap_Legendary_Black,,LC,LC,,,Item
LC.Hat_BaseballCap_Legendary_Pink,,LC,LC,,,Item
LC.Hat_BaseballCap_Legendary_Orange,,LC,LC,,,Item
LC.Hat_BaseballCap_Legendary_Purple,,LC,LC,,,Item
LC.Hat_BaseballCap_Legendary_Blue,,LC,LC,,,Item
LC.Hat_BaseballCap_Legendary_Red,,LC,LC,,,Item
LC.Hat_BaseballCap_Legendary_White,,LC,LC,,,Item
Base.91nissan240sxOEM13,,Base,Base,,,Item
Base.91nissan240sxOEM23,,Base,Base,,,Item
Base.91nissan240sxG73,,Base,Base,,,Item
Base.91nissan240sxGT3,,Base,Base,,,Item
Base.91nissan240sxEngineDoor3,,Base,Base,,,Item
Base.91nissan240sxFrontDoor3,,Base,Base,,,Item
Base.91nissan240sxTrunkDoor3,,Base,Base,,,Item
Base.91nissan240sxSeatFront3,,Base,Base,,,Item
Base.91nissan240sxSeatRear3,,Base,Base,,,Item
Base.91nissan240sxWindshield3,,Base,Base,,,Item
Base.91nissan240sxFrontSideWindow3,,Base,Base,,,Item
Base.91nissan240sxRearSideWindow3,,Base,Base,,,Item
Base.91nissan240sxRearWindshield3,,Base,Base,,,Item
Base.91nissan240sxSunroof3,,Base,Base,,,Item
Base.91nissan240sxWindshieldArmor,,Base,Base,,,Item
Base.91nissan240sxFrontWindowArmor,,Base,Base,,,Item
Base.91nissan240sxRearWindowArmor,,Base,Base,,,Item
Base.91nissan240sxWindshieldRearArmor,,Base,Base,,,Item
Base.91nissan240sxBullbarFrontA,,Base,Base,,,Item
Base.91nissan240sxBumperFront0,,Base,Base,,,Item
Base.91nissan240sxBumperFrontA,,Base,Base,,,Item
Base.91nissan240sxBumperFront1,,Base,Base,,,Item
Base.91nissan240sxBumperFrontB,,Base,Base,,,Item
Base.93mustangSSPTire1,,Base,Base,,,Item
Base.93mustangSSPTireB1,,Base,Base,,,Item
Base.93mustangGTTire3,,Base,Base,,,Item
Base.93mustangGTTireB3,,Base,Base,,,Item
Base.93mustangSVTTire3,,Base,Base,,,Item
Base.93mustangSSPEngineDoor1,,Base,Base,,,Item
Base.93mustangSVTEngineDoor3,,Base,Base,,,Item
Base.93mustangSSPFrontDoor1,,Base,Base,,,Item
Base.93mustangSSPTrunkDoor1,,Base,Base,,,Item
Base.93mustangTrunkDoor2,,Base,Base,,,Item
Base.93mustangSSPSeatFront1,,Base,Base,,,Item
Base.93mustangSSPSeatRear1,,Base,Base,,,Item
Base.93mustangSSPWindshield1,,Base,Base,,,Item
Base.93mustangSSPFrontSideWindow1,,Base,Base,,,Item
Base.93mustangSSPRearSideWindow1,,Base,Base,,,Item
Base.93mustangRearSideWindow1,,Base,Base,,,Item
Base.93mustangSSPRearWindshield1,,Base,Base,,,Item
Base.93mustangSSPWindshieldArmor,,Base,Base,,,Item
Base.93mustangSSPFrontWindowArmor,,Base,Base,,,Item
Base.93mustangSSPRearWindowArmor,,Base,Base,,,Item
Base.93mustangSSPWindshieldRearArmor,,Base,Base,,,Item
Base.93mustangSSPBumperFront0,,Base,Base,,,Item
Base.93mustangSSPBumperFront1,,Base,Base,,,Item
Base.93mustangMudflaps,,Base,Base,,,Item
Base.BallPeenHammer,,Base,Base,,,Item
Base.BlackPowderCartridge,,Base,Base,,,Item
Base.85buickLeSabreEngineDoor1,,Base,Base,,,Item
Base.85buickLeSabreTrunkDoor1,,Base,Base,,,Item
Base.85buickLeSabreSeatFront1,,Base,Base,,,Item
Base.85buickLeSabreSeatRear1,,Base,Base,,,Item
Base.85buickLeSabreBumperFront0,,Base,Base,,,Item
Base.85gmBbodyBullbarFrontA,,Base,Base,,,Item
Base.85buickLeSabreBumperFrontA,,Base,Base,,,Item
Base.85buickLeSabreBumperRear0,,Base,Base,,,Item
Base.92jeepYJTire2,,Base,Base,,,Item
Base.92jeepYJEngineDoor2,,Base,Base,,,Item
Base.92jeepYJFrontDoor2,,Base,Base,,,Item
Base.92jeepYJFrontSideWindowFrame2,,Base,Base,,,Item
Base.92jeepYJWindshieldFrame2,,Base,Base,,,Item
Base.92jeepYJTrunkDoor2,,Base,Base,,,Item
Base.92jeepYJSeatFront2,,Base,Base,,,Item
Base.92jeepYJSeatRear2,,Base,Base,,,Item
Base.92jeepYJWindshield2,,Base,Base,,,Item
Base.92jeepYJFrontSideWindow2,,Base,Base,,,Item
Base.92jeepYJRearSideWindow2,,Base,Base,,,Item
Base.92jeepYJWindshieldRear2,,Base,Base,,,Item
Base.92jeepYJWindshieldArmor,,Base,Base,,,Item
Base.92jeepYJFrontWindowArmor,,Base,Base,,,Item
Base.92jeepYJRearWindowArmor,,Base,Base,,,Item
Base.92jeepYJWindshieldRearArmor,,Base,Base,,,Item
Base.92jeepYJBumperFront0,,Base,Base,,,Item
Base.92jeepYJBumperFront1,,Base,Base,,,Item
Base.92jeepYJBullbarFrontA,,Base,Base,,,Item
Base.92jeepYJBumperRear0,,Base,Base,,,Item
Base.92jeepYJBumperRear1,,Base,Base,,,Item
Base.92jeepYJRoofrack2,,Base,Base,,,Item
Base.92jeepYJFamilyRollbar2,,Base,Base,,,Item
Base.92jeepYJSportRollbar2,,Base,Base,,,Item
Base.92jeepYJSoftTop2,,Base,Base,,,Item
Base.92jeepYJHardTop2,,Base,Base,,,Item
Base.92jeepYJLightbar2,,Base,Base,,,Item
Base.92jeepYJWinch2,,Base,Base,,,Item
Base.84buickElectraEngineDoor1,,Base,Base,,,Item
Base.84buickElectraTrunkDoor1,,Base,Base,,,Item
Base.84buickElectraSeatFront1,,Base,Base,,,Item
Base.84buickElectraSeatRear1,,Base,Base,,,Item
Base.84buickElectraBumperFront0,,Base,Base,,,Item
Base.84buickElectraBumperFrontA,,Base,Base,,,Item
Base.84buickElectraBumperRear0,,Base,Base,,,Item
RandomClothing.JapaneseUmbrellaClosed,日式伞 (收拢),RandomClothing,RandomClothing,,,Item
RandomClothing.JapaneseUmbrellaOpen,日式伞 (撑开),RandomClothing,RandomClothing,,,Item
Base.Button,,Base,Base,,,Item
RandomClothing.PowerFumoR,帕瓦玩偶,RandomClothing,RandomClothing,,,Item
RandomClothing.SparkleFumoR,花火玩偶,RandomClothing,RandomClothing,,,Item
RandomClothing.MikuFumoR,初音未来 Fumo,RandomClothing,RandomClothing,,,Item
Base.Shirt_Lumberjack,,Base,Base,,,Item
Base.Shirt_LumberjackVest,伐木工背心,Base,Base,,,Item
Base.Shirt_Denim,,Base,Base,,,Item
Base.Shirt_DenimVest,牛仔背心,Base,Base,,,Item
Base.89volvo200Tire0,,Base,Base,,,Item
Base.89volvo200Tire1,,Base,Base,,,Item
Base.89volvo200Tire2,,Base,Base,,,Item
Base.89volvo240EngineDoor1,,Base,Base,,,Item
Base.89volvo242EngineDoor1,,Base,Base,,,Item
Base.89volvo240FrontDoor1,,Base,Base,,,Item
Base.89volvo240RearDoor1,,Base,Base,,,Item
Base.89volvo240SedanTrunkDoor1,,Base,Base,,,Item
Base.89volvo245WagonTrunkDoor1,,Base,Base,,,Item
Base.89volvo240SeatFront1,,Base,Base,,,Item
Base.89volvo240SeatRear1,,Base,Base,,,Item
Base.89volvo240Windshield1,,Base,Base,,,Item
Base.89volvo240FrontSideWindow1,,Base,Base,,,Item
Base.89volvo240RearSideWindow1,,Base,Base,,,Item
Base.89volvo242RearSideWindow1,,Base,Base,,,Item
Base.89volvo245WagonBackSideWindow1,,Base,Base,,,Item
Base.89volvo244SedanBackSideWindow1,,Base,Base,,,Item
Base.89volvo240SedanRearWindshield1,,Base,Base,,,Item
Base.89volvo245WagonRearWindshield1,,Base,Base,,,Item
Base.89volvo240WindshieldArmorM,,Base,Base,,,Item
Base.89volvo240FrontWindowArmorM,,Base,Base,,,Item
Base.89volvo240RearWindowArmorM,,Base,Base,,,Item
Base.89volvo245WagonBackWindowArmorM,,Base,Base,,,Item
Base.89volvo244SedanBackWindowArmorM,,Base,Base,,,Item
Base.89volvo240WindshieldRearArmorM,,Base,Base,,,Item
Base.89volvo240WindshieldArmorW,,Base,Base,,,Item
Base.89volvo240FrontWindowArmorW,,Base,Base,,,Item
Base.89volvo240RearWindowArmorW,,Base,Base,,,Item
Base.89volvo245WagonBackWindowArmorW,,Base,Base,,,Item
Base.89volvo244SedanBackWindowArmorW,,Base,Base,,,Item
Base.89volvo240WindshieldRearArmorW,,Base,Base,,,Item
Base.89volvo240BullbarFrontA,,Base,Base,,,Item
Base.89volvo240BumperFront0,,Base,Base,,,Item
Base.89volvo240BumperFrontB,,Base,Base,,,Item
Base.89volvo240BumperFront0A,,Base,Base,,,Item
Base.89volvo240BumperFrontL,,Base,Base,,,Item
Base.89volvo240BumperFrontLA,,Base,Base,,,Item
Base.89volvo240Roofrack1,,Base,Base,,,Item
Base.89volvo245WagonRoofrack1,,Base,Base,,,Item
Base.89volvo240Mudflaps1,,Base,Base,,,Item
LB.Bag_LegendaryBackpack,,LB,LB,,,Item
LB.Bag_LegendaryBackpack_Pink,,LB,LB,,,Item
LB.Bag_LegendaryBackpack_Black,,LB,LB,,,Item
LB.Bag_LegendaryBackpack_Green,,LB,LB,,,Item
LB.Bag_LegendaryBackpack_Brown,,LB,LB,,,Item
LB.Bag_LegendaryBackpack_Orange,,LB,LB,,,Item
LB.Bag_LegendaryBackpack_Purple,,LB,LB,,,Item
LB.Bag_LegendaryBackpack_Blue,,LB,LB,,,Item
LB.Bag_LegendaryBackpack_Red,,LB,LB,,,Item
LB.Bag_LegendaryBackpack_White,,LB,LB,,,Item
STA_BetterHutches.WoodchipsBag,,STA_BetterHutches,STA_BetterHutches,,,Item
ALICE.M9BayonetSheath,,ALICE,ALICE,,,Item
ALICE.AliceVest2PTight,,ALICE,ALICE,,,Item
ALICE.AliceVest2P2CTight,,ALICE,ALICE,,,Item
ALICE.AliceVest4P2CTight,,ALICE,ALICE,,,Item
ALICE.AliceVest2P1C1HTight,,ALICE,ALICE,,,Item
ALICE.AliceVest2P1C1ETight,,ALICE,ALICE,,,Item
ALICE.AliceVest4P1C1ETight,,ALICE,ALICE,,,Item
ALICE.AliceVest4PTight,,ALICE,ALICE,,,Item
ALICE.AliceVest4P1C1HTight,,ALICE,ALICE,,,Item
Tikitown.Titanium_Baseball_Bat,签名钛合金棒球棍,Tikitown,Tikitown,,,Item
Tikitown.Bat_Mount_Wood,木质展示座,Tikitown,Tikitown,,,Item
Tikitown.Bat_Mount_Glass,玻璃展示罩,Tikitown,Tikitown,,,Item
Tikitown.Special_Bat_Mounted,签名球棒展示品,Tikitown,Tikitown,,,Item
Tikitown.PlushDisplayCase,已装满的毛绒玩具展示柜,Tikitown,Tikitown,,,Item
Tikitown.Penguin,企鹅毛绒玩具,Tikitown,Tikitown,,,Item
Tikitown.Rhino,犀牛毛绒玩具,Tikitown,Tikitown,,,Item
Tikitown.Sheep,绵羊毛绒玩具,Tikitown,Tikitown,,,Item
Tikitown.Cat,猫咪毛绒玩具,Tikitown,Tikitown,,,Item
Tikitown.Dolphin,海豚毛绒玩具,Tikitown,Tikitown,,,Item
Tikitown.Pig,小猪毛绒玩具,Tikitown,Tikitown,,,Item
Tikitown.Raccoon,浣熊毛绒玩具,Tikitown,Tikitown,,,Item
Tikitown.Possum,负鼠毛绒玩具,Tikitown,Tikitown,,,Item
Tikitown.Beaver,河狸毛绒玩具,Tikitown,Tikitown,,,Item
Tikitown.Elephant,大象毛绒玩具,Tikitown,Tikitown,,,Item
Tikitown.Whale,鲸鱼毛绒玩具,Tikitown,Tikitown,,,Item
Tikitown.PlushDisplayCaseOnly,毛绒玩具展示柜,Tikitown,Tikitown,,,Item
Base.mapper:plushCanSorts,,Base,Base,,,Item
Base.AluminumScrap,,Base,Base,,,Item
TikitownPower.IndustrialFilter,工业级过滤器,TikitownPower,TikitownPower,,,Item
Base.IronBarHalf,,Base,Base,,,Item
TikitownPower.PumpBlades,发电厂泵叶片,TikitownPower,TikitownPower,,,Item
Base.SteelBarQuarter,,Base,Base,,,Item
TikitownPower.PumpCheckValve,发电厂止回阀,TikitownPower,TikitownPower,,,Item
TikitownPower.PumpSeals,发电厂密封件,TikitownPower,TikitownPower,,,Item
TikitownPower.PumpDisch,发电厂排放喷嘴,TikitownPower,TikitownPower,,,Item
TikitownPower.PumpSuction,发电厂吸入喷嘴,TikitownPower,TikitownPower,,,Item
TikitownPower.PumpImpeller,发电厂叶轮,TikitownPower,TikitownPower,,,Item
TikitownPower.TurbineBlades,发电厂涡轮叶片,TikitownPower,TikitownPower,,,Item
TikitownPower.TurbineRotor,发电厂转子,TikitownPower,TikitownPower,,,Item
TikitownPower.IndustrialGrease,工业级润滑脂,TikitownPower,TikitownPower,,,Item
TikitownPower.TurbineStator,发电厂定子,TikitownPower,TikitownPower,,,Item
Base.Quicklime,,Base,Base,,,Item
Base.mapper:TTPbucketList,,Base,Base,,,Item
Base.Lard,,Base,Base,,,Item
TikitownPower.BucketCarvedLimeSlurryFull,石灰浆 - 雕刻桶装,TikitownPower,TikitownPower,,,Item
Base.mapper:GreasePotMapper,,Base,Base,,,Item
Base.Strainer,,Base,Base,,,Item
TikitownPower.EmptyIndustrialCan,空工业罐,TikitownPower,TikitownPower,,,Item
Base.mapper:SourcePotMapper,,Base,Base,,,Item
Base.mapper:TTPbowlList,,Base,Base,,,Item
TikitownPower.CorrosionInhibitor,防冻腐蚀抑制剂,TikitownPower,TikitownPower,,,Item
Base.mapper:CoolantPotMapper,,Base,Base,,,Item
TikitownPower.IndustrialAntifreeze,工业级防冻液,TikitownPower,TikitownPower,,,Item
Base.mapper:TTPSourceList,,Base,Base,,,Item
TikitownPower.IndustrialOil,工业级机油,TikitownPower,TikitownPower,,,Item
TikitownPower.TurbineControlSystem,涡轮机控制板,TikitownPower,TikitownPower,,,Item
TikitownPower.FurnControl,锅炉控制板,TikitownPower,TikitownPower,,,Item
Base.FiberglassTape,,Base,Base,,,Item
Base.DodgeRTtire3,,Base,Base,,,Item
Base.DG70RTEngineDoor,,Base,Base,,,Item
Base.DG70PDEngineDoor,,Base,Base,,,Item
Base.DG70TAEngineDoor1,,Base,Base,,,Item
Base.DG70Door3,,Base,Base,,,Item
Base.DG70TrunkDoor3,,Base,Base,,,Item
Base.DodgeFrontSeat3,,Base,Base,,,Item
Base.DodgeRearSeat3,,Base,Base,,,Item
Base.DG70Windshield3,,Base,Base,,,Item
Base.DG70FrontSideWindow3,,Base,Base,,,Item
Base.DG70RearSideWindow3,,Base,Base,,,Item
Base.DG70WindshieldRear3,,Base,Base,,,Item
Base.DG70DoorArmor,,Base,Base,,,Item
Base.DG70WindshieldArmor,,Base,Base,,,Item
Base.DG70WindshieldArmorB,,Base,Base,,,Item
Base.DG70WindshieldRearArmor,,Base,Base,,,Item
Base.DG70FrontBumper0,,Base,Base,,,Item
Base.DG70RearBumper0,,Base,Base,,,Item
Base.DG70FrontBumperA,,Base,Base,,,Item
Base.DG70FrontBumperB,,Base,Base,,,Item
Base.DG70FrontBumperC,,Base,Base,,,Item
Base.DG70RearBumperA,,Base,Base,,,Item
Base.DG70RearBumperB,,Base,Base,,,Item
Base.DG70RearBumperC,,Base,Base,,,Item
Base.88toyotaHiluxTire2,,Base,Base,,,Item
Base.88toyotaHiluxEngineDoor2,,Base,Base,,,Item
Base.88toyotaHiluxFrontDoor2,,Base,Base,,,Item
Base.88toyotaHiluxTrunkDoor2,,Base,Base,,,Item
Base.88toyotaHiluxSeatFront2,,Base,Base,,,Item
Base.88toyotaHiluxSeatRear2,,Base,Base,,,Item
Base.88toyotaHiluxWindshield2,,Base,Base,,,Item
Base.88toyotaHiluxFrontSideWindow2,,Base,Base,,,Item
Base.88toyotaHiluxBackSideWindow2,,Base,Base,,,Item
Base.88toyotaHiluxWindshieldRear2,,Base,Base,,,Item
Base.88toyotaHiluxWindshieldArmor,,Base,Base,,,Item
Base.88toyotaHiluxFrontWindowArmor,,Base,Base,,,Item
Base.88toyotaHiluxBackWindowArmor,,Base,Base,,,Item
Base.88toyotaHiluxWindshieldRearArmor,,Base,Base,,,Item
Base.88toyotaHiluxBumperFront0,,Base,Base,,,Item
Base.88toyotaHiluxBumperRear0,,Base,Base,,,Item
Base.88toyotaHiluxBullbarFrontA,,Base,Base,,,Item
Base.88toyotaHiluxBullbarRearA,,Base,Base,,,Item
Base.88toyotaHiluxRollbar2,,Base,Base,,,Item
Base.88toyotaHiluxMudflaps2,,Base,Base,,,Item
Base.88toyotaHiluxSideSteps2,,Base,Base,,,Item
Base.88toyotaHiluxBedCap2,,Base,Base,,,Item
Base.88toyotaHiluxRoofrack2,,Base,Base,,,Item
Base.69chargerTire3,,Base,Base,,,Item
Base.moparMagnum500TAtire3,,Base,Base,,,Item
Base.69chargerDemonTire2,,Base,Base,,,Item
Base.69chargerEngineDoor3,,Base,Base,,,Item
Base.69chargerDemonEngineDoor3,,Base,Base,,,Item
Base.69chargerFrontDoor3,,Base,Base,,,Item
Base.69chargerTrunkDoor3,,Base,Base,,,Item
Base.69chargerDaytonaTrunkDoor3,,Base,Base,,,Item
Base.69chargerFrontSeat3,,Base,Base,,,Item
Base.69chargerRearSeat3,,Base,Base,,,Item
Base.69chargerDemonFrontSeat3,,Base,Base,,,Item
Base.69chargerWindshield3,,Base,Base,,,Item
Base.69chargerFrontSideWindow3,,Base,Base,,,Item
Base.69chargerRearSideWindow3,,Base,Base,,,Item
Base.69chargerWindshieldRear3,,Base,Base,,,Item
Base.69chargerFrontWindowArmor,,Base,Base,,,Item
Base.69chargerRearWindowArmor,,Base,Base,,,Item
Base.69chargerWindshieldArmor,,Base,Base,,,Item
Base.69chargerWindshieldRearArmor,,Base,Base,,,Item
Base.69chargerBumperFront0,,Base,Base,,,Item
Base.69chargerBullbarFrontA,,Base,Base,,,Item
Base.69chargerBumperFrontA,,Base,Base,,,Item
Base.69chargerBumperFront1,,Base,Base,,,Item
Base.69chargerBumperFrontB,,Base,Base,,,Item
Base.69chargerBumperRear0,,Base,Base,,,Item
Base.69chargerDemonBullbarFrontD,,Base,Base,,,Item
Base.69chargerDemonBullbarRearD,,Base,Base,,,Item
Base.SpearLongHead,,Base,Base,,,Item
LN.LegendaryNaginata_Wood,传奇薙刀 (木),LN,LN,,,Item
Base.PaintGrey,,Base,Base,,,Item
LN.LegendaryNaginata_Grey,传奇薙刀 (灰),LN,LN,,,Item
LN.LegendaryNaginata_Green,传奇薙刀 (绿),LN,LN,,,Item
LN.LegendaryNaginata_Brown,传奇薙刀 (棕),LN,LN,,,Item
LN.LegendaryNaginata_Black,传奇薙刀 (黑),LN,LN,,,Item
LN.LegendaryNaginata_Pink,传奇薙刀 (粉),LN,LN,,,Item
LN.LegendaryNaginata_Orange,传奇薙刀 (橙),LN,LN,,,Item
LN.LegendaryNaginata_Purple,传奇薙刀 (紫),LN,LN,,,Item
LN.LegendaryNaginata_Blue,传奇薙刀 (蓝),LN,LN,,,Item
LN.LegendaryNaginata_Red,传奇薙刀 (红),LN,LN,,,Item
LN.LegendaryNaginata_White,传奇薙刀 (白),LN,LN,,,Item
damnCraft.SteelRimMedium,,damnCraft,damnCraft,,,Item
damnCraft.TireRubberNewLarge,,damnCraft,damnCraft,,,Item
Base.90pierceArrowTire2,,Base,Base,,,Item
Base.90pierceArrowDoubleTires2,,Base,Base,,,Item
Base.90pierceArrowEngineDoor2,,Base,Base,,,Item
Base.90pierceArrowFrontDoor2,,Base,Base,,,Item
Base.90pierceArrowRearDoor2,,Base,Base,,,Item
Base.90pierceArrowTrunkDoor2,,Base,Base,,,Item
Base.90pierceArrowTrunkDoorsLeft2,,Base,Base,,,Item
Base.90pierceArrowTrunkDoorsRight2,,Base,Base,,,Item
Base.90pierceArrowSeat2,,Base,Base,,,Item
Base.90pierceArrowWindshield2,,Base,Base,,,Item
Base.90pierceArrowSideWindow2,,Base,Base,,,Item
Base.90pierceArrowRearWindshield2,,Base,Base,,,Item
Base.90pierceArrowWindshieldArmor,,Base,Base,,,Item
Base.90pierceArrowSideWindowArmor,,Base,Base,,,Item
Base.90pierceArrowWindshieldRearArmor,,Base,Base,,,Item
Base.90pierceArrowBumper0,,Base,Base,,,Item
Base.90pierceArrowReinforcedBumper1,,Base,Base,,,Item
Base.90pierceArrowMudflaps2,,Base,Base,,,Item
Base.LeadPipe,,Base,Base,,,Item
Base.EngineParts,,Base,Base,,,Item
AutoTurret.TurretPart1,,AutoTurret,AutoTurret,,,Item
AutoTurret.AmmoCan1,,AutoTurret,AutoTurret,,,Item
AutoTurret.Silencer1,,AutoTurret,AutoTurret,,,Item
AutoTurret.Senser1,,AutoTurret,AutoTurret,,,Item
AutoTurret.SignalSystem1,,AutoTurret,AutoTurret,,,Item
AutoTurret.TurretLight1,,AutoTurret,AutoTurret,,,Item
Base.SmallSaw,,Base,Base,,,Item
Base.SmallCopperSheet,,Base,Base,,,Item
Base.SolarLampItem,太阳能探照灯,Base,Base,,,Item
Base.84oldsmobile98EngineDoor1,,Base,Base,,,Item
Base.84oldsmobile98TrunkDoor1,,Base,Base,,,Item
Base.84oldsmobile98SeatFront1,,Base,Base,,,Item
Base.84oldsmobile98SeatRear1,,Base,Base,,,Item
Base.84oldsmobile98BumperFront0,,Base,Base,,,Item
Base.84oldsmobile98BumperFrontA,,Base,Base,,,Item
Base.84oldsmobile98BumperRear0,,Base,Base,,,Item
Base.StoneBlock,,Base,Base,,,Item
Base.Yidefuren02,,Base,Base,,,Item
Base.P19AEngineDoor2,,Base,Base,,,Item
Base.P19ACarFrontDoor2,,Base,Base,,,Item
Base.P19ARoofHatch2,,Base,Base,,,Item
Base.P19ATrunkDoor2,,Base,Base,,,Item
Base.P19AWindshield2,,Base,Base,,,Item
Base.P19ASideWindow2,,Base,Base,,,Item
Base.P19AWindshieldArmor,,Base,Base,,,Item
Base.P19ACarFrontDoorArmor,,Base,Base,,,Item
Base.P19ARoofrack,,Base,Base,,,Item
Base.P19ASpareMount1,,Base,Base,,,Item
Base.P19ASpareMount2,,Base,Base,,,Item
Base.P19AFenderLeft1,,Base,Base,,,Item
Base.P19AFenderLeft2,,Base,Base,,,Item
Base.P19AFenderRight1,,Base,Base,,,Item
Base.P19AFenderRight2,,Base,Base,,,Item
Base.M1082TrunkDoor2,,Base,Base,,,Item
Base.M1082Mudflaps2,,Base,Base,,,Item
Base.M1082Tarp2,,Base,Base,,,Item
Base.HandTorch,,Base,Base,,,Item
Bicycle.Bicycle_Lamp,自行车灯,Bicycle,Bicycle,,,Item
Bicycle.Bicycle_Crate,自行车货箱,Bicycle,Bicycle,,,Item
Bicycle.Bicycle_StreetWheelFrontItem,公路车轮(前),Bicycle,Bicycle,,,Item
Bicycle.Bicycle_StreetWheelRearItem,公路车轮(后),Bicycle,Bicycle,,,Item
Bicycle.Bicycle_StreetWheelFrontFlatItem,,Bicycle,Bicycle,,,Item
Base.RubberHose,,Base,Base,,,Item
Bicycle.Bicycle_StreetWheelRearFlatItem,,Bicycle,Bicycle,,,Item
Bicycle.Bicycle_OffroadWheelFrontFlatItem,,Bicycle,Bicycle,,,Item
Bicycle.Bicycle_OffroadWheelFrontItem,越野车轮(前),Bicycle,Bicycle,,,Item
Bicycle.Bicycle_OffroadWheelRearFlatItem,,Bicycle,Bicycle,,,Item
Bicycle.Bicycle_OffroadWheelRearItem,越野车轮(后),Bicycle,Bicycle,,,Item
Base.CFbook,,Base,Base,,,Item
Base.Result 		: CFbook,,Base,Base,,,Item
OnCreate 		: Recipe.OnCreate.readcfbook,,OnCreate 		: Recipe,OnCreate 		: Recipe,,,Item
Base.CrudeWoodenTongs,简易木钳,Base,Base,,,Item
Base.Rag,,Base,Base,,,Item
Base.89trooperTire2,,Base,Base,,,Item
Base.89trooperEngineDoor2,,Base,Base,,,Item
Base.89trooperFrontDoor2,,Base,Base,,,Item
Base.89trooperRearDoor2,,Base,Base,,,Item
Base.89trooperTrunkDoor2,,Base,Base,,,Item
Base.89trooperSeatFront2,,Base,Base,,,Item
Base.89trooperSeatRear2,,Base,Base,,,Item
Base.89trooperWindshield2,,Base,Base,,,Item
Base.89trooperSideWindow2,,Base,Base,,,Item
Base.89trooperRearWindshield2,,Base,Base,,,Item
Base.89trooperWindshieldArmor,,Base,Base,,,Item
Base.89trooperFrontDoorArmor,,Base,Base,,,Item
Base.89trooperRearDoorArmor,,Base,Base,,,Item
Base.89trooperBackWindowArmor,,Base,Base,,,Item
Base.89trooperWindshieldRearArmor,,Base,Base,,,Item
Base.89trooperBullbarFrontA,,Base,Base,,,Item
Base.89trooperBumperFront0,,Base,Base,,,Item
Base.89trooperBullbarFrontB,,Base,Base,,,Item
Base.89trooperRoofrack2,,Base,Base,,,Item
Base.89trooperMudflaps2,,Base,Base,,,Item
Base.89trooperSideSteps2,,Base,Base,,,Item
Base.80sOffroadTireA,,Base,Base,,,Item
Base.82JeepJ10EngineDoor2,,Base,Base,,,Item
Base.82JeepJ10CarFrontDoor2,,Base,Base,,,Item
Base.82JeepJ10TrunkDoor2,,Base,Base,,,Item
Base.82JeepJ10TrunkDoorTop2,,Base,Base,,,Item
Base.82JeepJ10Windshield2,,Base,Base,,,Item
Base.82JeepJ10WindowSide2,,Base,Base,,,Item
Base.82JeepJ10WindshieldRear2,,Base,Base,,,Item
Base.82JeepJ10BumperFront,,Base,Base,,,Item
Base.82JeepJ10BumperRear,,Base,Base,,,Item
Base.80sPickupBullbarFront,,Base,Base,,,Item
Base.82JeepJ10BullbarFront,,Base,Base,,,Item
Base.82JeepJ10BedCover,,Base,Base,,,Item
Base.Alcohol,,Base,Base,,,Item
Base.mapper:ragType,,Base,Base,,,Item
Base.87toyotaMR2TireT13,,Base,Base,,,Item
Base.87toyotaMR2TireT23,,Base,Base,,,Item
Base.87toyotaMR2EngineDoor3,,Base,Base,,,Item
Base.87toyotaMR2Door3,,Base,Base,,,Item
Base.87toyotaMR2FrontTrunkDoor3,,Base,Base,,,Item
Base.87toyotaMR2RearTrunkDoor3,,Base,Base,,,Item
Base.87toyotaMR2Seat3,,Base,Base,,,Item
Base.87toyotaMR2Windshield3,,Base,Base,,,Item
Base.87toyotaMR2FrontSideWindow3,,Base,Base,,,Item
Base.87toyotaMR2RearSideWindow3,,Base,Base,,,Item
Base.87toyotaMR2RearWindshield3,,Base,Base,,,Item
Base.87toyotaMR2Sunroof3,,Base,Base,,,Item
Base.87toyotaMR2WindshieldArmor,,Base,Base,,,Item
Base.87toyotaMR2WindowArmor,,Base,Base,,,Item
Base.87toyotaMR2WindshieldRearArmor,,Base,Base,,,Item
Base.87toyotaMR2Roofrack3,,Base,Base,,,Item
Base.87toyotaMR2BullbarFrontA,,Base,Base,,,Item
Base.87toyotaMR2BumperFront0,,Base,Base,,,Item
Base.87toyotaMR2BumperFrontA,,Base,Base,,,Item
Base.68firebirdEngineDoor3,,Base,Base,,,Item
Base.68firebirdRamAirEngineDoor3,,Base,Base,,,Item
Base.68firebirdRamAirCustomEngineDoor3,,Base,Base,,,Item
Base.68firebirdFrontDoor3,,Base,Base,,,Item
Base.68firebirdTrunkDoor3,,Base,Base,,,Item
Base.68firebirdSeatFront3,,Base,Base,,,Item
Base.68firebirdSeatRear3,,Base,Base,,,Item
Base.68firebirdWindshield3,,Base,Base,,,Item
Base.68firebirdFrontSideWindow3,,Base,Base,,,Item
Base.68firebirdRearSideWindow3,,Base,Base,,,Item
Base.68firebirdRearWindshield3,,Base,Base,,,Item
Base.68firebirdFrontWindowArmor,,Base,Base,,,Item
Base.68firebirdWindshieldArmor,,Base,Base,,,Item
Base.68firebirdWindshieldRearArmor,,Base,Base,,,Item
Base.68firebirdBumperFront,,Base,Base,,,Item
Base.68firebirdBumperRear,,Base,Base,,,Item
Base.68firebirdBumperFrontA,,Base,Base,,,Item
Base.68firebirdBumperRearA,,Base,Base,,,Item
Base.68firebirdFoamSeal1,,Base,Base,,,Item
Base.68firebirdFoamSeal3,,Base,Base,,,Item
Base.W460NormalTire2,,Base,Base,,,Item
Base.W460WideTire2,,Base,Base,,,Item
Base.W460ModernTire2,,Base,Base,,,Item
Base.W460MilitaryTire2,,Base,Base,,,Item
Base.W460EngineDoor2,,Base,Base,,,Item
Base.W460CarFrontDoor2,,Base,Base,,,Item
Base.W460CarRearDoor2,,Base,Base,,,Item
Base.W460TrunkDoor2,,Base,Base,,,Item
Base.W460TrunkSplitDoor2,,Base,Base,,,Item
Base.W460CarSeatFront2,,Base,Base,,,Item
Base.W460CarSeatRear2,,Base,Base,,,Item
Base.W460Windshield2,,Base,Base,,,Item
Base.W460SideWindow2,,Base,Base,,,Item
Base.W460RearWindshield2,,Base,Base,,,Item
Base.W460WindshieldArmor1,,Base,Base,,,Item
Base.W460CarFrontDoorArmor1,,Base,Base,,,Item
Base.W460CarRearDoorArmor1,,Base,Base,,,Item
Base.W460CarBackWindowArmor1,,Base,Base,,,Item
Base.W460WindshieldRearArmor1,,Base,Base,,,Item
Base.W460WindshieldRearArmorM,,Base,Base,,,Item
Base.W460Guards,,Base,Base,,,Item
Base.W460Bullbar2,,Base,Base,,,Item
Base.W460Bumper1,,Base,Base,,,Item
Base.W460Bullbar3,,Base,Base,,,Item
Base.W460BullbarM,,Base,Base,,,Item
Base.W460Mudflaps1,,Base,Base,,,Item
Base.W460Roofrack1,,Base,Base,,,Item
Base.W460RoofrackM,,Base,Base,,,Item
Base.mapper:ammoTypes,,Base,Base,,,Item
Base.ShotgunShellsBox,12号霰弹(盒装),Base,Base,,,Item
Base.CamaroSStire3,,Base,Base,,,Item
Base.69camaroEngineDoorRS,,Base,Base,,,Item
Base.69camaroEngineDoorSS,,Base,Base,,,Item
Base.69camaroDoor3,,Base,Base,,,Item
Base.69camaroTrunkDoor3,,Base,Base,,,Item
Base.69camaroFrontSeat3,,Base,Base,,,Item
Base.69camaroRearSeat3,,Base,Base,,,Item
Base.69camaroWindshield3,,Base,Base,,,Item
Base.69camaroFrontSideWindow3,,Base,Base,,,Item
Base.69camaroRearSideWindow3,,Base,Base,,,Item
Base.69camaroWindshieldRear3,,Base,Base,,,Item
Base.69camaroWindowArmor,,Base,Base,,,Item
Base.69camaroWindshieldArmor,,Base,Base,,,Item
Base.69camaroWindshieldRearArmor,,Base,Base,,,Item
Base.69camaroFrontBumper0,,Base,Base,,,Item
Base.69camaroFrontBumper1,,Base,Base,,,Item
Base.69camaroRearBumper0,,Base,Base,,,Item
Base.69camaroFrontBumperA,,Base,Base,,,Item
Base.69camaroFrontBumperB,,Base,Base,,,Item
Base.69camaroRearBumperA,,Base,Base,,,Item
Base.69camaroRearBumperB,,Base,Base,,,Item
Base.IronBar,,Base,Base,,,Item
Base.IronBarQuarter,,Base,Base,,,Item
Base.HeavyChainLink,,Base,Base,,,Item
Base.Stake,,Base,Base,,,Item
Xantji.BoxOfWoodJunkSmall,,Xantji,Xantji,,,Item
Xantji.BoxOfWoodJunkMedium,,Xantji,Xantji,,,Item
Base.ChairLeg,,Base,Base,,,Item
Xantji.BoxOfWoodJunkMediumPlus,,Xantji,Xantji,,,Item
Base.Branch_Broken,,Base,Base,,,Item
Xantji.BoxOfWoodJunkLarge,,Xantji,Xantji,,,Item
Base.FishingHook_Forged,,Base,Base,,,Item
Xantji.BoxOfIronJunkSmall,,Xantji,Xantji,,,Item
Xantji.BoxOfIronJunkMedium,,Xantji,Xantji,,,Item
Xantji.BoxOfIronJunkMediumPlus,,Xantji,Xantji,,,Item
Base.Golfclub,,Base,Base,,,Item
Xantji.BoxOfIronJunkLarge,,Xantji,Xantji,,,Item
Base.Toolbox,,Base,Base,,,Item
Xantji.Spring,,Xantji,Xantji,,,Item
Base.GoldSheet,,Base,Base,,,Item
Base.SilverSheet,,Base,Base,,,Item
Base.WristWatch_Left_ClassicBrown,,Base,Base,,,Item
Base.IronPiece,,Base,Base,,,Item
Base.Buckle,,Base,Base,,,Item
Base.BeerCanEmpty,,Base,Base,,,Item
Base.CanPipe,,Base,Base,,,Item
Base.AnimalBone,,Base,Base,,,Item
Base.SmallAnimalBone,,Base,Base,,,Item
Base.LargeAnimalBone,,Base,Base,,,Item
Base.JawboneBovide,,Base,Base,,,Item
Base.HerbivoreTeeth,,Base,Base,,,Item
Base.OldCarMuffler1,,Base,Base,,,Item
Base.IronBandSmall,,Base,Base,,,Item
Base.AluminumFragments,,Base,Base,,,Item
Base.TrunkDoor1,,Base,Base,,,Item
Base.LargeStone,,Base,Base,,,Item
Base.Stone2,,Base,Base,,,Item
Base.EmptySandbag,,Base,Base,,,Item
Base.Gravelbag,,Base,Base,,,Item
Base.FlatStone,,Base,Base,,,Item
Base.mapper:SmeltMapper,,Base,Base,,,Item
Base.mapper:leatherMapper,,Base,Base,,,Item
Base.CharcoalCrafted,,Base,Base,,,Item
Xantji.WoodAsh,,Xantji,Xantji,,,Item
Base.Coke,,Base,Base,,,Item
Base.Bucket,,Base,Base,,,Item
Xantji.SpringHardened,,Xantji,Xantji,,,Item
Base.Boxers_Hearts,,Base,Base,,,Item
Base.Shoes_Black,黑色鞋,Base,Base,,,Item
Xantji.RubberFlakes,,Xantji,Xantji,,,Item
Base.Shoes_ArmyBoots,军靴,Base,Base,,,Item
Base.RubberBand,,Base,Base,,,Item
Base.Fertilizer,,Base,Base,,,Item
Base.Petrol,,Base,Base,,,Item
Xantji.RubberProjectile556,,Xantji,Xantji,,,Item
Xantji.MetalProjectile556,,Xantji,Xantji,,,Item
Base.SharpedStone,,Base,Base,,,Item
Xantji.BlunderbussShell,,Xantji,Xantji,,,Item
Base.mapper:ProjectilesBoxMapper,,Base,Base,,,Item
Base.mapper:ProjectileMapper,,Base,Base,,,Item
Base.mapper:ShellsBoxMapper,,Base,Base,,,Item
Base.mapper:ShellMapper,,Base,Base,,,Item
Base.Plasticbag,,Base,Base,,,Item
Xantji.ImprovisedGlovesSurgical,,Xantji,Xantji,,,Item
Base.SteelWool,,Base,Base,,,Item
Base.VarmintRifle,R700 步枪,Base,Base,,,Item
Xantji.ConvertedVarmintRifle_MetalAmmo,,Xantji,Xantji,,,Item
Base.mapper:rifleType,,Base,Base,,,Item
Base.TreeBranch2,,Base,Base,,,Item
Xantji.ScrappyBlunderbuss,,Xantji,Xantji,,,Item
Base.IronChunk,,Base,Base,,,Item
Base.ClaySheetMold,,Base,Base,,,Item
Base.Cigar,,Base,Base,,,Item
Base.GardeningSprayCigarettes,,Base,Base,,,Item
Base.85oldsmobileDelta88EngineDoor1,,Base,Base,,,Item
Base.85oldsmobileDelta88TrunkDoor1,,Base,Base,,,Item
Base.85oldsmobileDelta88SeatFront1,,Base,Base,,,Item
Base.85oldsmobileDelta88SeatRear1,,Base,Base,,,Item
Base.85oldsmobileDelta88BumperFront0,,Base,Base,,,Item
Base.85oldsmobileDelta88BumperFrontA,,Base,Base,,,Item
Base.85oldsmobileDelta88BumperRear0,,Base,Base,,,Item
Base.Randombox_Normal,,Base,Base,,,Item
Base.Randombox_Opened,,Base,Base,,,Item
Base.Randombox_Rare,,Base,Base,,,Item
Base.Randombox_Legendary,,Base,Base,,,Item
Base.49powerWagonTire,,Base,Base,,,Item
Base.49powerWagonApocalypseTire,,Base,Base,,,Item
Base.49powerWagonEngineDoor2,,Base,Base,,,Item
Base.49powerWagonFrontDoor2,,Base,Base,,,Item
Base.49powerWagonRearDoor2,,Base,Base,,,Item
Base.49powerWagonTrunkDoor2,,Base,Base,,,Item
Base.49powerWagonSeat2,,Base,Base,,,Item
USMIL.Crate0,,USMIL,USMIL,,,Item
Base.49powerWagonTruckBedSeat2,,Base,Base,,,Item
Base.49powerWagonWindshield2,,Base,Base,,,Item
Base.49powerWagonSideWindow2,,Base,Base,,,Item
Base.49powerWagonWindshieldRear2,,Base,Base,,,Item
Base.49powerWagonWindshieldArmor,,Base,Base,,,Item
Base.49powerWagonFrontDoorArmor,,Base,Base,,,Item
Base.49powerWagonRearDoorArmor,,Base,Base,,,Item
Base.49powerWagonWindshieldRearArmor,,Base,Base,,,Item
Base.49powerWagonBumper0,,Base,Base,,,Item
Base.49powerWagonBullbar1,,Base,Base,,,Item
Base.49powerWagonBullbar2,,Base,Base,,,Item
Base.49powerWagonFrontFender,,Base,Base,,,Item
Base.49powerWagonRearFender,,Base,Base,,,Item
Base.49powerWagonFrontFenderMakeshift,,Base,Base,,,Item
Base.49powerWagonRearFenderMakeshift,,Base,Base,,,Item
Base.49powerWagonSideskirts0,,Base,Base,,,Item
Base.49powerWagonSideskirts1,,Base,Base,,,Item
Base.LabTestTube=2,,Base,Base,,,Item
Base.ElectronicsScrap=1,,Base,Base,,,Item
Base.SkillRequired:Electricity=1;Doctor=3,,Base,Base,,,Item
Base.SheetMetal=3,,Base,Base,,,Item
Base.Screws=10,,Base,Base,,,Item
Base.ElectricWire=2,,Base,Base,,,Item
Base.LightBulb=4,,Base,Base,,,Item
Base.LightBulbGreen=2,,Base,Base,,,Item
Base.SkillRequired:Doctor=3;Electricity=3,,Base,Base,,,Item
Base.ElectricWire=1,,Base,Base,,,Item
Base.BlowTorch=6,,Base,Base,,,Item
Base.Nails=4,,Base,Base,,,Item
Base.MetalBar=2,,Base,Base,,,Item
Base.ElectricWire=3,,Base,Base,,,Item
Base.BlowTorch=7,,Base,Base,,,Item
Base.SkillRequired:MetalWelding=2;Electricity=1,,Base,Base,,,Item
Base.Plank=5,,Base,Base,,,Item
Base.Nails=10,,Base,Base,,,Item
Base.keep Screwdriver=1,,Base,Base,,,Item
Base.keep Wrench=1,,Base,Base,,,Item
Base.keep Hammer=1,,Base,Base,,,Item
Base.SkillRequired:Doctor=2;Woodwork=3,,Base,Base,,,Item
Base.WeldingRods=3,,Base,Base,,,Item
Base.BlowTorch=4,,Base,Base,,,Item
Base.Result: Mov_Morge1=1,,Base,Base,,,Item
Base.Result: Mov_Morge2=1,,Base,Base,,,Item
Base.MetalBar=3,,Base,Base,,,Item
Base.Newspaper=12,,Base,Base,,,Item
Base.BucketPlasterFull=4,,Base,Base,,,Item
Base.PaintWhite=3,,Base,Base,,,Item
Base.Paintbrush,,Base,Base,,,Item
Base.LabDecorSkeleton,,Base,Base,,,Item
Base.Newspaper=6,,Base,Base,,,Item
Base.BucketPlasterFull=2,,Base,Base,,,Item
Base.PaintGrey=2,,Base,Base,,,Item
Base.PaintRed=1,,Base,Base,,,Item
Base.LabDecorVirusModel,,Base,Base,,,Item
Base.FrnGolgIngot=2,,Base,Base,,,Item
Base.FrnSilverIngot=2,,Base,Base,,,Item
Base.WeldingRods=4,,Base,Base,,,Item
Base.LabDecorCaduceus,,Base,Base,,,Item
Base.SheetPaper2=4,,Base,Base,,,Item
Base.Pencil=1,,Base,Base,,,Item
Base.Crayons=2,,Base,Base,,,Item
Base.SheetPaper2=3,,Base,Base,,,Item
Base.Scotchtape=2,,Base,Base,,,Item
Base.LabPosterSexyNurse,,Base,Base,,,Item
Base.LabTestTube=8,,Base,Base,,,Item
Base.LightBulb=3,,Base,Base,,,Item
Base.ElectronicsScrap=8,,Base,Base,,,Item
Base.PaintGreen=1,,Base,Base,,,Item
Base.Sound:Screw_A,,Base,Base,,,Item
Base.LabNeonSignPharmacy,,Base,Base,,,Item
Base.PaintOrange=1,,Base,Base,,,Item
Base.LabNeonSignPizza,,Base,Base,,,Item
Base.MatShatteredGlass,,Base,Base,,,Item
Base.MatShatteredGlass=1,,Base,Base,,,Item
Base.Needle/SutureNeedle,,Base,Base,,,Item
Base.SkillRequired:Doctor=3,,Base,Base,,,Item
Base.MatShatteredGlass=3,,Base,Base,,,Item
Base.WeldingRods=1,,Base,Base,,,Item
Base.keep Hammer/BallPeenHammer,,Base,Base,,,Item
Base.FrnIngotMold,,Base,Base,,,Item
Base.FrnGolgNugget=20,,Base,Base,,,Item
Base.FrnIngotMold=1,,Base,Base,,,Item
Base.Sound:Blow_Torch_B,,Base,Base,,,Item
Base.FrnGolgIngot,,Base,Base,,,Item
Base.FrnSilverNugget=20,,Base,Base,,,Item
Base.FrnSilverIngot,,Base,Base,,,Item
Base.SkillRequired:Doctor=5,,Base,Base,,,Item
Base.CmpFlaskWithBloodPlasma=1,,Base,Base,,,Item
Base.CmpFlaskWithBloodPlasma=2,,Base,Base,,,Item
Base.CmpFlaskWithLeukocytes=4,,Base,Base,,,Item
Base.CmpFlaskWithLeukocytes=5,,Base,Base,,,Item
Base.CmpFlaskWithBloodPlasma=4,,Base,Base,,,Item
Base.CmpTestTubeWithAntibodies=6,,Base,Base,,,Item
Base.SkillRequired:Doctor=7,,Base,Base,,,Item
"Base.MatShatteredGlass=1,BlowTorch=5",,Base,Base,,,Item
Base.WhiskeyEmpty/WineEmpty/WineEmpty2/BeerEmpty,,Base,Base,,,Item
Base.Category:Other,,Base,Base,,,Item
Base.Perfume,,Base,Base,,,Item
Base.Cologne,,Base,Base,,,Item
Base.SmashedBottle=2,,Base,Base,,,Item
Base.SkillRequired:Electricity=3;Woodwork=2,,Base,Base,,,Item
Base.SmallSheetMetal=10,,Base,Base,,,Item
Base.ElectricWire=4,,Base,Base,,,Item
Base.SkillRequired:Doctor=3;MetalWelding=4;Electricity=4,,Base,Base,,,Item
Base.SkillRequired:Doctor=1;MetalWelding=3;Electricity=2,,Base,Base,,,Item
Base.Screwdriver=5,,Base,Base,,,Item
Base.Wrench=2,,Base,Base,,,Item
Base.WeldingRods=2,,Base,Base,,,Item
Base.CmpTestTubeWithInfectedBlood=5,,Base,Base,,,Item
Base.AlcoholRippedSheets=2,,Base,Base,,,Item
Base.Charcoal=1,,Base,Base,,,Item
Base.CmpFlaskWithLeukocytes=2,,Base,Base,,,Item
Base.LabFlaskWater=2,,Base,Base,,,Item
Base.LabFlaskWater=3,,Base,Base,,,Item
Base.LabFlaskWater=4,,Base,Base,,,Item
Base.CmpTestTubeWithAntibodies=12,,Base,Base,,,Item
TLK_ArizonaTea.TLK_ArizonaPack,,TLK_ArizonaTea,TLK_ArizonaTea,,,Item
TLK_ArizonaTea.TLK_ArizonaLemon,,TLK_ArizonaTea,TLK_ArizonaTea,,,Item
TLK_ArizonaTea.TLK_ArizonaPeach,,TLK_ArizonaTea,TLK_ArizonaTea,,,Item
TLK_ArizonaTea.TLK_ArizonaRaspberry,,TLK_ArizonaTea,TLK_ArizonaTea,,,Item
TLK_ArizonaTea.TLK_ArizonaGreen,,TLK_ArizonaTea,TLK_ArizonaTea,,,Item
TLK_ArizonaTea.TLK_ArizonaGreenDiet,,TLK_ArizonaTea,TLK_ArizonaTea,,,Item
TLK_ArizonaTea.TLK_ArizonaSweet,,TLK_ArizonaTea,TLK_ArizonaTea,,,Item
TLK_ArizonaTea.TLK_ArizonaArnPalm,,TLK_ArizonaTea,TLK_ArizonaTea,,,Item
TLK_ArizonaTea.TLK_ArizonaArnPalmDiet,,TLK_ArizonaTea,TLK_ArizonaTea,,,Item
TLK_ArizonaTea.TLK_ArizonaWatermelon,,TLK_ArizonaTea,TLK_ArizonaTea,,,Item
TLK_ArizonaTea.TLK_ArizonaGrape,,TLK_ArizonaTea,TLK_ArizonaTea,,,Item
TLK_ArizonaTea.TLK_ArizonaStrawberry,,TLK_ArizonaTea,TLK_ArizonaTea,,,Item
TLK_ArizonaTea.TLK_ArizonaMango,,TLK_ArizonaTea,TLK_ArizonaTea,,,Item
TLK_ArizonaTea.TLK_ArizonaEnergy,,TLK_ArizonaTea,TLK_ArizonaTea,,,Item
TLK_ArizonaTea.TLK_ArizonaHard,,TLK_ArizonaTea,TLK_ArizonaTea,,,Item
Lifestyle.paintPaletteEmpty,调色板 (空),Lifestyle,Lifestyle,,,Item
Lifestyle.paintTubs,颜料罐,Lifestyle,Lifestyle,,,Item
Lifestyle.paintPalette,调色板,Lifestyle,Lifestyle,,,Item
Lifestyle.upgradeElectric,电子升级零件,Lifestyle,Lifestyle,,,Item
Lifestyle.upgradeMechanical,,Lifestyle,Lifestyle,,,Item
Lifestyle.upgradePlumbing,,Lifestyle,Lifestyle,,,Item
Lifestyle.upgradeWood,,Lifestyle,Lifestyle,,,Item
Lifestyle.oldPaintBrush,画笔,Lifestyle,Lifestyle,,,Item
Base.Mop,,Base,Base,,,Item
Lifestyle.SheetMusicBook,乐谱册,Lifestyle,Lifestyle,,,Item
Base.CeramicCrucibleWithGlass,,Base,Base,,,Item
Base.U1550LWindshield2,,Base,Base,,,Item
Base.U1550LWindow2,,Base,Base,,,Item
Base.U1550LRearWindow2,,Base,Base,,,Item
Base.U1550LBull2,,Base,Base,,,Item
Base.U1550LWindshieldBars2,,Base,Base,,,Item
Base.U1550LWindowArmor2,,Base,Base,,,Item
Base.U1550LInteriorArmoring2,,Base,Base,,,Item
Base.U1550LTarp2,,Base,Base,,,Item
Base.Revolver,S&W M625 左轮手枪,Base,Base,,,Item
Base.SharpRevolver,,Base,Base,,,Item
Base.Revolver_Short,S&W M36 左轮手枪,Base,Base,,,Item
Base.SharpRevolver_Short,,Base,Base,,,Item
Base.Revolver_Long,M29,Base,Base,,,Item
Base.SharpRevolver_Long,,Base,Base,,,Item
Base.AssaultRifle,M16A2,Base,Base,,,Item
Base.SharpAssaultRifle,,Base,Base,,,Item
Base.DoubleBarrelShotgun,双管霰弹枪,Base,Base,,,Item
Base.SharpDoubleBarrelShotgun,,Base,Base,,,Item
Base.DoubleBarrelShotgunSawnoff,截短双管霰弹枪,Base,Base,,,Item
Base.SharpDoubleBarrelShotgunSawnoff,,Base,Base,,,Item
Base.GasmaskFilter,防毒面具滤罐,Base,Base,,,Item
Base.RespiratorFilters,,Base,Base,,,Item
Base.Katana,,Base,Base,,,Item
Base.SturdyKatana,,Base,Base,,,Item
Base.MacheteForged,,Base,Base,,,Item
Base.SturdyMacheteForged,,Base,Base,,,Item
Base.SturdyAxe,,Base,Base,,,Item
Base.HandAxe,,Base,Base,,,Item
Base.SturdyHandAxe,,Base,Base,,,Item
Base.WoodAxe,,Base,Base,,,Item
Base.SturdyWoodAxe,,Base,Base,,,Item
Base.MeatCleaver,,Base,Base,,,Item
Base.SturdyMeatCleaverForged,,Base,Base,,,Item
Base.HuntingKnife,,Base,Base,,,Item
Base.SturdyHuntingKnife,,Base,Base,,,Item
Base.SturdyNightstick,,Base,Base,,,Item
Base.Axe_Old,,Base,Base,,,Item
Base.HandAxe_Old,,Base,Base,,,Item
Base.WoodAxeForged,,Base,Base,,,Item
Base.MeatCleaverForged,,Base,Base,,,Item
Base.HuntingKnifeForged,,Base,Base,,,Item
Base.90bmwE30Tire3,,Base,Base,,,Item
Base.90bmwE30mTire3,,Base,Base,,,Item
Base.90bmwE30EngineDoor3,,Base,Base,,,Item
Base.90bmwE30SedanFrontDoor3,,Base,Base,,,Item
Base.90bmwE30CabrioFrontDoor3,,Base,Base,,,Item
Base.90bmwE30SedanRearDoor3,,Base,Base,,,Item
Base.90bmwE30TouringRearDoor3,,Base,Base,,,Item
Base.90bmwE30SedanTrunkDoor3,,Base,Base,,,Item
Base.90bmwE30m3TrunkDoor3,,Base,Base,,,Item
Base.90bmwE30TouringTrunkDoor3,,Base,Base,,,Item
Base.90bmwE30CabrioRoofLid3,,Base,Base,,,Item
Base.90bmwE30SeatFront3,,Base,Base,,,Item
Base.90bmwE30SeatRear3,,Base,Base,,,Item
Base.90bmwE30Windshield3,,Base,Base,,,Item
Base.90bmwE30FrontSideWindow3,,Base,Base,,,Item
Base.90bmwE30CabrioSideWindows3,,Base,Base,,,Item
Base.90bmwE30SedanRearSideWindow3,,Base,Base,,,Item
Base.90bmwE30TouringRearSideWindow3,,Base,Base,,,Item
Base.90bmwE30TouringBackSideWindow3,,Base,Base,,,Item
Base.90bmwE30RearWindshield3,,Base,Base,,,Item
Base.90bmwE30WindshieldArmor,,Base,Base,,,Item
Base.90bmwE30FrontWindowArmor,,Base,Base,,,Item
Base.90bmwE30SedanRearWindowArmor,,Base,Base,,,Item
Base.90bmwE30CabrioWindowArmor,,Base,Base,,,Item
Base.90bmwE30TouringRearWindowArmor,,Base,Base,,,Item
Base.90bmwE30TouringBackWindowArmor,,Base,Base,,,Item
Base.90bmwE30WindshieldRearArmor,,Base,Base,,,Item
Base.90bmwE30Bullbar,,Base,Base,,,Item
Base.90bmwE30BumperFront,,Base,Base,,,Item
Base.90bmwE30BumperFrontA,,Base,Base,,,Item
Base.90bmwE30BumperFrontM,,Base,Base,,,Item
Base.90bmwE30BumperFrontMA,,Base,Base,,,Item
Base.90bmwE30Roofrack3,,Base,Base,,,Item
"Base.SheetMetal = 3, ElectronicsScrap = 4",,Base,Base,,,Item
Base.Result: SpaceMarine_BackPack,,Base,Base,,,Item
Base.NeedToBeLearn: false,,Base,Base,,,Item
Base.CanBeDoneFromFloor:TRUE,,Base,Base,,,Item
Base.Category:Space Marine,,Base,Base,,,Item
Base.Result: SpaceMarine_BackPack_BlackTemplar,,Base,Base,,,Item
"Base.SheetMetal = 2, ElectronicsScrap = 2",,Base,Base,,,Item
Base.Result: SpaceMarine_Helmet,,Base,Base,,,Item
Base.Result: SpaceMarine_Helmet_BlackTemplar,,Base,Base,,,Item
"Base.SheetMetal = 2, SmallSheetMetal = 3, ElectronicsScrap = 2",,Base,Base,,,Item
Base.Result: SpaceMarine_Armor,,Base,Base,,,Item
Base.Result: SpaceMarine_Armor_Plates,,Base,Base,,,Item
Base.Result: SpaceMarine_Armor_BlackTemplar,,Base,Base,,,Item
"Base.SheetMetal = 1, ElectronicsScrap = 1",,Base,Base,,,Item
Base.Result: SpaceMarine_Armor_Shoulders,,Base,Base,,,Item
Base.Result: SpaceMarine_Armor_Shoulders_Plates,,Base,Base,,,Item
Base.Result: SpaceMarine_Armor_Shoulders_BlackTemplar,,Base,Base,,,Item
LK.LegendaryKatana_Blade,传奇武士刀刀身,LK,LK,,,Item
LK.LegendaryKatana_Handle,传奇武士刀刀柄,LK,LK,,,Item
LK.LegendaryKatanaBlack,传奇武士刀 (黑),LK,LK,,,Item
LK.LegendaryKatanaOrange,传奇武士刀 (橙),LK,LK,,,Item
LK.LegendaryKatanaGrey,传奇武士刀 (灰),LK,LK,,,Item
LK.LegendaryKatanaGreen,传奇武士刀 (绿),LK,LK,,,Item
LK.LegendaryKatanaBrown,传奇武士刀 (棕),LK,LK,,,Item
LK.LegendaryKatanaPink,传奇武士刀 (粉),LK,LK,,,Item
LK.LegendaryKatanaPurple,传奇武士刀 (紫),LK,LK,,,Item
LK.LegendaryKatanaRed,传奇武士刀 (红),LK,LK,,,Item
LK.LegendaryKatanaWhite,传奇武士刀 (白),LK,LK,,,Item
LK.LegendaryKatanaBlue,传奇武士刀 (蓝),LK,LK,,,Item
LK.LegendaryKatanaSheathBackWood,武士刀鞘 (木质 背部),LK,LK,,,Item
LK.LegendaryKatanaSheathBackGrey,武士刀鞘 (灰 背部),LK,LK,,,Item
LK.LegendaryKatanaSheathBackGreen,武士刀鞘 (绿 背部),LK,LK,,,Item
LK.LegendaryKatanaSheathBackBrown,武士刀鞘 (棕 背部),LK,LK,,,Item
LK.LegendaryKatanaSheathBackOrange,武士刀鞘 (橙 背部),LK,LK,,,Item
LK.LegendaryKatanaSheathBackPink,武士刀鞘 (粉 背部),LK,LK,,,Item
LK.LegendaryKatanaSheathBackPurple,武士刀鞘 (紫 背部),LK,LK,,,Item
LK.LegendaryKatanaSheathBackRed,武士刀鞘 (红 背部),LK,LK,,,Item
LK.LegendaryKatanaSheathBackWhite,武士刀鞘 (白 背部),LK,LK,,,Item
LK.LegendaryKatanaSheathBackBlue,武士刀鞘 (蓝 背部),LK,LK,,,Item
LK.LegendaryKatanaSheathBackBlack,武士刀鞘 (黑 背部),LK,LK,,,Item
LK.LegendaryWakizashiBlack,传奇胁差 (黑),LK,LK,,,Item
LK.LegendaryWakizashiOrange,传奇胁差 (橙),LK,LK,,,Item
LK.LegendaryWakizashiGrey,传奇胁差 (灰),LK,LK,,,Item
LK.LegendaryWakizashiGreen,传奇胁差 (绿),LK,LK,,,Item
LK.LegendaryWakizashiBrown,传奇胁差 (棕),LK,LK,,,Item
LK.LegendaryWakizashiPink,传奇胁差 (粉),LK,LK,,,Item
LK.LegendaryWakizashiPurple,传奇胁差 (紫),LK,LK,,,Item
LK.LegendaryWakizashiRed,传奇胁差 (红),LK,LK,,,Item
LK.LegendaryWakizashiWhite,传奇胁差 (白),LK,LK,,,Item
LK.LegendaryWakizashiBlue,传奇胁差 (蓝),LK,LK,,,Item
LK.LegendaryWakizashiSheathBackWood,胁差刀鞘 (木质 背部),LK,LK,,,Item
LK.LegendaryWakizashiSheathBackGrey,胁差刀鞘 (灰 背部),LK,LK,,,Item
LK.LegendaryWakizashiSheathBackGreen,胁差刀鞘 (绿 背部),LK,LK,,,Item
LK.LegendaryWakizashiSheathBackRed,胁差刀鞘 (红 背部),LK,LK,,,Item
LK.LegendaryWakizashiSheathBackBlue,胁差刀鞘 (蓝 背部),LK,LK,,,Item
LK.LegendaryWakizashiSheathBackPurple,胁差刀鞘 (紫 背部),LK,LK,,,Item
LK.LegendaryWakizashiSheathBackPink,胁差刀鞘 (粉 背部),LK,LK,,,Item
LK.LegendaryWakizashiSheathBackOrange,胁差刀鞘 (橙 背部),LK,LK,,,Item
LK.LegendaryWakizashiSheathBackBrown,胁差刀鞘 (棕 背部),LK,LK,,,Item
LK.LegendaryWakizashiSheathBackWhite,胁差刀鞘 (白 背部),LK,LK,,,Item
LK.LegendaryWakizashiSheathBackBlack,胁差刀鞘 (黑 背部),LK,LK,,,Item
Base.84cadillacDeVilleEngineDoor1,,Base,Base,,,Item
Base.84cadillacDeVilleTrunkDoor1,,Base,Base,,,Item
Base.84cadillacDeVilleSeatFront1,,Base,Base,,,Item
Base.84cadillacDeVilleSeatRear1,,Base,Base,,,Item
Base.84cadillacDeVilleBumperFront0,,Base,Base,,,Item
Base.84cadillacDeVilleBumperFrontA,,Base,Base,,,Item
Base.84cadillacDeVilleBumperRear0,,Base,Base,,,Item
Base.97BushEngineDoor2,,Base,Base,,,Item
Base.97BushDoor2,,Base,Base,,,Item
Base.97BushHatch2,,Base,Base,,,Item
Base.97BushStorageLidSmall,,Base,Base,,,Item
Base.97BushStorageLidLarge,,Base,Base,,,Item
Base.97BushWindshield2,,Base,Base,,,Item
Base.97BushFrontSideWindow2,,Base,Base,,,Item
Base.97BushSideWindow2,,Base,Base,,,Item
Base.97BushWindshieldRear2,,Base,Base,,,Item
Base.97BushRoofStorage0,,Base,Base,,,Item
Base.97BushBullbarSAS,,Base,Base,,,Item
Base.97BushMudflaps,,Base,Base,,,Item
Base.97BushGasTank2,,Base,Base,,,Item
Base.97BushLeftFender0,,Base,Base,,,Item
Base.97BushRightFender0,,Base,Base,,,Item
Base.97BushLeftStorage0,,Base,Base,,,Item
Base.97BushRightStorage0,,Base,Base,,,Item
Base.97BushmasterSeat,,Base,Base,,,Item
Base.97BushmasterGunnerSeat,,Base,Base,,,Item
Base.63Type2VanTireOffroad2,,Base,Base,,,Item
Base.63Type2VanEngineDoor1,,Base,Base,,,Item
Base.63Type2VanFrontDoor1,,Base,Base,,,Item
Base.63Type2VanRearDoor1,,Base,Base,,,Item
Base.63Type2VanRearSplitDoor1,,Base,Base,,,Item
Base.63Type2VanTrunkDoor1,,Base,Base,,,Item
Base.63Type2VanTruckBedLid1,,Base,Base,,,Item
Base.63Type2VanWindshield1,,Base,Base,,,Item
Base.63Type2VanFrontSideWindow1,,Base,Base,,,Item
Base.63Type2VanRearSideWindow1,,Base,Base,,,Item
Base.63Type2VanRearDoubleWindow1,,Base,Base,,,Item
Base.63Type2VanWindshieldRear1,,Base,Base,,,Item
Base.63Type2VanWindshieldArmor,,Base,Base,,,Item
Base.63Type2VanFrontWindowArmor,,Base,Base,,,Item
Base.63Type2VanRearWindowArmor,,Base,Base,,,Item
Base.63Type2VanDoubleRearWindowArmor,,Base,Base,,,Item
Base.63Type2VanWindshieldRearArmor,,Base,Base,,,Item
Base.63Type2VanBumperFront0,,Base,Base,,,Item
Base.63Type2VanBumperFront1,,Base,Base,,,Item
Base.63Type2VanBullbarFrontA,,Base,Base,,,Item
Base.63Type2VanBumperRear0,,Base,Base,,,Item
Base.63Type2VanBumperRear1,,Base,Base,,,Item
Base.63Type2VanCageRear1,,Base,Base,,,Item
Base.63Type2VanSidesteps0,,Base,Base,,,Item
Base.63Type2VanHeadlightGuard0,,Base,Base,,,Item
Base.63Type2VanRoofrackSmall1,,Base,Base,,,Item
Base.63Type2VanRoofrackLarge1,,Base,Base,,,Item
Base.63Type2VanTarpCover0,,Base,Base,,,Item
Base.63Type2VanMudflaps0,,Base,Base,,,Item
Base.90fordF350Tire2,,Base,Base,,,Item
Base.90fordF350DoubleTires2,,Base,Base,,,Item
Base.90fordF350ambRearDoor2,,Base,Base,,,Item
Base.90fordF350ambBackDoors2,,Base,Base,,,Item
Base.90fordF350ambWindowRearSide2,,Base,Base,,,Item
Base.90fordF350ambWindowsBack2,,Base,Base,,,Item
Base.90fordF350ambWindshieldArmor,,Base,Base,,,Item
Base.90fordF350ambWindowFrontArmor,,Base,Base,,,Item
Base.90fordF350ambWindowRearArmor,,Base,Base,,,Item
Base.90fordF350ambWindshieldRearArmor,,Base,Base,,,Item
Base.90fordF350ambBumperFront,,Base,Base,,,Item
Base.90fordF350ambBullbarFront,,Base,Base,,,Item
Base.90fordF350ambReinforcedBumperFront,,Base,Base,,,Item
Base.90fordF350ambBumperRear,,Base,Base,,,Item
Base.90fordF350ambSidesteps2,,Base,Base,,,Item
Base.SteelLadder,,Base,Base,,,Item
Base.WoodenLadder,,Base,Base,,,Item
LabItems.CmpSyringeReusableWithBlood,,LabItems,LabItems,,,Item
LabItems.LabSyringeReusableUsed,,LabItems,LabItems,,,Item
LabItems.LabTestTube,,LabItems,LabItems,,,Item
LabItems.MatInfectedBlood,,LabItems,LabItems,,,Item
Base.mapper:zType,,Base,Base,,,Item
LabItems.LabTestTubeDirty,,LabItems,LabItems,,,Item
LabItems.LabFlaskDirty,,LabItems,LabItems,,,Item
LabItems.LabFlask,,LabItems,LabItems,,,Item
LabItems.CmpChlorineTablets,,LabItems,LabItems,,,Item
LabItems.LabSyringeReusable,,LabItems,LabItems,,,Item
LabItems.MatShatteredGlass,,LabItems,LabItems,,,Item
Base.FrontWindow1,,Base,Base,,,Item
Base.RearWindshield1,,Base,Base,,,Item
LabItems.LabSyringePack,,LabItems,LabItems,,,Item
LabItems.LabSyringe,,LabItems,LabItems,,,Item
Base.CottonBalls,,Base,Base,,,Item
LabItems.LabHumanSkullWithBrain,,LabItems,LabItems,,,Item
Base.Hat_BuildersRespirator,,Base,Base,,,Item
Base.Gloves_Surgical,,Base,Base,,,Item
Base.Glasses_SafetyGoggles,,Base,Base,,,Item
LabItems.LabHumanSkull,,LabItems,LabItems,,,Item
LabItems.LabHumanSkullPart,,LabItems,LabItems,,,Item
LabItems.LabHumanSkullFixed,,LabItems,LabItems,,,Item
Base.mapper:BoneToWPMapper,,Base,Base,,,Item
Base.mapper:ClubMapper,,Base,Base,,,Item
Base.mapper:HandleMapper,,Base,Base,,,Item
Base.BloodCells,,Base,Base,,,Item
Base.AmmoniumSulfate,,Base,Base,,,Item
Base.mapper:itemType,,Base,Base,,,Item
Base.PurifiedWater,,Base,Base,,,Item
Base.Pencil,,Base,Base,,,Item
Base.Crayons,,Base,Base,,,Item
LabItems.LabPosterPeriodicTable,,LabItems,LabItems,,,Item
Base.Scotchtape,,Base,Base,,,Item
LabItems.LabPosterSexyNurse,,LabItems,LabItems,,,Item
LabItems.LabPosterWashHands,,LabItems,LabItems,,,Item
LabItems.LabPosterBiohazard,,LabItems,LabItems,,,Item
LabItems.LabPosterHumanBrain,,LabItems,LabItems,,,Item
Base.Glasses_Normal,,Base,Base,,,Item
LabItems.LabMicroscope,,LabItems,LabItems,,,Item
Base.CarBattery1,,Base,Base,,,Item
Base.LightBulbGreen,,Base,Base,,,Item
LabItems.LabChromatograph,,LabItems,LabItems,,,Item
LabItems.LabSpectrometer,,LabItems,LabItems,,,Item
LabItems.LabChemistrySet,,LabItems,LabItems,,,Item
LabItems.LabCentrifuge,,LabItems,LabItems,,,Item
LabItems.LabMuffleFurnace,,LabItems,LabItems,,,Item
LabItems.LabEasel,,LabItems,LabItems,,,Item
LabItems.Mov_Morge1,,LabItems,LabItems,,,Item
LabItems.Mov_Morge2,,LabItems,LabItems,,,Item
LabItems.LabNeonSignPharmacy,,LabItems,LabItems,,,Item
LabItems.LabNeonSignPizza,,LabItems,LabItems,,,Item
LabItems.LabHumanBoneLargeWP,,LabItems,LabItems,,,Item
LabItems.LabRegularHumanBoneWP,,LabItems,LabItems,,,Item
LabItems.LabSmallRandomHumanBones,,LabItems,LabItems,,,Item
Base.Pliers,,Base,Base,,,Item
LabItems.LabDecorSkeleton,,LabItems,LabItems,,,Item
Base.Newspaper,,Base,Base,,,Item
LabItems.LabDecorVirusModel,,LabItems,LabItems,,,Item
LabItems.FrnGolgIngot,,LabItems,LabItems,,,Item
LabItems.FrnSilverIngot,,LabItems,LabItems,,,Item
LabItems.LabDecorCaduceus,,LabItems,LabItems,,,Item
Base.Sponge,,Base,Base,,,Item
Base.Pen,,Base,Base,,,Item
LabItems.LabDecorWhiteboard,,LabItems,LabItems,,,Item
Base.LightBulbRed,,Base,Base,,,Item
Base.LightBulbBlue,,Base,Base,,,Item
Base.LightBulbYellow,,Base,Base,,,Item
Base.PaintCyan,,Base,Base,,,Item
Base.LightBulbCyan,,Base,Base,,,Item
Base.LightBulbOrange,,Base,Base,,,Item
Base.LightBulbPurple,,Base,Base,,,Item
Base.LightBulbPink,,Base,Base,,,Item
Base.Leukocytes,,Base,Base,,,Item
Base.BloodPlasma,,Base,Base,,,Item
Base.SodiumHypochlorite,,Base,Base,,,Item
Base.mapper:Vaccine,,Base,Base,,,Item
Base.mapper:syringeType,,Base,Base,,,Item
LabItems.CmpSyringeWithBrainFluidMid,,LabItems,LabItems,,,Item
Base.mapper:qualityVaccine,,Base,Base,,,Item
LabItems.LabSyringeUsed,,LabItems,LabItems,,,Item
Base.Antibodies,,Base,Base,,,Item
LabItems.CmpSyringeWithBrainFluidHigh,,LabItems,LabItems,,,Item
Base.mapper:advVaccine,,Base,Base,,,Item
Base.mapper:theCure,,Base,Base,,,Item
Base.Apron_Black,,Base,Base,,,Item
Base.Gloves_Dish,,Base,Base,,,Item
LabItems.ChHydrochloricAcidCan,,LabItems,LabItems,,,Item
LabItems.ChSodiumHydroxideBag,,LabItems,LabItems,,,Item
LabItems.ChAmmonia,,LabItems,LabItems,,,Item
LabItems.ChSulfuricAcidCan,,LabItems,LabItems,,,Item
LabItems.CmpAlbuminPills,,LabItems,LabItems,,,Item
Base.HydrogenPeroxide,,Base,Base,,,Item
LabItems.FrnIngotMold,,LabItems,LabItems,,,Item
Base.Bracelet_BangleLeftGold,,Base,Base,,,Item
LabItems.FrnGolgNugget,,LabItems,LabItems,,,Item
Base.Bracelet_BangleLeftSilver,,Base,Base,,,Item
LabItems.FrnSilverNugget,,LabItems,LabItems,,,Item
Base.InfectedBlood,,Base,Base,,,Item
LabItems.LabWorkbench,,LabItems,LabItems,,,Item
LabItems.CmpTestTubeWithInfectedBlood,,LabItems,LabItems,,,Item
LabItems.CmpFlaskWithBloodCells,,LabItems,LabItems,,,Item
LabItems.CmpFlaskWithBloodPlasma,,LabItems,LabItems,,,Item
LabItems.CmpFlaskWithAmmoniumSulfate,,LabItems,LabItems,,,Item
Base.AlcoholRippedSheets,,Base,Base,,,Item
LabItems.CmpFlaskWithLeukocytes,,LabItems,LabItems,,,Item
LabItems.CmpTestTubeWithAntibodies,,LabItems,LabItems,,,Item
LabItems.LabFlaskWater,,LabItems,LabItems,,,Item
LabItems.CmpFlaskWithSodiumHypochlorite,,LabItems,LabItems,,,Item
LabItems.CmpSyringeWithPlainVaccine,,LabItems,LabItems,,,Item
LabItems.CmpSyringeReusableWithPlainVaccine,,LabItems,LabItems,,,Item
LabItems.CmpSyringeWithQualityVaccine,,LabItems,LabItems,,,Item
LabItems.CmpSyringeReusableWithQualityVaccine,,LabItems,LabItems,,,Item
LabItems.CmpSyringeWithAdvancedVaccine,,LabItems,LabItems,,,Item
LabItems.CmpSyringeReusableWithAdvancedVaccine,,LabItems,LabItems,,,Item
LabItems.CmpSyringeWithCure,,LabItems,LabItems,,,Item
LabItems.CmpSyringeReusableWithCure,,LabItems,LabItems,,,Item
LabItems.CmpFlaskWithHydrogenPeroxide,,LabItems,LabItems,,,Item
LabItems.CmpTestTubeWithTaintedBlood,,LabItems,LabItems,,,Item
Base.SmashedBottle,,Base,Base,,,Item
Base.ECTO1tire1,,Base,Base,,,Item
Base.ECTO1tire2,,Base,Base,,,Item
Base.ECTO1EngineDoor1,,Base,Base,,,Item
Base.ECTO1CarFrontDoor1,,Base,Base,,,Item
Base.ECTO1CarRearDoor1,,Base,Base,,,Item
Base.ECTO1TrunkDoor1,,Base,Base,,,Item
Base.ECTO1CarSeatfl1,,Base,Base,,,Item
Base.ECTO1CarSeatfr1,,Base,Base,,,Item
Base.ECTO1CarSeatrr1,,Base,Base,,,Item
Base.ECTO1Windshield1,,Base,Base,,,Item
Base.ECTO1SideWindow1,,Base,Base,,,Item
Base.ECTO1RearWindshield1,,Base,Base,,,Item
Base.ECTO1WindshieldArmor,,Base,Base,,,Item
Base.ECTO1CarFrontDoorArmor,,Base,Base,,,Item
Base.ECTO1CarRearDoorArmor,,Base,Base,,,Item
Base.ECTO1WindshieldRearArmor,,Base,Base,,,Item
Base.ECTO1Bumper1,,Base,Base,,,Item
Base.ECTO1Bullbar1,,Base,Base,,,Item
Base.ECTO1BumperA,,Base,Base,,,Item
Base.ECTO1BumperRear1,,Base,Base,,,Item
Base.ECTO1Roofrack1,,Base,Base,,,Item
Base.BaseballBat_Nails,,Base,Base,,,Item
Base.TriggerCrafted,,Base,Base,,,Item
Base.NutsBolts,,Base,Base,,,Item
Base.Car_Battery_Sledge,Car Battery Maul,Base,Base,,,Item
Base.Cleaver_Axe,Cleaver Axe,Base,Base,,,Item
Base.FightingKnife,,Base,Base,,,Item
Base.Dagger_Trident,Dagger Trident,Base,Base,,,Item
Base.IronBand,,Base,Base,,,Item
Base.Electric_Axe,Electric Axe,Base,Base,,,Item
Base.Electric_Baseball_Bat,Electric Spiked Baseball Bat,Base,Base,,,Item
Base.RailSpike_Spear,RailSpike Spear,Base,Base,,,Item
Base.Electric_RailSpike_Spear,Electric RailSpike Spear,Base,Base,,,Item
Base.Shovel2,,Base,Base,,,Item
Base.Electric_Shovel,Electric Shovel,Base,Base,,,Item
Base.CrudeSword,,Base,Base,,,Item
Base.Electric_Sword,Electric Sword,Base,Base,,,Item
Base.Fire_Extinguisher_Sledge,Extinguisher Maul,Base,Base,,,Item
Base.RailroadSpike,,Base,Base,,,Item
Base.BoltCutters,,Base,Base,,,Item
Base.CircularSawblade,,Base,Base,,,Item
Base.Saw_Bolt_Cutters,Saw Blade Bolt Cutters,Base,Base,,,Item
Base.Dagger_HandAxe,Dagger Hatchet,Base,Base,,,Item
Base.Machete,,Base,Base,,,Item
Base.Electric_Machete,Electric Machete,Base,Base,,,Item
Base.TennisRacket,,Base,Base,,,Item
Base.Electric_Mosquito_Swatter,Electric Mosquito Swatter,Base,Base,,,Item
Base.CrudeShortSword,,Base,Base,,,Item
Base.Nail_ShortSword,Nail-Spiked ShortSword,Base,Base,,,Item
Base.PipeWrench,,Base,Base,,,Item
Base.Pipe_Wrench_Axe,Pipe Wrench Hatchet,Base,Base,,,Item
Base.SmallSawblade,,Base,Base,,,Item
Base.Saw_Blade_Claw,Saw Blade Claw,Base,Base,,,Item
Base.Wrench_Knife,Wrench Knife,Base,Base,,,Item
Base.SpearHead,,Base,Base,,,Item
Base.Zulu_Short_Spear,Zulu Short Spear,Base,Base,,,Item
Base.mapper:VFXInsectCanType,,Base,Base,,,Item
VFX.SmallTinCanEmpty,,VFX,VFX,,,Item
Base.mapper:VFXSmallCanType,,Base,Base,,,Item
Base.mapper:VFXJars,,Base,Base,,,Item
VFX.JarPickles,,VFX,VFX,,,Item
VFX.JarPickleJuiceOpen,,VFX,VFX,,,Item
Base.Pickles,,Base,Base,,,Item
Base.mapper:BoxSoupSachet,,Base,Base,,,Item
VFX.PumpkinSoupSachet,,VFX,VFX,,,Item
Base.mapper:MugBowl,,Base,Base,,,Item
VFX.PeaAndHamSoupSachet,,VFX,VFX,,,Item
VFX.ChickenNoodleSoupSachet,,VFX,VFX,,,Item
VFX.TomatoSoupSachet,,VFX,VFX,,,Item
Base.mapper:RamenType,,Base,Base,,,Item
Base.Ramen,,Base,Base,,,Item
Base.mapper:FlavorType,,Base,Base,,,Item
Base.mapper:RamenBowlType,,Base,Base,,,Item
Base.CowMilk,,Base,Base,,,Item
Base.mapper:PastaMeal,,Base,Base,,,Item
Base.mapper:RiceMeal,,Base,Base,,,Item
Base.mapper:pastaType,,Base,Base,,,Item
5:Base.Tomato,,5:Base,5:Base,,,Item
Base.Onion,,Base,Base,,,Item
2:Base.Garlic,,2:Base,2:Base,,,Item
Base.Seasoning_Oregano,,Base,Base,,,Item
Base.Salt,,Base,Base,,,Item
Base.OilOlive,,Base,Base,,,Item
VFX.HomemadeMarinara,,VFX,VFX,,,Item
VFX.ChiliFlakes,,VFX,VFX,,,Item
VFX.GroundChili,,VFX,VFX,,,Item
VFX.HomemadeSpicyMarinara,,VFX,VFX,,,Item
Base.MincedMeat,,Base,Base,,,Item
VFX.HomemadeMeatSauce,,VFX,VFX,,,Item
VFX.PineNuts,,VFX,VFX,,,Item
VFX.ParmesanCheese,,VFX,VFX,,,Item
Base.Basil,,Base,Base,,,Item
VFX.HomemadeBasilPestoSauce,,VFX,VFX,,,Item
VFX.HeavyCream,,VFX,VFX,,,Item
Base.Pepper,,Base,Base,,,Item
VFX.HomemadeAlfredoSauce,,VFX,VFX,,,Item
Base.Flour2,,Base,Base,,,Item
VFX.HomemadeBechamelSauce,,VFX,VFX,,,Item
Base.mapper:HomemadePastaSauceType,,Base,Base,,,Item
Base.mapper:cerealType,,Base,Base,,,Item
Base.mapper:granolaType,,Base,Base,,,Item
Base.mapper:BouillonType,,Base,Base,,,Item
Base.mapper:SnackCakeType,,Base,Base,,,Item
Base.mapper:StrudelType,,Base,Base,,,Item
Base.mapper:OpenStrudel,,Base,Base,,,Item
Base.mapper:PuddingType,,Base,Base,,,Item
Base.mapper:JelloType,,Base,Base,,,Item
Base.mapper:fruitCupType,,Base,Base,,,Item
Base.mapper:granolaBarType,,Base,Base,,,Item
Base.mapper:CakeMixType,,Base,Base,,,Item
Base.BakingPan,,Base,Base,,,Item
Base.mapper:CakeBatterType,,Base,Base,,,Item
Base.mapper:CakeSliceType,,Base,Base,,,Item
VFX.BakingPowder,,VFX,VFX,,,Item
Base.Sugar,,Base,Base,,,Item
VFX.VanillaExtract,,VFX,VFX,,,Item
VFX.FrenchVanillaCakeBatter,,VFX,VFX,,,Item
Base.CheeseGrater,,Base,Base,,,Item
Base.Carrots,,Base,Base,,,Item
Base.Cinnamon,,Base,Base,,,Item
VFX.Nutmeg,,VFX,VFX,,,Item
VFX.Allspice,,VFX,VFX,,,Item
VFX.Cloves,,VFX,VFX,,,Item
VFX.CarrotCakeBatter,,VFX,VFX,,,Item
Base.CocoaPowder,,Base,Base,,,Item
VFX.ChocolateCakeBatter,,VFX,VFX,,,Item
VFX.RedVelvetCakeBatter,,VFX,VFX,,,Item
10:Base.Strewberrie,,10:Base,10:Base,,,Item
VFX.StrawberryCakeBatter,,VFX,VFX,,,Item
Base.SugarBrown,,Base,Base,,,Item
VFX.CaramelCakeBatter,,VFX,VFX,,,Item
Base.PoppySeed,,Base,Base,,,Item
VFX.OrangePoppyseedCakeBatter,,VFX,VFX,,,Item
VFX.Sprinkles,,VFX,VFX,,,Item
VFX.ConfettiCakeBatter,,VFX,VFX,,,Item
VFX.GroundGinger,,VFX,VFX,,,Item
VFX.SpiceCakeBatter,,VFX,VFX,,,Item
VFX.YellowCakeBatter,,VFX,VFX,,,Item
Base.mapper:MuffinBatterType,,Base,Base,,,Item
Base.MuffinTray,,Base,Base,,,Item
Base.mapper:MuffinPrepType,,Base,Base,,,Item
Base.mapper:MuffinType,,Base,Base,,,Item
Base.Apple,,Base,Base,,,Item
VFX.AppleCinnamonMuffinBatter,,VFX,VFX,,,Item
VFX.PunnetBlueberries,,VFX,VFX,,,Item
VFX.BlueberryMuffinBatter,,VFX,VFX,,,Item
Base.ChocolateChips,,Base,Base,,,Item
VFX.ChocolateChipMuffinBatter,,VFX,VFX,,,Item
VFX.DoubleChocolateMuffinBatter,,VFX,VFX,,,Item
Base.Cornflour2,,Base,Base,,,Item
Base.Cornmeal2,,Base,Base,,,Item
VFX.CornMuffinBatter,,VFX,VFX,,,Item
VFX.LemonPoppyMuffinBatter,,VFX,VFX,,,Item
VFX.BrownieMix,,VFX,VFX,,,Item
VFX.BrownieBatter,,VFX,VFX,,,Item
VFX.BrowniePrep,,VFX,VFX,,,Item
VFX.Brownie,,VFX,VFX,,,Item
Base.mapper:CookieDoughType,,Base,Base,,,Item
Base.mapper:CookieType,,Base,Base,,,Item
Base.PeanutButter,,Base,Base,,,Item
VFX.PeanutButterCookieDough,,VFX,VFX,,,Item
VFX.GingerbreadCookieDough,,VFX,VFX,,,Item
VFX.SnickerdoodleCookieDough,,VFX,VFX,,,Item
Base.mapper:DessertBreadType,,Base,Base,,,Item
Base.mapper:DessertBreadSliceType,,Base,Base,,,Item
Base.RollingPin,,Base,Base,,,Item
Base.Banana,,Base,Base,,,Item
VFX.BananaBreadPrep,,VFX,VFX,,,Item
VFX.PumpkinSmashed,,VFX,VFX,,,Item
VFX.PumpkinBreadPrep,,VFX,VFX,,,Item
VFX.CocoaPowder,,VFX,VFX,,,Item
Base.Chocolate,,Base,Base,,,Item
VFX.ChocolateSwirlBreadPrep,,VFX,VFX,,,Item
VFX.CinnamonSwirlBreadPrep,,VFX,VFX,,,Item
VFX.Cranberries,,VFX,VFX,,,Item
VFX.CranberryBreadPrep,,VFX,VFX,,,Item
Base.mapper:BiscuitTrayType,,Base,Base,,,Item
Base.mapper:BiscuitType,,Base,Base,,,Item
Base.Cheese,,Base,Base,,,Item
VFX.CheddarBiscuitPrep,,VFX,VFX,,,Item
VFX.HomestyleBiscuitPrep,,VFX,VFX,,,Item
VFX.PowderedSugar,,VFX,VFX,,,Item
VFX.CaramelFrosting,,VFX,VFX,,,Item
VFX.ChocolateFrosting,,VFX,VFX,,,Item
VFX.LemonJuice,,VFX,VFX,,,Item
VFX.LemonFrosting,,VFX,VFX,,,Item
VFX.StrawberryFrosting,,VFX,VFX,,,Item
VFX.CreamCheese,,VFX,VFX,,,Item
VFX.CreamCheeseFrosting,,VFX,VFX,,,Item
VFX.ConfettiFrosting,,VFX,VFX,,,Item
Base.mapper:PieType,,Base,Base,,,Item
Base.PieDough,,Base,Base,,,Item
4:Base.Apple,,4:Base,4:Base,,,Item
VFX.WholePieApple,,VFX,VFX,,,Item
12:Base.Cherry,,12:Base,12:Base,,,Item
VFX.WholePieCherry,,VFX,VFX,,,Item
12:Base.BerryBlue,,12:Base,12:Base,,,Item
VFX.WholePieBlueberry,,VFX,VFX,,,Item
12:Base.Strewberrie,,12:Base,12:Base,,,Item
VFX.WholePieStrawberry,,VFX,VFX,,,Item
4:Base.Peach,,4:Base,4:Base,,,Item
VFX.WholePiePeach,,VFX,VFX,,,Item
3:Base.BerryBlue,,3:Base,3:Base,,,Item
3:Base.Strewberrie,,3:Base,3:Base,,,Item
3:Base.BerryBlack,,3:Base,3:Base,,,Item
VFX.PunnetRaspberries,,VFX,VFX,,,Item
VFX.WholePieMixedBerry,,VFX,VFX,,,Item
4:Base.Lemon,,4:Base,4:Base,,,Item
VFX.WholePieLemonCream,,VFX,VFX,,,Item
12:Base.BerryBlack,,12:Base,12:Base,,,Item
VFX.WholePieBlackberry,,VFX,VFX,,,Item
2:VFX.PunnetRaspberries,,2:VFX,2:VFX,,,Item
VFX.WholePieRaspberry,,VFX,VFX,,,Item
4:Base.PumpkinSliced,,4:Base,4:Base,,,Item
VFX.WholePiePumpkin,,VFX,VFX,,,Item
2:Base.SweetPotato,,2:Base,2:Base,,,Item
VFX.WholePieSweetPotato,,VFX,VFX,,,Item
2:VFX.Pecans,,2:VFX,2:VFX,,,Item
Base.Honey,,Base,Base,,,Item
VFX.WholePiePecan,,VFX,VFX,,,Item
Base.mapper:sliceType,,Base,Base,,,Item
Base.mapper:boxType,,Base,Base,,,Item
Base.Cone,,Base,Base,,,Item
Base.mapper:IceCreamConeType,,Base,Base,,,Item
Base.mapper:Sausage,,Base,Base,,,Item
Base.mapper:Meatballs,,Base,Base,,,Item
Base.Potato,,Base,Base,,,Item
VFX.SlicedPotato,,VFX,VFX,,,Item
VFX.MashedPotato,,VFX,VFX,,,Item
Base.mapper:CandyType,,Base,Base,,,Item
Base.PancakesCraft,,Base,Base,,,Item
Base.Gravy,,Base,Base,,,Item
Base.DoughnutPlain,,Base,Base,,,Item
Base.DoughnutFrosted,,Base,Base,,,Item
Base.Plate,,Base,Base,,,Item
Base.mapper:plateType,,Base,Base,,,Item
Base.mapper:DrinkMixType,,Base,Base,,,Item
Base.mapper:TeaType,,Base,Base,,,Item
Base.mapper:ProteinType,,Base,Base,,,Item
VFX.GroundLamb,,VFX,VFX,,,Item
Base.CannedCarrotsOpen,,Base,Base,,,Item
Base.CannedPeasOpen,,Base,Base,,,Item
VFX.BeefBouillonCube,,VFX,VFX,,,Item
VFX.TrayShepherdsPie,,VFX,VFX,,,Item
Base.TunaTinOpen,,Base,Base,,,Item
Base.CannedMushroomSoupOpen,,Base,Base,,,Item
Base.PowderedGarlic,,Base,Base,,,Item
Base.Parsley,,Base,Base,,,Item
Base.Thyme,,Base,Base,,,Item
VFX.TrayTunaCasserole,,VFX,VFX,,,Item
Base.Marinara,,Base,Base,,,Item
VFX.MozzarellaCheese,,VFX,VFX,,,Item
VFX.CottageCheese,,VFX,VFX,,,Item
VFX.ItalianHerbsSeasoning,,VFX,VFX,,,Item
VFX.TrayBakedZiti,,VFX,VFX,,,Item
Base.TomatoPaste,,Base,Base,,,Item
Base.Oregano,,Base,Base,,,Item
VFX.TrayStuffedBellPepper,,VFX,VFX,,,Item
VFX.StuffedBellPepper,,VFX,VFX,,,Item
Base.BouillonCube,,Base,Base,,,Item
Base.CannedCarrots_Open,,Base,Base,,,Item
Base.Seasoning_Thyme,,Base,Base,,,Item
Base.Sage,,Base,Base,,,Item
VFX.PanChickenPotPie,,VFX,VFX,,,Item
Base.Eggplant,,Base,Base,,,Item
2:Base.Onion,,2:Base,2:Base,,,Item
VFX.TrayMoussaka,,VFX,VFX,,,Item
Base.Broccoli,,Base,Base,,,Item
Base.PowderedOnion,,Base,Base,,,Item
VFX.MustardPowder,,VFX,VFX,,,Item
VFX.TrayChickenDivan,,VFX,VFX,,,Item
VFX.Breadcrumbs,,VFX,VFX,,,Item
Base.Ketchup,,Base,Base,,,Item
VFX.DijonMustard,,VFX,VFX,,,Item
VFX.TraySalisburySteak,,VFX,VFX,,,Item
Base.FishFried,,Base,Base,,,Item
Base.Fries,,Base,Base,,,Item
VFX.PlateFishAndChips,,VFX,VFX,,,Item
VFX.PlateBangersAndMash,,VFX,VFX,,,Item
Base.Bacon,,Base,Base,,,Item
Base.Tomato,,Base,Base,,,Item
Base.OpenBeans,,Base,Base,,,Item
Base.MushroomGeneric1,,Base,Base,,,Item
VFX.BlackPudding,,VFX,VFX,,,Item
VFX.PlateFullEnglishBreakfast,,VFX,VFX,,,Item
VFX.ScotchEgg,,VFX,VFX,,,Item
VFX.CannedAppleSlicesOpen,,VFX,VFX,,,Item
VFX.TraySausageAppleFry,,VFX,VFX,,,Item
Base.Toast,,Base,Base,,,Item
VFX.PlateBeansOnToast,,VFX,VFX,,,Item
Base.Chicken,,Base,Base,,,Item
Base.CannedTomatoOpen,,Base,Base,,,Item
Base.Garlic,,Base,Base,,,Item
VFX.GaramMasala,,VFX,VFX,,,Item
VFX.Cumin,,VFX,VFX,,,Item
VFX.Paprika,,VFX,VFX,,,Item
VFX.PotButterChicken,,VFX,VFX,,,Item
VFX.CannedCoconutMilkOpen,,VFX,VFX,,,Item
Base.GreenOnions,,Base,Base,,,Item
Base.LemonGrass,,Base,Base,,,Item
Base.Cilantro,,Base,Base,,,Item
VFX.LimeJuice,,VFX,VFX,,,Item
VFX.PotThaiGreenCurry,,VFX,VFX,,,Item
Base.Beef,,Base,Base,,,Item
3:Base.Potato,,3:Base,3:Base,,,Item
Base.Peanuts,,Base,Base,,,Item
VFX.PotMassamanCurry,,VFX,VFX,,,Item
VFX.CannedChickpeasOpen,,VFX,VFX,,,Item
VFX.PotChanaMasala,,VFX,VFX,,,Item
3:Base.SweetPotato,,3:Base,3:Base,,,Item
Base.Spinach,,Base,Base,,,Item
VFX.CurryPowder,,VFX,VFX,,,Item
VFX.PotSweetPotatoChickpeaCurry,,VFX,VFX,,,Item
Base.Tofu,,Base,Base,,,Item
Base.BellPepper,,Base,Base,,,Item
VFX.PotTofuCurry,,VFX,VFX,,,Item
VFX.LasagnaSheets,,VFX,VFX,,,Item
VFX.LasagnaPreparation,,VFX,VFX,,,Item
Base.VFXMeatloafPreparation,,Base,Base,,,Item
Base.VFXBakedPotatoPreparation,,Base,Base,,,Item
Base.VFXScallopedPotatoBakePreparation,,Base,Base,,,Item
Base.Egg,,Base,Base,,,Item
Base.VFXQuichePreparation,,Base,Base,,,Item
Base.TortillaChips,,Base,Base,,,Item
Base.VFXNachosPreparation,,Base,Base,,,Item
Base.Tortilla,,Base,Base,,,Item
Base.VFXEnchiladaPreparation,,Base,Base,,,Item
Base.GrahamCrackers,,Base,Base,,,Item
Base.VFXCheesecakePreparation,,Base,Base,,,Item
VFX.MilkshakeGlass,,VFX,VFX,,,Item
Base.VFXMilkshakePreparation,,Base,Base,,,Item
Base.Seaweed,,Base,Base,,,Item
Base.VFXSushiPreparation,,Base,Base,,,Item
Base.mapper:RicePotType,,Base,Base,,,Item
Base.mapper:PanType,,Base,Base,,,Item
Base.VFXBakedPotato,,Base,Base,,,Item
Base.VFXCheesecakeSlice,,Base,Base,,,Item
VFX.SpiceRackSmallLight,,VFX,VFX,,,Item
VFX.SpiceRackSmallDark,,VFX,VFX,,,Item
VFX.SpiceRackLargeLight,,VFX,VFX,,,Item
VFX.SpiceRackLargeDark,,VFX,VFX,,,Item
Base.mapper:VFXCanType,,Base,Base,,,Item
Base.mapper:VFXBoxType,,Base,Base,,,Item
Base.mapper:VFXJarCanning,,Base,Base,,,Item
Base.mapper:VFXFruitVeg,,Base,Base,,,Item
VFX.BrownRice,,VFX,VFX,,,Item
Base.mapper:riceType,,Base,Base,,,Item
VFX.JasmineRice,,VFX,VFX,,,Item
VFX.BasmatiRice,,VFX,VFX,,,Item
VFX.ArborioRice,,VFX,VFX,,,Item
VFX.Macaroni,,VFX,VFX,,,Item
VFX.Fettuccine,,VFX,VFX,,,Item
VFX.Penne,,VFX,VFX,,,Item
Base.mapper:servingResult,,Base,Base,,,Item
Base.Pancakes,,Base,Base,,,Item
Base.Waffles,,Base,Base,,,Item
Base.BagelPlain,,Base,Base,,,Item
Base.BagelPoppy,,Base,Base,,,Item
VFX.SesameSeeds,,VFX,VFX,,,Item
Base.BagelSesame,,Base,Base,,,Item
Base.Cornbread,,Base,Base,,,Item
Base.Croissant,,Base,Base,,,Item
Base.DoughnutChocolate,,Base,Base,,,Item
Base.Oysters,,Base,Base,,,Item
Base.OystersFried,,Base,Base,,,Item
Base.TofuFried,,Base,Base,,,Item
Base.Soysauce,,Base,Base,,,Item
Base.SesameOil,,Base,Base,,,Item
Base.MeatDumpling,,Base,Base,,,Item
Base.Shrimp,,Base,Base,,,Item
Base.ShrimpDumpling,,Base,Base,,,Item
Base.PotatoPancakes,,Base,Base,,,Item
VFX.DrinkMixLemonade,,VFX,VFX,,,Item
VFX.DrinkMixPinkLemonade,,VFX,VFX,,,Item
VFX.DrinkMixFruitPunch,,VFX,VFX,,,Item
VFX.DrinkMixCherry,,VFX,VFX,,,Item
VFX.DrinkMixGrape,,VFX,VFX,,,Item
VFX.DrinkMixSweetTea,,VFX,VFX,,,Item
VFX.VanillaProteinPowder,,VFX,VFX,,,Item
VFX.ChocolateProteinPowder,,VFX,VFX,,,Item
VFX.StrawberryProteinPowder,,VFX,VFX,,,Item
VFX.BananaProteinPowder,,VFX,VFX,,,Item
VFX.WineChardonnay,,VFX,VFX,,,Item
VFX.BottleAmericanLightLager,,VFX,VFX,,,Item
Base.mapper:beerType,,Base,Base,,,Item
Base.Icecream,,Base,Base,,,Item
VFX.ChocolateIceCream,,VFX,VFX,,,Item
VFX.ChocolateChipIceCream,,VFX,VFX,,,Item
VFX.StrawberryIceCream,,VFX,VFX,,,Item
VFX.NeapolitanIceCream,,VFX,VFX,,,Item
VFX.ButterPecanIceCream,,VFX,VFX,,,Item
VFX.MintChocolateChipIceCream,,VFX,VFX,,,Item
VFX.CookiesAndCreamIceCream,,VFX,VFX,,,Item
VFX.RockyRoadIceCream,,VFX,VFX,,,Item
VFX.PistachioIceCream,,VFX,VFX,,,Item
Base.GlassBlowingPipe,,Base,Base,,,Item
VFX.SmallJar,,VFX,VFX,,,Item
VFX.BottleBeerEmpty,,VFX,VFX,,,Item
VFX.BottleWineEmpty,,VFX,VFX,,,Item
VFX.EmptyJamJar,,VFX,VFX,,,Item
VFX.JarWithLid,,VFX,VFX,,,Item
VFX.SmallJarWithLid,,VFX,VFX,,,Item
VFX.BottleCap,,VFX,VFX,,,Item
VFX.MetalFoodStorageContainer,,VFX,VFX,,,Item
VFX.WoodenCheeseMold,,VFX,VFX,,,Item
VFX.HeavyCreamHomemade,,VFX,VFX,,,Item
VFX.SourCreamHomemade,,VFX,VFX,,,Item
VFX.EvaporatedMilkHomemade,,VFX,VFX,,,Item
VFX.CulturedButtermilk,,VFX,VFX,,,Item
VFX.YogurtHomemade,,VFX,VFX,,,Item
VFX.GreekYogurtHomemade,,VFX,VFX,,,Item
VFX.IcecreamHomemade,,VFX,VFX,,,Item
Base.mapper:CheeseType,,Base,Base,,,Item
Base.mapper:cheeseType,,Base,Base,,,Item
VFX.CreamCheeseHomemade,,VFX,VFX,,,Item
VFX.Rennet,,VFX,VFX,,,Item
VFX.BrieCheeseHomemade,,VFX,VFX,,,Item
Base.Ladle,,Base,Base,,,Item
VFX.CamembertCheeseHomemade,,VFX,VFX,,,Item
VFX.MozzarellaWhey,,VFX,VFX,,,Item
VFX.MozzarellaCheeseHomemade,,VFX,VFX,,,Item
VFX.WheelSwissCheeseHomemade,,VFX,VFX,,,Item
VFX.SwissWhey,,VFX,VFX,,,Item
VFX.WheelParmesanCheeseHomemade,,VFX,VFX,,,Item
VFX.ParmesanWhey,,VFX,VFX,,,Item
Base.SheepMilk,,Base,Base,,,Item
VFX.FetaCheeseHomemade,,VFX,VFX,,,Item
VFX.FetaWhey,,VFX,VFX,,,Item
VFX.WheelBlueCheeseHomemade,,VFX,VFX,,,Item
VFX.WheelCheddarCheeseHomemade,,VFX,VFX,,,Item
VFX.CheddarWhey,,VFX,VFX,,,Item
VFX.BeerBreadSlice,,VFX,VFX,,,Item
Base.VFXBeerBreadToast,,Base,Base,,,Item
VFX.MilkBreadSlice,,VFX,VFX,,,Item
Base.VFXMilkBreadToast,,Base,Base,,,Item
VFX.BriocheSlice,,VFX,VFX,,,Item
Base.VFXBriocheToast,,Base,Base,,,Item
VFX.FocacciaBreadSlice,,VFX,VFX,,,Item
Base.VFXFocacciaBreadToast,,Base,Base,,,Item
VFX.BarleyBreadSlice,,VFX,VFX,,,Item
Base.VFXBarleyBreadToast,,Base,Base,,,Item
VFX.BarleySourdoughSlice,,VFX,VFX,,,Item
Base.VFXBarleySourdoughToast,,Base,Base,,,Item
VFX.RyeBreadSlice,,VFX,VFX,,,Item
Base.VFXRyeBreadToast,,Base,Base,,,Item
VFX.RyeSourdoughSlice,,VFX,VFX,,,Item
Base.VFXRyeSourdoughToast,,Base,Base,,,Item
VFX.PumpernickelSlice,,VFX,VFX,,,Item
Base.VFXPumpernickelToast,,Base,Base,,,Item
10:Base.Marinara,,10:Base,10:Base,,,Item
VFX.BechamelSauce,,VFX,VFX,,,Item
VFX.RitzCrackers,,VFX,VFX,,,Item
Base.FrenchFries,,Base,Base,,,Item
Base.SweetPotato,,Base,Base,,,Item
1:Base.AnimalBone,,1:Base,1:Base,,,Item
Base.mapper:PotType,,Base,Base,,,Item
VFX.SourdoughHotdogBun,,VFX,VFX,,,Item
Base.Hotdog_single,,Base,Base,,,Item
Base.VFXSourdoughHotdog,,Base,Base,,,Item
Base.BunsHotdog_single,,Base,Base,,,Item
Base.VFXSausagedog,,Base,Base,,,Item
Base.VFXSourdoughSausagedog,,Base,Base,,,Item
Base.mapper:BreadType,,Base,Base,,,Item
VFX.BrownieBatter_2,,VFX,VFX,,,Item
VFX.FrenchVanillaCakeBatter_2,,VFX,VFX,,,Item
3:Base.Carrots,,3:Base,3:Base,,,Item
VFX.CarrotCakeBatter_2,,VFX,VFX,,,Item
VFX.ChocolateCakeBatter_2,,VFX,VFX,,,Item
VFX.RedVelvetCakeBatter_2,,VFX,VFX,,,Item
VFX.StrawberryCakeBatter_2,,VFX,VFX,,,Item
VFX.CaramelCakeBatter_2,,VFX,VFX,,,Item
VFX.OrangePoppyseedCakeBatter_2,,VFX,VFX,,,Item
VFX.ConfettiCakeBatter_2,,VFX,VFX,,,Item
VFX.GroundGingerBase.GingerRoot,,VFX,VFX,,,Item
VFX.SpiceCakeBatter_2,,VFX,VFX,,,Item
VFX.YellowCakeBatter_2,,VFX,VFX,,,Item
2:Base.Apple,,2:Base,2:Base,,,Item
VFX.AppleCinnamonMuffinBatter_2,,VFX,VFX,,,Item
16:Base.BerryBlue,,16:Base,16:Base,,,Item
VFX.BlueberryMuffinBatter_2,,VFX,VFX,,,Item
VFX.ChocolateChipMuffinBatter_2,,VFX,VFX,,,Item
VFX.DoubleChocolateMuffinBatter_2,,VFX,VFX,,,Item
VFX.CornMuffinBatter_2,,VFX,VFX,,,Item
VFX.LemonPoppyMuffinBatter_2,,VFX,VFX,,,Item
VFX.BrownieMix_2,,VFX,VFX,,,Item
Base.Pumpkin,,Base,Base,,,Item
5:Base.Peach,,5:Base,5:Base,,,Item
8:Base.BerryBlue,,8:Base,8:Base,,,Item
8:Base.BerryBlack,,8:Base,8:Base,,,Item
16:Base.BerryBlack,,16:Base,16:Base,,,Item
VFX.Pecans,,VFX,VFX,,,Item
VFX.HomemadeWaffles,,VFX,VFX,,,Item
VFX.BagelDough,,VFX,VFX,,,Item
Base.mapper:BagelType,,Base,Base,,,Item
VFX.HomemadeCornbread,,VFX,VFX,,,Item
VFX.CroissantDough,,VFX,VFX,,,Item
VFX.HomemadeCroissant,,VFX,VFX,,,Item
VFX.HomemadeTortilla,,VFX,VFX,,,Item
VFX.DoughnutDough,,VFX,VFX,,,Item
VFX.ChocolateFrostingTub,,VFX,VFX,,,Item
VFX.SourdoughStarter,,VFX,VFX,,,Item
VFX.SourdoughStarterUnfed,,VFX,VFX,,,Item
VFX.Sourdough,,VFX,VFX,,,Item
VFX.SourdoughBaguette,,VFX,VFX,,,Item
VFX.SourdoughHamburgerBun,,VFX,VFX,,,Item
VFX.SourdoughBreadstick,,VFX,VFX,,,Item
VFX.HomemadeHamburgerBun,,VFX,VFX,,,Item
VFX.HomemadeHotdog,,VFX,VFX,,,Item
VFX.Brioche,,VFX,VFX,,,Item
VFX.BeerBread,,VFX,VFX,,,Item
VFX.MilkBread,,VFX,VFX,,,Item
VFX.Frybread,,VFX,VFX,,,Item
VFX.EnglishMuffin,,VFX,VFX,,,Item
VFX.PitaBread,,VFX,VFX,,,Item
VFX.FocacciaBread,,VFX,VFX,,,Item
VFX.GreekYogurtPot,,VFX,VFX,,,Item
VFX.NaanBread,,VFX,VFX,,,Item
VFX.CrumpetDough,,VFX,VFX,,,Item
VFX.Breadstick,,VFX,VFX,,,Item
VFX.Pretzel,,VFX,VFX,,,Item
VFX.RyeFlour,,VFX,VFX,,,Item
VFX.RyeBread,,VFX,VFX,,,Item
VFX.RyeSourdough,,VFX,VFX,,,Item
VFX.Molasses,,VFX,VFX,,,Item
VFX.Pumpernickel,,VFX,VFX,,,Item
VFX.BarleyFlour,,VFX,VFX,,,Item
VFX.BarleyBread,,VFX,VFX,,,Item
VFX.BarleySourdough,,VFX,VFX,,,Item
VFX.Flatbread,,VFX,VFX,,,Item
VFX.SoupDumplings,,VFX,VFX,,,Item
VFX.Scone,,VFX,VFX,,,Item
VFX.PizzaDough,,VFX,VFX,,,Item
VFX.SourdoughPizzaDough,,VFX,VFX,,,Item
VFX.FlatbreadPizzaDough,,VFX,VFX,,,Item
VFX.HomemadePasta,,VFX,VFX,,,Item
VFX.HomemadeGnocchi,,VFX,VFX,,,Item
Base.RyeSeed,,Base,Base,,,Item
Base.BarleySeed,,Base,Base,,,Item
VFX.RolledOats,,VFX,VFX,,,Item
VFX.OatFlour,,VFX,VFX,,,Item
Base.Acorn,,Base,Base,,,Item
VFX.AcornFlour,,VFX,VFX,,,Item
Base.mapper:FlourType,,Base,Base,,,Item
Base.SugarBeet,,Base,Base,,,Item
VFX.SugarBeetSugar,,VFX,VFX,,,Item
Base.mapper:FruitType,,Base,Base,,,Item
Base.mapper:ButterType,,Base,Base,,,Item
Base.Bread,,Base,Base,,,Item
Base.BreadDough,,Base,Base,,,Item
1:Base.CannedTomato_Open,,1:Base,1:Base,,,Item
Base.VFXHomemadeSauceTomato,,Base,Base,,,Item
Base.VFXHomemadeSauceOil,,Base,Base,,,Item
Base.VFXHomemadeSauceCream,,Base,Base,,,Item
2:Base.BouillonCube,,2:Base,2:Base,,,Item
Base.VFXHomemadeSauceStock,,Base,Base,,,Item
Base.Vinegar_Jug,,Base,Base,,,Item
Base.VFXHomemadeSauceVinegar,,Base,Base,,,Item
Base.PizzaRecipe,,Base,Base,,,Item
Base.mapper:FoodType,,Base,Base,,,Item
VFX.DumplingWrappers,,VFX,VFX,,,Item
VFX.HomemadeMeatDumpling,,VFX,VFX,,,Item
VFX.HomemadePotatoPancakes,,VFX,VFX,,,Item
VFX.VinegarStarterFermenting,,VFX,VFX,,,Item
VFX.HomemadeVinegarFermentingYeast,,VFX,VFX,,,Item
VFX.HomemadeVinegarFermentingAlcohol,,VFX,VFX,,,Item
Base.BarleySheafDried,,Base,Base,,,Item
Base.Hops,,Base,Base,,,Item
VFX.HomemadeBeerPreparationFermenting,,VFX,VFX,,,Item
VFX.HomemadeBeerPreparation,,VFX,VFX,,,Item
Base.Funnel,,Base,Base,,,Item
VFX.BottleHomemadeBeerUnsealed,,VFX,VFX,,,Item
VFX.BottleHomemadeBeerFermenting,,VFX,VFX,,,Item
3:Base.Apple,,3:Base,3:Base,,,Item
VFX.HomemadeWinePreparationFermenting,,VFX,VFX,,,Item
VFX.HomemadeWinePreparation,,VFX,VFX,,,Item
VFX.BottleHomemadeWine,,VFX,VFX,,,Item
VFX.YeastStarterFermenting,,VFX,VFX,,,Item
VFX.YeastStarterUnfed,,VFX,VFX,,,Item
Base.mapper:meatType,,Base,Base,,,Item
VFX.ChickenThighs,,VFX,VFX,,,Item
VFX.ChickenDrumsticks,,VFX,VFX,,,Item
Base.SaucepanCopper,,Base,Base,,,Item
Base.PotForged,,Base,Base,,,Item
VFX.StarterBoxVariety,,VFX,VFX,,,Item
VFX.StarterBasic,,VFX,VFX,,,Item
VFX.StarterSwiss,,VFX,VFX,,,Item
VFX.StarterFrench,,VFX,VFX,,,Item
VFX.StarterParmesan,,VFX,VFX,,,Item
VFX.StarterMozzarella,,VFX,VFX,,,Item
VFX.StarterBlue,,VFX,VFX,,,Item
Base.mapper:kitType,,Base,Base,,,Item
Base.mapper:kitType2,,Base,Base,,,Item
Base.PlasticKnife,,Base,Base,,,Item
Base.PlasticSpoon,,Base,Base,,,Item
VFX.CheeseKitItalian,,VFX,VFX,,,Item
VFX.CheeseKitBlue,,VFX,VFX,,,Item
Base.CheeseCloth,,Base,Base,,,Item
VFX.CheeseKitMaster,,VFX,VFX,,,Item
Base.mapper:CanType,,Base,Base,,,Item
VFX.FoodStorageContainer,,VFX,VFX,,,Item
Base.mapper:EvolvedRecipe,,Base,Base,,,Item
TheyKnew.Zomboxolone,,TheyKnew,TheyKnew,,,Item
TheyKnew.ZomboxolonePill,,TheyKnew,TheyKnew,,,Item
TheyKnew.Zomboxycycline,,TheyKnew,TheyKnew,,,Item
TheyKnew.ZomboxycyclinePill,,TheyKnew,TheyKnew,,,Item
LS.Bag_LegendarySatchel_Grey,传奇挎包 (灰色),LS,LS,,,Item
LS.Bag_LegendarySatchel_Green,传奇挎包 (绿色),LS,LS,,,Item
LS.Bag_LegendarySatchel_Brown,传奇挎包 (棕色),LS,LS,,,Item
LS.Bag_LegendarySatchel_Black,传奇挎包 (黑色),LS,LS,,,Item
LS.Bag_LegendarySatchel_Pink,传奇挎包 (粉色),LS,LS,,,Item
LS.Bag_LegendarySatchel_Orange,,LS,LS,,,Item
LS.Bag_LegendarySatchel_Purple,,LS,LS,,,Item
LS.Bag_LegendarySatchel_Blue,,LS,LS,,,Item
LS.Bag_LegendarySatchel_Red,,LS,LS,,,Item
LS.Bag_LegendarySatchel_White,,LS,LS,,,Item
LS.Bag_LegendarySatchel_Yellow,,LS,LS,,,Item
Base.Torch,,Base,Base,,,Item
Base.Result:Torch001,,Base,Base,,,Item
OnTest:Recipe_9zt.OnTest.TorchBatterySyncer,,OnTest:Recipe_9zt,OnTest:Recipe_9zt,,,Item
OnCreate:Recipe_9zt.OnCreate.TorchBatterySyncer,,OnCreate:Recipe_9zt,OnCreate:Recipe_9zt,,,Item
Base.Result:HandTorch001,,Base,Base,,,Item
Base.Torch001,,Base,Base,,,Item
Base.Result:Torch,,Base,Base,,,Item
Base.HandTorch001,,Base,Base,,,Item
Base.Result:HandTorch,,Base,Base,,,Item
Base.Sparklers,,Base,Base,,,Item
Base.Sparkler,,Base,Base,,,Item
SPF.SpiffoBox,斯皮福盒子,SPF,SPF,,,Item
SPF.SpiffoBoxEmpty,斯皮福盒子(空),SPF,SPF,,,Item
SPF.RippedSpiffo,破损斯皮福,SPF,SPF,,,Item
Base.Spiffo,,Base,Base,,,Item
Base.85pontiacParisienneEngineDoor1,,Base,Base,,,Item
Base.85pontiacParisienneTrunkDoor1,,Base,Base,,,Item
Base.85pontiacParisienneSeatFront1,,Base,Base,,,Item
Base.85pontiacParisienneSeatRear1,,Base,Base,,,Item
Base.85pontiacParisienneBumperFront0,,Base,Base,,,Item
Base.85pontiacParisienneBumperFrontA,,Base,Base,,,Item
Base.85pontiacParisienneBumperRear0,,Base,Base,,,Item
Base.93fordCF8000Tire2,,Base,Base,,,Item
Base.93fordCF8000DoubleTires2,,Base,Base,,,Item
Base.93fordCF8000EngineDoor2,,Base,Base,,,Item
Base.93fordCF8000Door2,,Base,Base,,,Item
Base.93fordCF8000Seat2,,Base,Base,,,Item
Base.93fordCF8000Windshield2,,Base,Base,,,Item
Base.93fordCF8000SideWindow2,,Base,Base,,,Item
Base.93fordCF8000RearWindshield2,,Base,Base,,,Item
Base.93fordCF8000Muffler0,,Base,Base,,,Item
Base.93fordCF8000Brushes,,Base,Base,,,Item
Base.93fordCF8000WindshieldArmor,,Base,Base,,,Item
Base.93fordCF8000FrontWindowArmor,,Base,Base,,,Item
Base.93fordCF8000WindshieldRearArmor,,Base,Base,,,Item
Base.93fordCF8000Bumper0,,Base,Base,,,Item
Base.93fordCF8000BumperA,,Base,Base,,,Item
Base.88ChevyS10EngineDoor2,,Base,Base,,,Item
Base.88ChevyS10CarFrontDoor2,,Base,Base,,,Item
Base.88ChevyS10TrunkDoor2,,Base,Base,,,Item
Base.88ChevyS10TrunkDoorTop2,,Base,Base,,,Item
Base.88ChevyS10Windshield2,,Base,Base,,,Item
Base.88ChevyS10WindowSide2,,Base,Base,,,Item
Base.88ChevyS10WindshieldRear2,,Base,Base,,,Item
Base.88ChevyS10BumperFront,,Base,Base,,,Item
Base.88ChevyS10BumperRear,,Base,Base,,,Item
Base.88ChevyS10BullbarFront,,Base,Base,,,Item
Base.88ChevyS10BedCover,,Base,Base,,,Item
Base.Spoon,,Base,Base,,,Item
Base.PotOfMashedPotatoes=1,,Base,Base,,,Item
Base.Result:MashedPotatoes,,Base,Base,,,Item
Base.Sound:SliceBread,,Base,Base,,,Item
Base.UnusableMetal=6,,Base,Base,,,Item
Base.ScrapMetal=50,,Base,Base,,,Item
Base.Handle=5,,Base,Base,,,Item
Base.Result:Sledgehammer2,,Base,Base,,,Item
Base.SkillRequired:Woodwork=8;MetalWelding=8,,Base,Base,,,Item
Base.Result:WoodAxe,,Base,Base,,,Item
Base.SkillRequired:MetalWelding=8;Woodwork=8,,Base,Base,,,Item
Base.UnusableMetal=2,,Base,Base,,,Item
Base.Handle=2,,Base,Base,,,Item
Base.Result:HandAxe,,Base,Base,,,Item
Base.SkillRequired:MetalWelding=6;Woodwork=4,,Base,Base,,,Item
Base.Result:BaseballBat1,,Base,Base,,,Item
Base.SkillRequired:Woodwork=3,,Base,Base,,,Item
Base.UnusableMetal=4,,Base,Base,,,Item
Base.Result:RoastingPan,,Base,Base,,,Item
Base.44Clip/45Clip/9mmClip=5,,Base,Base,,,Item
Base.Category:SuArmy,,Base,Base,,,Item
Base.Sound:BoxOfShellsOpenOne,,Base,Base,,,Item
Base.GunParts,,Base,Base,,,Item
Base.308Clip/556Clip/M14Clip=3,,Base,Base,,,Item
Base.Twigs,,Base,Base,,,Item
Base.TreeBranch=4,,Base,Base,,,Item
Base.Result:Pinecone,,Base,Base,,,Item
Base.Category:SuMaterial,,Base,Base,,,Item
Base.Category:AutoParts,,Base,Base,,,Item
Base.E150Tire2,,Base,Base,,,Item
Base.E150EngineDoor2,,Base,Base,,,Item
Base.E150CarFrontDoor2,,Base,Base,,,Item
Base.E150CarSlideDoor2,,Base,Base,,,Item
Base.E150CarSlideDoorWin2,,Base,Base,,,Item
Base.E150TrunkDoor2,,Base,Base,,,Item
Base.E150CarSeat2,,Base,Base,,,Item
Base.E150Windshield2,,Base,Base,,,Item
Base.E150SideWindow2,,Base,Base,,,Item
Base.E150RearSideWindow2,,Base,Base,,,Item
Base.E150RearWindshield2,,Base,Base,,,Item
Base.E150WindshieldArmor,,Base,Base,,,Item
Base.E150DoorArmor,,Base,Base,,,Item
Base.E150WindowRearArmor,,Base,Base,,,Item
Base.E150WindshieldRearArmor,,Base,Base,,,Item
Base.E150FrontBumper2,,Base,Base,,,Item
Base.E150FrontBullbar2,,Base,Base,,,Item
Base.E150FrontBumperWithBullbar2,,Base,Base,,,Item
Base.E150RearBumper2,,Base,Base,,,Item
Base.E150Roofrack2,,Base,Base,,,Item
vacsdrinks.7up,,vacsdrinks,vacsdrinks,,,Item
Base.ImprovisedSilencer,,Base,Base,,,Item
Base.PopBottle,,Base,Base,,,Item
Base.Silencer_PopBottle,,Base,Base,,,Item
Base.MP5,MP5,Base,Base,,,Item
Base.mapper:shotgunType,,Base,Base,,,Item
Base.GunToolKit,,Base,Base,,,Item
Base.RIS,,Base,Base,,,Item
Base.mapper:scopeType,,Base,Base,,,Item
Base.mapper:stockType,,Base,Base,,,Item
Base.223Bullets,.223子弹,Base,Base,,,Item
Base.223Box,.223子弹(盒装),Base,Base,,,Item
Base.308Box,.308子弹(盒装),Base,Base,,,Item
Base.762x51Bullets,,Base,Base,,,Item
Base.762x51Box,,Base,Base,,,Item
Base.762x39Bullets,7.62x39子弹,Base,Base,,,Item
Base.762x39Box,7.62x39子弹(盒装),Base,Base,,,Item
Base.Bullets10mm,,Base,Base,,,Item
Base.Bullets10mmBox,,Base,Base,,,Item
Base.Bullets22,,Base,Base,,,Item
Base.Bullets22Box,,Base,Base,,,Item
Base.Bullets45Box,.45 ACP子弹(盒装),Base,Base,,,Item
Base.Bullets38,.38 Special子弹,Base,Base,,,Item
Base.Bullets38Box,.38 Special子弹(盒装),Base,Base,,,Item
Base.Bullets357,,Base,Base,,,Item
Base.Bullets357Box,,Base,Base,,,Item
Base.Bullets4440,,Base,Base,,,Item
Base.Bullets4440Box,,Base,Base,,,Item
Base.Bullets3006,,Base,Base,,,Item
Base.Bullets3006Box,,Base,Base,,,Item
Base.Bullets10mmCarton,,Base,Base,,,Item
Base.Bullets4440Carton,,Base,Base,,,Item
Base.Bullets357Carton,,Base,Base,,,Item
Base.762x51BulletsCarton,,Base,Base,,,Item
Base.762x39BulletsCarton,,Base,Base,,,Item
Base.Bullets22Carton,,Base,Base,,,Item
Base.Bullets3006Carton,,Base,Base,,,Item
Base.IsoContainerDoubleTrunkDoor2,,Base,Base,,,Item
Base.IsoContainerTankerTrunkDoor2,,Base,Base,,,Item
Base.89defenderTire2,,Base,Base,,,Item
Base.89defenderDakarTire2,,Base,Base,,,Item
Base.89defenderMilitaryTire2,,Base,Base,,,Item
Base.89defenderEngineDoor2,,Base,Base,,,Item
Base.89defenderFrontDoor2,,Base,Base,,,Item
Base.89defenderWolfFrontDoor2,,Base,Base,,,Item
Base.89defenderRearDoor2,,Base,Base,,,Item
Base.89defenderTrunkDoor2,,Base,Base,,,Item
Base.89defenderTrunkLid2,,Base,Base,,,Item
Base.89defenderStorageLid2,,Base,Base,,,Item
Base.89defenderSeatFront2,,Base,Base,,,Item
Base.89defenderSeatRear2,,Base,Base,,,Item
Base.89defenderWindshield2,,Base,Base,,,Item
Base.89defenderFrontSideWindow2,,Base,Base,,,Item
Base.89defenderWolfFrontSideWindow2,,Base,Base,,,Item
Base.89defenderRearSideWindow2,,Base,Base,,,Item
Base.89defenderBackSideWindow2,,Base,Base,,,Item
Base.89defenderWindshieldRear2,,Base,Base,,,Item
Base.89defender130WindshieldRear2,,Base,Base,,,Item
Base.89defenderWindshieldArmor,,Base,Base,,,Item
Base.89defenderFrontWindowArmor,,Base,Base,,,Item
Base.89defenderRearWindowArmor,,Base,Base,,,Item
Base.89defenderBackWindowArmor,,Base,Base,,,Item
Base.89defenderWindshieldRearArmor,,Base,Base,,,Item
Base.89defenderBumperFront0,,Base,Base,,,Item
Base.89defenderBullbarFrontA,,Base,Base,,,Item
Base.89defenderBumperRear0,,Base,Base,,,Item
Base.89defender130Bumperettes0,,Base,Base,,,Item
Base.89defenderWolfBumperettes0,,Base,Base,,,Item
Base.89defenderRoofrackM2,,Base,Base,,,Item
Base.89defenderRollbarWithToolbox2,,Base,Base,,,Item
Base.89defenderTarpCover2,,Base,Base,,,Item
Base.89defenderHardCover2,,Base,Base,,,Item
Base.89defenderSidestepsShort2,,Base,Base,,,Item
Base.89defenderSidestepsLong2,,Base,Base,,,Item
Base.89defenderMudflaps2,,Base,Base,,,Item
Base.89defenderWolfRollcage2,,Base,Base,,,Item
Base.89defenderWolfTarpCover2,,Base,Base,,,Item
Base.89defenderWolfHardCover2,,Base,Base,,,Item
Base.89defenderWolfGuards2,,Base,Base,,,Item
Base.Journal,,Base,Base,,,Item
BurdJournals.FilledSurvivalJournal,Dolu Hayatta Kalma Günlüğü,BurdJournals,BurdJournals,,,Item
Base.Eraser,,Base,Base,,,Item
BurdJournals.BlankSurvivalJournal,Boş Hayatta Kalma Günlüğü,BurdJournals,BurdJournals,,,Item
BurdJournals.FilledSurvivalJournal_Worn,Yıpranmış Dolu Günlük,BurdJournals,BurdJournals,,,Item
Base.RippedSheets=1,,Base,Base,,,Item
Base.Thread=1,,Base,Base,,,Item
Base.Result:Notebook,,Base,Base,,,Item
Base.Category:Miscellaneous,,Base,Base,,,Item
Base.OnTest:BurdJournals_CanCraftVanillaJournalItems,,Base,Base,,,Item
Base.SheetPaper2=2,,Base,Base,,,Item
Base.LeatherStrips=2,,Base,Base,,,Item
Base.DuctTape/Scotchtape/Glue=1,,Base,Base,,,Item
Base.Result:Journal,,Base,Base,,,Item
Result:BurdJournals.BlankSurvivalJournal,,Result:BurdJournals,Result:BurdJournals,,,Item
Base.OnTest:BurdJournals_CanCraftPlayerJournal,,Base,Base,,,Item
Base.OnCreate:BurdJournals_OnCreateBlankClean,,Base,Base,,,Item
Base.Journal/Notebook,,Base,Base,,,Item
Base.LeatherStrips/RippedSheets/RippedSheetsDirty/DenimStrips=3,,Base,Base,,,Item
Base.SkillRequired:Tailoring=1,,Base,Base,,,Item
Base.LeatherStrips/RippedSheets/RippedSheetsDirty/DenimStrips=10,,Base,Base,,,Item
BurdJournals.FilledSurvivalJournal_Worn/BurdJournals.FilledSurvivalJournal_Bloody/BurdJournals.CursedJournal/BurdJournals.YuletideJournal,,BurdJournals,BurdJournals,,,Item
Base.LeatherStrips/RippedSheets/RippedSheetsDirty/DenimStrips=1,,Base,Base,,,Item
Base.OnTest:BurdJournals_CanCraftRestorableJournal,,Base,Base,,,Item
Base.LeatherStrips/RippedSheets/RippedSheetsDirty/DenimStrips=5,,Base,Base,,,Item
Base.81deloreanDMC12Tire3,,Base,Base,,,Item
Base.81deloreanDMC12EngineDoor3,,Base,Base,,,Item
Base.81deloreanDMC12FrontDoor3,,Base,Base,,,Item
Base.81deloreanDMC12TrunkDoor3,,Base,Base,,,Item
Base.81deloreanDMC12SeatFront3,,Base,Base,,,Item
Base.81deloreanDMC12Windshield3,,Base,Base,,,Item
Base.81deloreanDMC12FrontSideWindow3,,Base,Base,,,Item
Base.81deloreanDMC12RearSideWindow3,,Base,Base,,,Item
Base.81deloreanDMC12RearWindshield3,,Base,Base,,,Item
Base.81deloreanDMC12WindshieldArmor,,Base,Base,,,Item
Base.81deloreanDMC12FrontWindowArmor,,Base,Base,,,Item
Base.81deloreanDMC12RearWindowArmor,,Base,Base,,,Item
Base.81deloreanDMC12Bullbar,,Base,Base,,,Item
Base.81deloreanDMC12BumperFront,,Base,Base,,,Item
Base.81deloreanDMC12BumperFrontA,,Base,Base,,,Item
Base.85chevyCapriceEngineDoor1,,Base,Base,,,Item
Base.85chevyCapriceTrunkDoor1,,Base,Base,,,Item
Base.85chevyCapriceSeatFront1,,Base,Base,,,Item
Base.85chevyCapriceSeatRear1,,Base,Base,,,Item
Base.85chevyCapriceBumperFront0,,Base,Base,,,Item
Base.85chevyCapriceBumperFrontA,,Base,Base,,,Item
Base.85chevyCapriceBumperRear0,,Base,Base,,,Item
damnCraft.SteelTire1,,damnCraft,damnCraft,,,Item
Base.85chevyCapriceBumperFrontB,,Base,Base,,,Item
Base.85chevyCapriceBumperRearB,,Base,Base,,,Item
Base.87fordB700Tire2,,Base,Base,,,Item
Base.87fordB700DoubleTires2,,Base,Base,,,Item
Base.87fordB700EngineDoor2,,Base,Base,,,Item
Base.87fordB700DoubleDoors2,,Base,Base,,,Item
Base.87fordB700RearDoor2,,Base,Base,,,Item
Base.87fordF700FrontDoor2,,Base,Base,,,Item
Base.87fordF700ArmoredFrontDoor2,,Base,Base,,,Item
Base.87fordF700ArmoredRearDoor2,,Base,Base,,,Item
Base.87fordB700StorageLid2,,Base,Base,,,Item
Base.87fordF700StorageLid2,,Base,Base,,,Item
Base.87fordF700RollTrunkDoor2,,Base,Base,,,Item
Base.87fordF700ArmoredTrunkDoor2,,Base,Base,,,Item
Base.87fordB700Seat2,,Base,Base,,,Item
Base.87fordF700Seat2,,Base,Base,,,Item
Base.87fordB700StopSign2,,Base,Base,,,Item
Base.87fordB700Windshield2,,Base,Base,,,Item
Base.87fordB700SideWindow2,,Base,Base,,,Item
Base.87fordB700SideWindows2,,Base,Base,,,Item
Base.87fordF700FrontSideWindow2,,Base,Base,,,Item
Base.87fordF700WindshieldRear2,,Base,Base,,,Item
Base.87fordF700ArmoredWindshield2,,Base,Base,,,Item
Base.87fordF700ArmoredFrontSideWindow2,,Base,Base,,,Item
Base.87fordF700ArmoredRearSideWindow2,,Base,Base,,,Item
Base.87fordF700ArmoredSmallWindow2,,Base,Base,,,Item
Base.87fordF700ArmoredWindshieldRear2,,Base,Base,,,Item
Base.87fordB700WindshieldArmor,,Base,Base,,,Item
Base.87fordB700SideArmor,,Base,Base,,,Item
Base.87fordB700LargeSideArmor,,Base,Base,,,Item
Base.87fordB700DoubleDoorArmor,,Base,Base,,,Item
Base.87fordB700RearArmor,,Base,Base,,,Item
Base.87fordF700WindshieldArmor,,Base,Base,,,Item
Base.87fordF700WindowFrontArmor,,Base,Base,,,Item
Base.87fordB700BumperFront0,,Base,Base,,,Item
Base.87fordB700BumperFrontA,,Base,Base,,,Item
Base.87fordB700BullbarFrontA,,Base,Base,,,Item
Base.87fordB700BumperRear0,,Base,Base,,,Item
Base.87fordF700BumperFront0,,Base,Base,,,Item
Base.87fordF700BullbarFrontA,,Base,Base,,,Item
Base.87fordF700BumperRear0,,Base,Base,,,Item
Base.87fordF700BumperRear1,,Base,Base,,,Item
Base.87fordB700Roofrack2,,Base,Base,,,Item
Base.87fordF700MudflapsSmall2,,Base,Base,,,Item
Base.87fordF700MudflapsLarge2,,Base,Base,,,Item
Base.87fordF700GasTank2,,Base,Base,,,Item
Base.04vwTouranTire1,,Base,Base,,,Item
Base.04vwTouranEngineDoor1,,Base,Base,,,Item
Base.04vwTouranFrontDoor1,,Base,Base,,,Item
Base.04vwTouranRearDoor1,,Base,Base,,,Item
Base.04vwTouranTrunkDoor1,,Base,Base,,,Item
Base.04vwTouranFrontSeat1,,Base,Base,,,Item
Base.04vwTouranRearSeat1,,Base,Base,,,Item
Base.04vwTouranWindshield1,,Base,Base,,,Item
Base.04vwTouranFrontSideWindow1,,Base,Base,,,Item
Base.04vwTouranRearSideWindow1,,Base,Base,,,Item
Base.04vwTouranBackSideWindow1,,Base,Base,,,Item
Base.04vwTouranWindshieldRear1,,Base,Base,,,Item
Base.04vwTouranWindshieldArmor,,Base,Base,,,Item
Base.04vwTouranFrontWindowArmor,,Base,Base,,,Item
Base.04vwTouranRearWindowArmor,,Base,Base,,,Item
Base.04vwTouranBackWindowArmor,,Base,Base,,,Item
Base.04vwTouranWindshieldRearArmor,,Base,Base,,,Item
Base.04vwTouranBullbarFrontA,,Base,Base,,,Item
Base.04vwTouranBumperFront0,,Base,Base,,,Item
Base.04vwTouranBumperFrontA,,Base,Base,,,Item
Base.pzkTruckTarp2,,Base,Base,,,Item
Base.pzkTruckSideWoodboards2,,Base,Base,,,Item
Base.KI5trailersTrunkDoor2,,Base,Base,,,Item
Base.KI5trailersMudflaps2,,Base,Base,,,Item
Base.KI5trailersToolBox2,,Base,Base,,,Item
Base.KI5trailersTarp2,,Base,Base,,,Item
Base.KI5trailersRollDoor2,,Base,Base,,,Item
Base.KI5trailersSplitDoors2,,Base,Base,,,Item
Base.KI5trailersDoor2,,Base,Base,,,Item
Base.KI5trailersSideFlaresLarge2,,Base,Base,,,Item
Base.KI5trailersSideFlaresMedium2,,Base,Base,,,Item
Base.KI5trailersSideFlaresSmall2,,Base,Base,,,Item
Base.KI5trailersSplitDoorsRamp2,,Base,Base,,,Item
Base.mapper:foodType,,Base,Base,,,Item
Base.mapper:veggieType,,Base,Base,,,Item
Base.99fordCVPIEngineDoor1,,Base,Base,,,Item
Base.99fordCVPIFrontDoor1,,Base,Base,,,Item
Base.99fordCVPIRearDoor1,,Base,Base,,,Item
Base.99fordCVPITrunkDoor1,,Base,Base,,,Item
Base.99fordCVPISeatFront1,,Base,Base,,,Item
Base.99fordCVPISeatRear1,,Base,Base,,,Item
Base.99fordCVPIWindshield1,,Base,Base,,,Item
Base.99fordCVPIFrontSideWindow1,,Base,Base,,,Item
Base.99fordCVPIRearSideWindow1,,Base,Base,,,Item
Base.99fordCVPIRearWindshield1,,Base,Base,,,Item
Base.99fordCVPIBumperFront0,,Base,Base,,,Item
Base.99fordCVPIBumperFront1,,Base,Base,,,Item
Base.99fordCVPICabBarrier1,,Base,Base,,,Item
LF.Bag_FannypackFront_Legendary_Grey,,LF,LF,,,Item
LF.Bag_FannypackFront_Legendary_Green,,LF,LF,,,Item
LF.Bag_FannypackFront_Legendary_Brown,,LF,LF,,,Item
LF.Bag_FannypackFront_Legendary_Black,,LF,LF,,,Item
LF.Bag_FannypackFront_Legendary_Pink,,LF,LF,,,Item
LF.Bag_FannypackFront_Legendary_Orange,,LF,LF,,,Item
LF.Bag_FannypackFront_Legendary_Purple,,LF,LF,,,Item
LF.Bag_FannypackFront_Legendary_Blue,,LF,LF,,,Item
LF.Bag_FannypackFront_Legendary_Red,,LF,LF,,,Item
LF.Bag_FannypackFront_Legendary_White,,LF,LF,,,Item
LF.Bag_FannypackFront_Legendary_Yellow,,LF,LF,,,Item
Base.Money,,Base,Base,,,Item
ExtraCraft.KeyRing_ProduktFrosch,,ExtraCraft,ExtraCraft,,,Item
Base.87chevySuburbanTire2,,Base,Base,,,Item
Base.87chevySuburbanEngineDoor2,,Base,Base,,,Item
Base.87chevySuburbanTrunkDoor2,,Base,Base,,,Item
Base.87chevySuburbanSeatFront2,,Base,Base,,,Item
Base.87chevySuburbanSeatRear2,,Base,Base,,,Item
Base.87chevySuburbanWindshieldArmor,,Base,Base,,,Item
Base.87chevySuburbanFrontWindowArmor,,Base,Base,,,Item
Base.87chevySuburbanRearWindowArmor,,Base,Base,,,Item
Base.87chevySuburbanBackWindowArmor,,Base,Base,,,Item
Base.87chevySuburbanWindshieldRearArmor,,Base,Base,,,Item
Base.87chevySuburbanRoofrack2,,Base,Base,,,Item
Base.87chevySuburbanSideStorage2,,Base,Base,,,Item
Base.DW108_andaoquan,,Base,Base,,,Item
Base.Result 		: DW108_andaoquan,,Base,Base,,,Item
Base.RemoveResultItem 		: true,,Base,Base,,,Item
Time 		: 100.0,,Time 		: 100,Time 		: 100,,,Item
Base.AnimNode    : Craft,,Base,Base,,,Item
Base.Category 		: WaterMargin,,Base,Base,,,Item
OnCreate 		: Recipe.OnCreate.andaoquan,,OnCreate 		: Recipe,OnCreate 		: Recipe,,,Item
Base.IsHidden:true,,Base,Base,,,Item
Base.PepperJalapeno,,Base,Base,,,Item
Base.ChiliFlakes,辣椒碎,Base,Base,,,Item
Base.JalapenoSeed,,Base,Base,,,Item
Base.ChiliPowder,辣椒粉,Base,Base,,,Item
Base.Belt3,皮带＋1,Base,Base,,,Item
Base.556Clip,5.56弹匣,Base,Base,,,Item
Base.WHITE_FANG_465_Clip,,Base,Base,,,Item
Base.Sincerity_Clip,,Base,Base,,,Item
Base.M14Clip,M14 弹匣,Base,Base,,,Item
Base.Small_Machine_Gun_V_Clip,,Base,Base,,,Item
Base.Base.9mmClip,,Base,Base,,,Item
Base.Common_Sense_Clip,,Base,Base,,,Item
Base.Nails=12,,Base,Base,,,Item
Base.Result:FRBedSideBoards,,Base,Base,,,Item
Base.Category:Carpentry,,Base,Base,,,Item
Base.ClassicTire2/OldTire2/NormalTire2/ModernTire2,,Base,Base,,,Item
Base.Result:MakeshiftTireMutt_mil,,Base,Base,,,Item
Base.OldOffroadTire/NormalOffroadTire/PerformanceOffroadTire,,Base,Base,,,Item
Base.Result:MakeshiftHmmwv_mil,,Base,Base,,,Item
Base.OldHeavyDutyTire/NormalHeavyDutyTire/ModernHeavyDutyTire,,Base,Base,,,Item
Base.Result:MakeshiftTireDeuce_mil,,Base,Base,,,Item
Base.SheetRope,,Base,Base,,,Item
BasementBuilder.BasementStarterKit,,BasementBuilder,BasementBuilder,,,Item
Base.89BroncoTrunkDoor2,,Base,Base,,,Item
Base.89BroncoWindowSideRear2,,Base,Base,,,Item
Base.89BroncoWindshieldRear2,,Base,Base,,,Item
Base.89BroncoBumperFront,,Base,Base,,,Item
Base.89BroncoBumperRear,,Base,Base,,,Item
Base.89BroncoBullbarFront,,Base,Base,,,Item
Base.89BroncoBedCover,,Base,Base,,,Item
Base.89BroncoBarrier,,Base,Base,,,Item
Base.84gmCbodyFrontDoor1,,Base,Base,,,Item
Base.84gmCbodyRearDoor1,,Base,Base,,,Item
Base.84gmCbodyWindshield1,,Base,Base,,,Item
Base.84gmCbodyFrontSideWindow1,,Base,Base,,,Item
Base.84gmCbodyRearSideWindow1,,Base,Base,,,Item
Base.84gmCbodyCoupeRearSideWindow1,,Base,Base,,,Item
Base.84gmCbodyRearWindshield1,,Base,Base,,,Item
Base.80sPickupRoofrackA,,Base,Base,,,Item
Base.80sPickupSeatFront2,,Base,Base,,,Item
Base.80sPickupSeatRear2,,Base,Base,,,Item
Base.80sPickupWindshieldArmor,,Base,Base,,,Item
Base.80sPickupWindowFrontArmor,,Base,Base,,,Item
Base.80sPickupWindowRearArmor,,Base,Base,,,Item
Base.80sPickupBullbarRear,,Base,Base,,,Item
Base.80sPickupRollbarA,,Base,Base,,,Item
Base.80sPickupRollbarB,,Base,Base,,,Item
Base.86chevyCUCVTire1,,Base,Base,,,Item
Base.86chevyCUCVTire2,,Base,Base,,,Item
Base.86chevyCUCVDoubleTires2,,Base,Base,,,Item
Base.86chevyCUCVBullbarFrontA,,Base,Base,,,Item
Base.3rdGenChevyCKseriesFrontDoor2,,Base,Base,,,Item
Base.3rdGenChevyCKseriesRearDoor2,,Base,Base,,,Item
Base.3rdGenChevyCKseriesWindshield2,,Base,Base,,,Item
Base.3rdGenChevyCKseriesFrontSideWindow2,,Base,Base,,,Item
Base.3rdGenChevyCKseriesRearSideWindow2,,Base,Base,,,Item
Base.3rdGenChevyCKseriesRearWindshield2,,Base,Base,,,Item
Base.3rdGenChevyCKseriesSideSteps2,,Base,Base,,,Item
Base.3rdGenChevyCKseriesSunVisor2,,Base,Base,,,Item
Base.8thGenFordFseriesFrontDoor2,,Base,Base,,,Item
Base.8thGenFordFseriesEngineDoor2,,Base,Base,,,Item
Base.8thGenFordFseriesSeatFront2,,Base,Base,,,Item
Base.8thGenFordFseriesWindshield2,,Base,Base,,,Item
Base.8thGenFordFseriesWindowFrontSide2,,Base,Base,,,Item
Base.utilityBoxBumperRear2,,Base,Base,,,Item
Base.utilityBoxTrunkDoor2,,Base,Base,,,Item
Base.utilityBoxStorageLids2,,Base,Base,,,Item
Base.utilityBoxWindshieldRearArmor,,Base,Base,,,Item
Base.85gmBbodyTire0,,Base,Base,,,Item
Base.85gmBbodyTire1,,Base,Base,,,Item
Base.85gmBbodyTire2,,Base,Base,,,Item
Base.85gmBbodyTire3,,Base,Base,,,Item
Base.85gmBbodyTire4,,Base,Base,,,Item
Base.85gmBbodyTire5,,Base,Base,,,Item
Base.85gmBbodyTire5b,,Base,Base,,,Item
Base.85gmBbodyTire6,,Base,Base,,,Item
Base.85gmBbodyTire7,,Base,Base,,,Item
Base.85gmBbodyFrontDoor1,,Base,Base,,,Item
Base.85gmBbodyRearDoor1,,Base,Base,,,Item
Base.85gmBbodyWindshield1,,Base,Base,,,Item
Base.85gmBbodyFrontSideWindow1,,Base,Base,,,Item
Base.85gmBbodyRearSideWindow1,,Base,Base,,,Item
Base.85gmBbodyCoupeRearSideWindow1,,Base,Base,,,Item
Base.85gmBbodyWagonBackSideWindow1,,Base,Base,,,Item
Base.85gmBbodyRearWindshield1,,Base,Base,,,Item
Base.85gmBbodyWagonRearWindshield1,,Base,Base,,,Item
Base.85gmBbodyWindshieldArmorM,,Base,Base,,,Item
Base.85gmBbodyFrontWindowArmorM,,Base,Base,,,Item
Base.85gmBbodyRearWindowArmorM,,Base,Base,,,Item
Base.85gmBbodyWagonBackWindowArmorM,,Base,Base,,,Item
Base.85gmBbodyWindshieldRearArmorM,,Base,Base,,,Item
Base.85gmBbodyWindshieldArmorW,,Base,Base,,,Item
Base.85gmBbodyFrontWindowArmorW,,Base,Base,,,Item
Base.85gmBbodyRearWindowArmorW,,Base,Base,,,Item
Base.85gmBbodyWagonBackWindowArmorW,,Base,Base,,,Item
Base.85gmBbodyWindshieldRearArmorW,,Base,Base,,,Item
Base.85gmBbodyRoofrack1,,Base,Base,,,Item
Base.85gmBbodyWagonRoofRails1,,Base,Base,,,Item
Base.85gmBbodyWagonRoofrack1,,Base,Base,,,Item
Base.85gmBbodyWagonTrunkDoor1,,Base,Base,,,Item
Base.85gmBbodyWagonBumperRear1,,Base,Base,,,Item
Base.85gmBbodyWagonBumperRear2,,Base,Base,,,Item
USMIL.Seat0,,USMIL,USMIL,,,Item
USMIL.Seat1front,,USMIL,USMIL,,,Item
USMIL.Seat1rear,,USMIL,USMIL,,,Item
USMIL.Seat2,,USMIL,USMIL,,,Item
USMIL.Crate0military,,USMIL,USMIL,,,Item
USMIL.Crate0Open,,USMIL,USMIL,,,Item
USMIL.Crate0militaryOpen,,USMIL,USMIL,,,Item
USMIL.SmallViewport0,,USMIL,USMIL,,,Item
USMIL.SmallViewportPack0,,USMIL,USMIL,,,Item
USMIL.LargeViewport0,,USMIL,USMIL,,,Item
USMIL.LargeViewportPack0,,USMIL,USMIL,,,Item
USMIL.GasCan0,,USMIL,USMIL,,,Item
USMIL.WaterCan0,,USMIL,USMIL,,,Item
damnCraft.SteelRimLarge,,damnCraft,damnCraft,,,Item
damnCraft.SmallTire1,,damnCraft,damnCraft,,,Item
damnCraft.SmallTire2,,damnCraft,damnCraft,,,Item
damnCraft.TireRepairKit,,damnCraft,damnCraft,,,Item
damnCraft.TireRepairTools,,damnCraft,damnCraft,,,Item
damnCraft.TireRepairRubberSolution,,damnCraft,damnCraft,,,Item
damnCraft.TireRepairStrips,,damnCraft,damnCraft,,,Item
damnCraft.PlasticWeldingKit,,damnCraft,damnCraft,,,Item
damnCraft.PlasticWeldingGun,,damnCraft,damnCraft,,,Item
damnCraft.PlasticWeldingStaples100Pack,,damnCraft,damnCraft,,,Item
damnCraft.TireRubberMountSmall,,damnCraft,damnCraft,,,Item
damnCraft.TireRubberMountedSmall,,damnCraft,damnCraft,,,Item
damnCraft.TireRubberMountLarge,,damnCraft,damnCraft,,,Item
damnCraft.TireRubberMountedLarge,,damnCraft,damnCraft,,,Item
damnCraft.styrofoamSheet,,damnCraft,damnCraft,,,Item
Base.FabricRoll_Cotton,,Base,Base,,,Item
damnCraft.woodenMoldBox,,damnCraft,damnCraft,,,Item
Base.BucketPlasterFull,,Base,Base,,,Item
damnCraft.genericMold,,damnCraft,damnCraft,,,Item
damnCraft.genericNegativeMold,,damnCraft,damnCraft,,,Item
damnCraft.styrofoamScraps,,damnCraft,damnCraft,,,Item
Base.TakeoutBox_Styrofoam,,Base,Base,,,Item
damnCraft.acetoneCan,,damnCraft,damnCraft,,,Item
damnCraft.BucketStyrofoamPaste,,damnCraft,damnCraft,,,Item
damnCraft.genericFilledMold,,damnCraft,damnCraft,,,Item
damnCraft.leafSuspension2,,damnCraft,damnCraft,,,Item
damnCraft.TireRubberUsedSmall,,damnCraft,damnCraft,,,Item
damnCraft.TireRubberUsedLarge,,damnCraft,damnCraft,,,Item
runFlat.LargeTire,,runFlat,runFlat,,,Item
runFlat.Large2TireAxle,,runFlat,runFlat,,,Item
runFlat.LargeDoubleTires,,runFlat,runFlat,,,Item
runFlat.Large4TireAxle,,runFlat,runFlat,,,Item
runFlat.MediumTire,,runFlat,runFlat,,,Item
runFlat.Medium4TireAxle,,runFlat,runFlat,,,Item
runFlat.SmallTire,,runFlat,runFlat,,,Item
runFlat.ModernTire,,runFlat,runFlat,,,Item
runFlat.Small4TireAxle,,runFlat,runFlat,,,Item
Base.91rangeTire2,'91揽胜轮胎,Base,Base,,,Item
Base.91rangeEngineDoor2,'91揽胜引擎盖,Base,Base,,,Item
Base.91rangeFrontDoor2,'91揽胜前车门,Base,Base,,,Item
Base.91rangeTrunkDoor2,'91揽胜后备箱盖,Base,Base,,,Item
Base.91rangeSeatFront2,'91揽胜前座椅,Base,Base,,,Item
Base.91rangeSeatRear2,'91揽胜后座椅,Base,Base,,,Item
Base.91rangeWindshield2,'91揽胜挡风玻璃,Base,Base,,,Item
Base.91rangeFrontSideWindow2,'91揽胜前侧窗,Base,Base,,,Item
Base.91rangeRearSideWindow2,'91揽胜后侧窗,Base,Base,,,Item
Base.91rangeSunRoof2,'91揽胜天窗,Base,Base,,,Item
Base.91rangeRearWindshield2,'91揽胜后挡风玻璃,Base,Base,,,Item
Base.91rangeWindshieldArmor,'91揽胜挡风玻璃装甲,Base,Base,,,Item
Base.91rangeFrontWindowArmor,'91揽胜前窗装甲,Base,Base,,,Item
Base.91rangeRearWindowArmor,'91揽胜后窗装甲,Base,Base,,,Item
Base.91rangeWindshieldRearArmor,'91揽胜后挡风玻璃装甲,Base,Base,,,Item
Base.91rangeBullbarFrontA,'91揽胜前防撞杠,Base,Base,,,Item
Base.91rangeBullbarRearA,'91揽胜后防撞杠,Base,Base,,,Item
Base.91rangeRoofrack2,'91揽胜车顶架,Base,Base,,,Item
Base.91rangeMudflaps2,'91揽胜挡泥板,Base,Base,,,Item
Base.91rangeSideSteps2,'91揽胜侧踏板,Base,Base,,,Item
ISA.DIYBattery,DIY Derin Döngü Pil,ISA,ISA,,,Item
ISA.SolarPanel,Güneş Paneli (parça),ISA,ISA,,,Item
ISA.SolarPanelFlat,Flat Solar Panel,ISA,ISA,,,Item
ISA.SolarPanelWall,Wall-Mounted Solar Panel,ISA,ISA,,,Item
ISA.SolarPanelMounted,Floor-Mounted Solar Panel,ISA,ISA,,,Item
ISA.ISAInverter,Çevirici,ISA,ISA,,,Item
ISA.PowerBank,Battery Bank,ISA,ISA,,,Item
Base.RemoteCraftedV3,,Base,Base,,,Item
ISA.SolarFailsafe,Failsafe Trigger,ISA,ISA,,,Item
Base.BeltInHand,皮带 (武器),Base,Base,,,Item
Base.96lancerEVOTire3,,Base,Base,,,Item
Base.96lancerEVOEngineDoor3,,Base,Base,,,Item
Base.96lancerEVOFrontDoor3,,Base,Base,,,Item
Base.96lancerEVORearDoor3,,Base,Base,,,Item
Base.96lancerEVOTrunkDoor3,,Base,Base,,,Item
Base.96lancerEVOFrontSeat3,,Base,Base,,,Item
Base.96lancerEVORearSeat3,,Base,Base,,,Item
Base.96lancerEVOWindshield3,,Base,Base,,,Item
Base.96lancerEVOFrontSideWindow3,,Base,Base,,,Item
Base.96lancerEVORearSideWindow3,,Base,Base,,,Item
Base.96lancerEVOWindshieldRear3,,Base,Base,,,Item
Base.96lancerEVOWindshieldArmor,,Base,Base,,,Item
Base.96lancerEVOFrontWindowArmor,,Base,Base,,,Item
Base.96lancerEVORearWindowArmor,,Base,Base,,,Item
Base.96lancerEVOWindshieldRearArmor,,Base,Base,,,Item
Base.96lancerEVOBullbarFrontA,,Base,Base,,,Item
Base.96lancerEVOBumperFront0,,Base,Base,,,Item
Base.96lancerEVOBumperFrontA,,Base,Base,,,Item
